1,"A","Agilent Technologies, Inc.","Healthcare","Diagnostics & Research","USA",34613.99,28.65,115.59,-2.73%,533936
2,"AA","Alcoa Corporation","Basic Materials","Aluminum","USA",7527.32,11.50,43.61,1.28%,3892231
3,"AAL","American Airlines Group Inc.","Industrials","Airlines","USA",9255.59,,14.60,0.87%,25443715
4,"AAP","Advance Auto Parts, Inc.","Consumer Cyclical","Specialty Retail","USA",11279.20,21.01,186.08,-1.39%,534416
5,"AAPL","Apple Inc.","Technology","Consumer Electronics","USA",2403014.30,24.41,147.43,-1.82%,57167586
6,"ABB","ABB Ltd","Industrials","Specialty Industrial Machinery","Switzerland",51833.79,11.42,27.10,0.63%,1200928
7,"ABBV","AbbVie Inc.","Healthcare","Drug Manufacturers - General","USA",265844.01,22.03,150.57,-1.99%,3971919
8,"ABEV","Ambev S.A.","Consumer Defensive","Beverages - Brewers","Brazil",43098.01,16.88,2.64,-0.38%,27810352
9,"ABM","ABM Industries Incorporated","Industrials","Specialty Business Services","USA",2815.77,19.95,42.14,-0.99%,97126
10,"ABR","Arbor Realty Trust, Inc.","Real Estate","REIT - Mortgage","USA",2167.44,7.10,14.17,2.47%,1231104
11,"ABT","Abbott Laboratories","Healthcare","Medical Devices","USA",185091.94,25.12,107.69,-1.04%,2432091
12,"ACAD","ACADIA Pharmaceuticals Inc.","Healthcare","Biotechnology","USA",2540.91,,15.15,-0.85%,608832
13,"ACC","American Campus Communities, Inc.","Real Estate","REIT - Residential","USA",9047.03,164.84,65.18,0.11%,596282
14,"ACGL","Arch Capital Group Ltd.","Financial","Insurance - Diversified","Bermuda",15953.79,9.23,43.24,0.26%,849126
15,"ACHC","Acadia Healthcare Company, Inc.","Healthcare","Medical Care Facilities","USA",6674.44,28.61,75.93,-0.11%,418163
16,"ACIW","ACI Worldwide, Inc.","Technology","Software - Infrastructure","USA",2988.02,21.79,26.65,-0.63%,167783
17,"ACM","AECOM","Industrials","Engineering & Construction","USA",8873.81,32.08,63.58,-0.59%,179195
18,"ACN","Accenture plc","Technology","Information Technology Services","Ireland",169947.08,26.34,270.44,-0.40%,1107839
19,"ADBE","Adobe Inc.","Technology","Software - Infrastructure","USA",174545.66,37.10,377.30,-0.67%,1015659
20,"ADI","Analog Devices, Inc.","Technology","Semiconductors","USA",79691.13,44.81,155.21,-1.74%,1537654
21,"ADM","Archer-Daniels-Midland Company","Consumer Defensive","Farm Products","USA",40345.92,13.29,73.03,1.43%,1151308
22,"ADNT","Adient plc","Consumer Cyclical","Auto Parts","Ireland",2648.23,3.65,28.74,0.70%,309851
23,"ADP","Automatic Data Processing, Inc.","Industrials","Staffing & Employment Services","USA",88227.99,31.62,212.36,-0.83%,576222
24,"ADSK","Autodesk, Inc.","Technology","Software - Application","USA",37145.07,79.95,176.69,0.27%,1038148
25,"ADT","ADT Inc.","Industrials","Security & Protection Services","USA",5972.57,,6.86,0.81%,624461
26,"AEG","Aegon N.V.","Financial","Insurance - Diversified","Netherlands",8321.00,5.08,4.12,2.61%,4488082
27,"AEL","American Equity Investment Life Holding Company","Financial","Insurance - Life","USA",3148.29,4.66,34.74,0.98%,293329
28,"AEM","Agnico Eagle Mines Limited","Basic Materials","Gold","Canada",19797.46,21.91,43.12,1.20%,1414050
29,"AER","AerCap Holdings N.V.","Industrials","Airports & Air Services","Ireland",9496.69,,40.82,1.95%,387548
30,"AES","The AES Corporation","Utilities","Utilities - Diversified","USA",13704.50,,20.43,0.39%,1819142
31,"AFL","Aflac Incorporated","Financial","Insurance - Life","USA",34430.37,8.91,54.40,0.17%,971431
32,"AGCO","AGCO Corporation","Industrials","Farm & Heavy Construction Machinery","USA",6727.98,7.73,92.44,0.53%,321319
33,"AGI","Alamos Gold Inc.","Basic Materials","Gold","Canada",3711.79,,7.31,3.54%,3836624
34,"AGNC","AGNC Investment Corp.","Real Estate","REIT - Mortgage","USA",5982.01,,11.66,-0.21%,5406618
35,"AIG","American International Group, Inc.","Financial","Insurance - Diversified","USA",38357.78,4.32,50.01,-0.14%,2129074
36,"AJG","Arthur J. Gallagher & Co.","Financial","Insurance Brokers","USA",34185.94,36.36,163.40,-1.41%,226915
37,"AKAM","Akamai Technologies, Inc.","Technology","Software - Infrastructure","USA",13919.27,23.78,88.80,0.44%,406044
38,"AL","Air Lease Corporation","Industrials","Rental & Leasing Services","USA",3596.35,,34.04,1.07%,194994
39,"ALB","Albemarle Corporation","Basic Materials","Specialty Chemicals","USA",23032.33,84.40,203.46,1.38%,438474
40,"ALGN","Align Technology, Inc.","Healthcare","Medical Devices","USA",19477.93,28.71,254.68,-0.08%,396490
41,"ALK","Alaska Air Group, Inc.","Industrials","Airlines","USA",5143.10,11.63,41.53,0.53%,1340715
42,"ALKS","Alkermes plc","Healthcare","Biotechnology","Ireland",4871.71,,29.62,-1.04%,1194271
43,"ALL","The Allstate Corporation","Financial","Insurance - Property & Casualty","USA",33251.18,10.93,120.30,-1.71%,803558
44,"ALLE","Allegion plc","Industrials","Security & Protection Services","Ireland",8394.28,18.64,95.70,-1.35%,276725
45,"ALLY","Ally Financial Inc.","Financial","Credit Services","USA",10705.66,4.20,34.47,0.12%,2848385
46,"ALNY","Alnylam Pharmaceuticals, Inc.","Healthcare","Biotechnology","USA",16737.30,,141.17,-2.90%,270629
47,"ALSN","Allison Transmission Holdings, Inc.","Consumer Cyclical","Auto Parts","USA",3599.32,8.56,37.19,-0.52%,231881
48,"ALV","Autoliv, Inc.","Consumer Cyclical","Auto Parts","Sweden",6300.70,18.05,75.28,1.11%,490769
49,"AM","Antero Midstream Corporation","Energy","Oil & Gas Midstream","USA",4430.26,13.56,9.59,3.51%,2886314
50,"AMAT","Applied Materials, Inc.","Technology","Semiconductor Equipment & Materials","USA",79747.80,12.61,93.30,-1.24%,3188841
51,"AMBA","Ambarella, Inc.","Technology","Semiconductor Equipment & Materials","USA",2478.48,,67.10,-1.67%,305313
52,"AMC","AMC Entertainment Holdings, Inc.","Communication Services","Entertainment","USA",7783.37,,16.28,5.92%,46971757
53,"AMD","Advanced Micro Devices, Inc.","Technology","Semiconductors","USA",127371.90,30.25,81.64,0.65%,72315589
54,"AME","AMETEK, Inc.","Industrials","Specialty Industrial Machinery","USA",25338.03,24.95,110.09,-1.44%,481865
55,"AMGN","Amgen Inc.","Healthcare","Drug Manufacturers - General","USA",131193.92,24.48,244.87,-1.54%,1037154
56,"AMH","American Homes 4 Rent","Real Estate","REIT - Residential","USA",12371.29,75.78,35.91,-0.44%,773834
57,"AMKR","Amkor Technology, Inc.","Technology","Semiconductors","USA",4149.08,6.15,17.18,-0.98%,531440
58,"AMP","Ameriprise Financial, Inc.","Financial","Asset Management","USA",24520.93,8.84,230.43,0.04%,254446
59,"AMR","Alpha Metallurgical Resources, Inc.","Basic Materials","Coking Coal","USA",2293.01,3.45,137.26,6.85%,364271
60,"AMX","America Movil, S.A.B. de C.V.","Communication Services","Telecom Services","Mexico",60122.93,15.81,18.82,0.70%,791659
61,"AMZN","Amazon.com, Inc.","Consumer Cyclical","Internet Retail","USA",1125595.06,54.91,114.02,0.41%,43790827
62,"AN","AutoNation, Inc.","Consumer Cyclical","Auto & Truck Dealerships","USA",6510.48,5.29,116.70,1.96%,506266
63,"ANET","Arista Networks, Inc.","Technology","Computer Hardware","USA",30548.78,34.83,100.68,-0.97%,754539
64,"ANGI","Angi Inc.","Communication Services","Internet Content & Information","USA",2160.12,,4.91,0.93%,930523
65,"ANSS","ANSYS, Inc.","Technology","Software - Application","USA",20390.10,46.80,237.72,-1.27%,202845
66,"AON","Aon plc","Financial","Insurance Brokers","Ireland",57044.15,43.14,269.62,-0.73%,352271
67,"AOS","A. O. Smith Corporation","Industrials","Specialty Industrial Machinery","USA",8444.82,17.83,55.75,-1.59%,483746
68,"APA","APA Corporation","Energy","Oil & Gas E&P","USA",10681.46,4.56,32.84,2.66%,4360307
69,"APAM","Artisan Partners Asset Management Inc.","Financial","Asset Management","USA",2799.16,7.46,35.17,-1.59%,212945
70,"APD","Air Products and Chemicals, Inc.","Basic Materials","Chemicals","USA",49228.72,23.04,225.11,-0.04%,499207
71,"APG","APi Group Corporation","Industrials","Engineering & Construction","USA",3495.46,,15.53,1.70%,401252
72,"APH","Amphenol Corporation","Technology","Electronic Components","USA",38659.04,24.85,65.39,-1.10%,647922
73,"APLE","Apple Hospitality REIT, Inc.","Real Estate","REIT - Hotel & Motel","USA",3472.22,42.38,15.68,1.06%,892284
74,"APLS","Apellis Pharmaceuticals, Inc.","Healthcare","Biotechnology","USA",4845.64,,44.55,-3.30%,238943
75,"APO","Apollo Global Management, Inc.","Financial","Asset Management","USA",27958.85,15.33,51.32,0.92%,696881
76,"APPN","Appian Corporation","Technology","Software - Infrastructure","USA",3417.70,,46.89,-1.90%,135950
77,"APTV","Aptiv PLC","Consumer Cyclical","Auto Parts","Ireland",23728.23,77.26,91.07,-0.44%,609459
78,"AQUA","Evoqua Water Technologies Corp.","Industrials","Pollution & Treatment Controls","USA",3995.19,78.63,33.05,-0.63%,157321
79,"AR","Antero Resources Corporation","Energy","Oil & Gas E&P","USA",9898.86,,34.06,4.21%,5379055
80,"ARCH","Arch Resources, Inc.","Energy","Thermal Coal","USA",2460.85,4.48,143.54,2.48%,295575
81,"ARE","Alexandria Real Estate Equities, Inc.","Real Estate","REIT - Office","USA",22428.31,51.93,142.59,-0.15%,545501
82,"ARES","Ares Management Corporation","Financial","Asset Management","USA",16998.66,31.28,60.60,-0.15%,232261
83,"ARLP","Alliance Resource Partners, L.P.","Energy","Thermal Coal","USA",2611.25,14.41,21.15,1.43%,741105
84,"ARMK","Aramark","Consumer Cyclical","Restaurants","USA",7737.08,46.74,30.84,0.42%,487844
86,"ARWR","Arrowhead Pharmaceuticals, Inc.","Healthcare","Biotechnology","USA",4404.98,,41.73,-2.50%,370940
87,"ASB","Associated Banc-Corp","Financial","Banks - Regional","USA",2645.30,8.81,18.62,1.86%,799999
88,"ASML","ASML Holding N.V.","Technology","Semiconductor Equipment & Materials","Netherlands",181148.44,36.84,472.31,-0.70%,749329
89,"ASND","Ascendis Pharma A/S","Healthcare","Biotechnology","Denmark",4417.53,,86.12,0.93%,415218
90,"ASX","ASE Technology Holding Co., Ltd.","Technology","Semiconductors","Taiwan",11462.11,5.10,5.41,1.12%,2662924
91,"ATCO","Atlas Corp.","Financial","Asset Management","United Kingdom",2596.84,7.00,10.90,3.12%,204692
92,"ATI","ATI Inc.","Industrials","Metal Fabrication","USA",2805.44,,23.01,0.77%,462663
93,"ATKR","Atkore Inc.","Industrials","Specialty Industrial Machinery","USA",3521.48,4.87,84.31,-0.33%,202736
94,"ATUS","Altice USA, Inc.","Communication Services","Telecom Services","USA",2261.15,4.25,8.73,3.75%,1148801
95,"ATVI","Activision Blizzard, Inc.","Communication Services","Electronic Gaming & Multimedia","USA",59610.42,24.51,77.36,-0.04%,2298123
96,"AU","AngloGold Ashanti Limited","Basic Materials","Gold","South Africa",5835.24,9.28,13.94,1.49%,2443032
97,"AUY","Yamana Gold Inc.","Basic Materials","Gold","Canada",4445.51,29.11,4.74,3.83%,17377369
98,"AVB","AvalonBay Communities, Inc.","Real Estate","REIT - Residential","USA",26445.00,24.03,191.26,-0.80%,234503
99,"AVGO","Broadcom Inc.","Technology","Semiconductors","USA",195707.26,24.50,490.51,-0.80%,820120
100,"AVLR","Avalara, Inc.","Technology","Software - Application","USA",7146.17,,83.25,-1.51%,257336
101,"AVT","Avnet, Inc.","Technology","Electronics & Computer Distribution","USA",4203.36,8.16,43.08,-0.37%,282153
102,"AVY","Avery Dennison Corporation","Industrials","Business Equipment & Supplies","USA",13404.22,19.13,165.84,-0.70%,181252
103,"AXP","American Express Company","Financial","Credit Services","USA",102777.94,14.27,142.12,-0.26%,2115216
104,"AXS","AXIS Capital Holdings Limited","Financial","Insurance - Property & Casualty","Bermuda",4431.25,7.22,52.24,0.71%,136808
105,"AXTA","Axalta Coating Systems Ltd.","Basic Materials","Specialty Chemicals","USA",5084.96,18.50,23.08,-0.80%,1017279
106,"AY","Atlantica Sustainable Infrastructure plc","Utilities","Utilities - Renewable","United Kingdom",3600.77,,32.25,-0.22%,202832
107,"AYX","Alteryx, Inc.","Technology","Software - Application","USA",3231.62,,47.64,-1.14%,220570
108,"AZTA","Azenta, Inc.","Healthcare","Medical Instruments & Supplies","USA",4631.98,,63.22,-4.02%,423011
109,"BA","The Boeing Company","Industrials","Aerospace & Defense","USA",87058.75,,148.26,0.35%,11828993
110,"BABA","Alibaba Group Holding Limited","Consumer Cyclical","Internet Retail","China",280151.89,30.22,103.30,0.84%,17168608
111,"BAC","Bank of America Corporation","Financial","Banks - Diversified","USA",242753.81,9.19,32.24,-0.02%,43049143
112,"BAH","Booz Allen Hamilton Holding Corporation","Industrials","Consulting Services","USA",11941.27,26.17,90.64,0.38%,321700
113,"BALL","Ball Corporation","Consumer Cyclical","Packaging & Containers","USA",21314.15,19.65,67.19,1.08%,721394
114,"BAM","Brookfield Asset Management Inc.","Financial","Asset Management","Canada",70961.42,18.25,45.09,0.76%,535948
115,"BAX","Baxter International Inc.","Healthcare","Medical Instruments & Supplies","USA",31933.77,31.12,64.43,-0.74%,990520
116,"BB","BlackBerry Limited","Technology","Software - Infrastructure","Canada",3275.03,,5.76,0.26%,4275088
117,"BBD","Banco Bradesco S.A.","Financial","Banks - Regional","Brazil",29445.69,3.37,3.03,0.33%,24639205
118,"BBVA","Banco Bilbao Vizcaya Argentaria, S.A.","Financial","Banks - Diversified","Spain",25584.42,5.67,4.12,0.12%,3225650
119,"BBWI","Bath & Body Works, Inc.","Consumer Cyclical","Specialty Retail","USA",5938.03,6.29,28.59,3.93%,3406582
120,"BBY","Best Buy Co., Inc.","Consumer Cyclical","Specialty Retail","USA",16018.77,8.03,73.47,1.38%,1422316
121,"BC","Brunswick Corporation","Consumer Cyclical","Leisure","USA",5275.64,9.28,71.01,-0.49%,262975
122,"BCE","BCE Inc.","Communication Services","Telecom Services","Canada",44418.90,19.73,48.74,-0.10%,623618
123,"BCRX","BioCryst Pharmaceuticals, Inc.","Healthcare","Biotechnology","USA",2132.77,,11.43,-1.88%,843566
124,"BCS","Barclays PLC","Financial","Banks - Diversified","United Kingdom",28399.12,4.38,7.41,2.21%,6292756
125,"BDX","Becton, Dickinson and Company","Healthcare","Medical Instruments & Supplies","USA",66750.35,37.72,235.98,-1.36%,325273
126,"BE","Bloom Energy Corporation","Industrials","Electrical Equipment & Parts","USA",3043.56,,16.77,4.49%,1633272
127,"BECN","Beacon Roofing Supply, Inc.","Industrials","Building Products & Equipment","USA",3790.30,14.06,55.67,1.40%,194929
128,"BEN","Franklin Resources, Inc.","Financial","Asset Management","USA",12153.17,6.61,24.49,-0.53%,1542990
129,"BERY","Berry Global Group, Inc.","Consumer Cyclical","Packaging & Containers","USA",6862.84,9.77,53.34,1.20%,312913
131,"BFAM","Bright Horizons Family Solutions Inc.","Consumer Cyclical","Personal Services","USA",4921.38,62.64,85.54,0.05%,424320
132,"BG","Bunge Limited","Consumer Defensive","Farm Products","USA",12992.61,6.93,88.21,2.08%,623450
133,"BHC","Bausch Health Companies Inc.","Healthcare","Drug Manufacturers - Specialty & Generic","Canada",3193.68,,8.69,-0.11%,3567939
134,"BHF","Brighthouse Financial, Inc.","Financial","Insurance - Life","USA",2918.63,3.11,40.15,0.17%,214821
135,"BHP","BHP Group Limited","Basic Materials","Other Industrial Metals & Mining","Australia",127987.69,7.84,50.74,2.97%,2805934
136,"BHVN","Biohaven Pharmaceutical Holding Company Ltd.","Healthcare","Biotechnology","USA",10301.05,,145.91,-0.05%,303774
137,"BIDU","Baidu, Inc.","Communication Services","Internet Content & Information","China",49448.97,,141.51,1.01%,1247352
138,"BILI","Bilibili Inc.","Communication Services","Electronic Gaming & Multimedia","China",9019.07,,24.51,7.12%,5983129
139,"BK","The Bank of New York Mellon Corporation","Financial","Asset Management","USA",32667.33,10.76,42.78,-1.45%,2807832
140,"BKI","Black Knight, Inc.","Technology","Software - Infrastructure","USA",9726.16,18.78,62.70,0.16%,586239
141,"BKR","Baker Hughes Company","Energy","Oil & Gas Equipment & Services","USA",27002.83,81.59,27.25,2.13%,3113179
142,"BKU","BankUnited, Inc.","Financial","Banks - Regional","USA",2799.64,8.27,35.40,0.50%,232059
143,"BL","BlackLine, Inc.","Technology","Software - Infrastructure","USA",3910.67,,61.83,-9.74%,842034
144,"BLDP","Ballard Power Systems Inc.","Industrials","Specialty Industrial Machinery","Canada",2018.23,,6.76,7.04%,3488998
145,"BLDR","Builders FirstSource, Inc.","Industrials","Building Products & Equipment","USA",10857.91,5.68,63.91,0.11%,1402803
146,"BLK","BlackRock, Inc.","Financial","Asset Management","USA",89178.96,15.09,598.19,-0.36%,554212
147,"BMO","Bank of Montreal","Financial","Banks - Diversified","Canada",61800.53,6.64,93.53,1.61%,418938
148,"BNS","The Bank of Nova Scotia","Financial","Banks - Diversified","Canada",65843.35,8.83,56.61,1.80%,859410
149,"BOX","Box, Inc.","Technology","Software - Infrastructure","USA",3790.16,,26.91,0.98%,671033
150,"BP","BP p.l.c.","Energy","Oil & Gas Integrated","United Kingdom",82662.80,,27.39,2.74%,8116338
151,"BPMC","Blueprint Medicines Corporation","Healthcare","Biotechnology","USA",3110.72,,52.42,-2.11%,316051
152,"BPOP","Popular, Inc.","Financial","Banks - Regional","USA",5674.12,6.94,77.32,1.13%,197711
153,"BRFS","BRF S.A.","Consumer Defensive","Packaged Foods","Brazil",3243.41,,2.68,-6.29%,2980900
154,"BRKR","Bruker Corporation","Healthcare","Medical Devices","USA",9182.19,33.58,59.58,-4.10%,354818
155,"BRO","Brown & Brown, Inc.","Financial","Insurance Brokers","USA",16456.75,27.51,59.21,-0.17%,703404
156,"BRX","Brixmor Property Group Inc.","Real Estate","REIT - Retail","USA",5954.77,20.74,20.73,0.88%,872917
157,"BSAC","Banco Santander-Chile","Financial","Banks - Regional","Chile",6616.14,8.94,15.38,2.60%,570694
158,"BSBR","Banco Santander (Brasil) S.A.","Financial","Banks - Regional","Brazil",18567.19,13.34,5.08,0.99%,967486
159,"BSM","Black Stone Minerals, L.P.","Energy","Oil & Gas E&P","USA",2816.39,21.06,14.20,2.31%,188803
160,"BSX","Boston Scientific Corporation","Healthcare","Medical Devices","USA",52479.50,71.52,37.40,-0.39%,2666379
161,"BTI","British American Tobacco p.l.c.","Consumer Defensive","Tobacco","United Kingdom",90261.21,12.07,41.43,0.39%,1532886
162,"BTU","Peabody Energy Corporation","Energy","Thermal Coal","USA",2976.80,10.04,21.69,3.33%,4928695
163,"BUD","Anheuser-Busch InBev SA/NV","Consumer Defensive","Beverages - Brewers","Belgium",94230.74,27.25,54.81,0.43%,591320
164,"BURL","Burlington Stores, Inc.","Consumer Cyclical","Apparel Retail","USA",9188.41,37.52,142.48,1.69%,1161933
165,"BWA","BorgWarner Inc.","Consumer Cyclical","Auto Parts","USA",7915.49,12.00,34.23,1.72%,1436297
166,"BWXT","BWX Technologies, Inc.","Industrials","Aerospace & Defense","USA",4928.19,17.13,53.53,-1.14%,216302
167,"BX","Blackstone Inc.","Financial","Asset Management","USA",108635.16,12.68,93.52,0.56%,2007973
168,"BXMT","Blackstone Mortgage Trust, Inc.","Real Estate","REIT - Mortgage","USA",4774.90,10.25,28.59,0.07%,679893
169,"BXP","Boston Properties, Inc.","Real Estate","REIT - Office","USA",13410.00,24.99,87.89,0.57%,582341
170,"BYD","Boyd Gaming Corporation","Consumer Cyclical","Resorts & Casinos","USA",5444.98,11.29,52.81,1.29%,411279
171,"C","Citigroup Inc.","Financial","Banks - Diversified","USA",85716.20,5.89,49.99,0.02%,19036386
172,"CADE","Cadence Bank","Financial","Banks - Regional","USA",4094.24,13.46,23.31,0.76%,467794
173,"CAG","Conagra Brands, Inc.","Consumer Defensive","Packaged Foods","USA",15907.74,18.31,33.67,-0.16%,2800335
174,"CAH","Cardinal Health, Inc.","Healthcare","Medical Distribution","USA",14724.51,,54.80,-0.74%,1151381
175,"CALX","Calix, Inc.","Technology","Software - Application","USA",2492.84,11.90,39.34,-0.53%,258910
176,"CAR","Avis Budget Group, Inc.","Industrials","Rental & Leasing Services","USA",7293.03,4.70,151.66,-0.08%,221677
177,"CARG","CarGurus, Inc.","Communication Services","Internet Content & Information","USA",2568.83,,22.52,0.54%,228335
178,"CAT","Caterpillar Inc.","Industrials","Farm & Heavy Construction Machinery","USA",90641.33,14.63,174.12,0.43%,1573312
179,"CB","Chubb Limited","Financial","Insurance - Property & Casualty","Switzerland",77674.77,9.81,182.23,-1.07%,1133365
180,"CBOE","Cboe Global Markets, Inc.","Financial","Financial Data & Stock Exchanges","USA",12522.65,25.48,120.11,0.95%,314170
181,"CBRE","CBRE Group, Inc.","Real Estate","Real Estate Services","USA",24478.66,13.47,78.22,0.33%,965438
182,"CC","The Chemours Company","Basic Materials","Specialty Chemicals","USA",4821.03,7.03,31.89,1.21%,682522
183,"CCEP","Coca-Cola Europacific Partners PLC","Consumer Defensive","Beverages - Non-Alcoholic","United Kingdom",22606.64,23.07,49.79,0.28%,693014
184,"CCI","Crown Castle International Corp.","Real Estate","REIT - Specialty","USA",74057.40,51.62,170.77,-1.52%,774472
185,"CCJ","Cameco Corporation","Energy","Uranium","Canada",8906.74,,22.76,1.65%,2879322
186,"CCK","Crown Holdings, Inc.","Consumer Cyclical","Packaging & Containers","USA",10737.42,,88.55,0.49%,342634
187,"CCL","Carnival Corporation & plc","Consumer Cyclical","Travel Services","USA",9799.10,,9.65,5.07%,48698798
188,"CDAY","Ceridian HCM Holding Inc.","Technology","Software - Application","USA",7366.48,,49.66,-0.18%,313556
189,"CDNS","Cadence Design Systems, Inc.","Technology","Software - Application","USA",42471.64,58.63,155.63,-0.87%,604404
190,"CDW","CDW Corporation","Technology","Information Technology Services","USA",21451.76,22.31,160.64,-0.54%,210282
191,"CE","Celanese Corporation","Basic Materials","Chemicals","USA",11560.15,5.76,109.49,0.69%,954791
192,"CELH","Celsius Holdings, Inc.","Consumer Defensive","Beverages - Non-Alcoholic","USA",5640.68,641.83,77.66,-3.97%,888028
193,"CEQP","Crestwood Equity Partners LP","Energy","Oil & Gas Midstream","USA",2378.70,,25.72,2.61%,277225
194,"CF","CF Industries Holdings, Inc.","Basic Materials","Agricultural Inputs","USA",16823.76,10.91,83.90,-0.76%,3340989
195,"CFG","Citizens Financial Group, Inc.","Financial","Banks - Regional","USA",17305.94,7.80,37.22,1.14%,3844346
196,"CG","The Carlyle Group Inc.","Financial","Asset Management","USA",11041.78,4.34,32.10,0.25%,728841
197,"CGNX","Cognex Corporation","Technology","Scientific & Technical Instruments","USA",7670.44,29.20,45.07,-0.29%,379674
198,"CHGG","Chegg, Inc.","Consumer Defensive","Education & Training Services","USA",2311.37,42.87,19.73,1.60%,833525
199,"CHKP","Check Point Software Technologies Ltd.","Technology","Software - Application","Israel",15689.75,20.33,121.89,-0.68%,492085
200,"CHRW","C.H. Robinson Worldwide, Inc.","Industrials","Integrated Freight & Logistics","USA",12163.27,13.90,99.19,0.72%,434393
201,"CHTR","Charter Communications, Inc.","Communication Services","Entertainment","USA",89762.85,17.26,474.92,-0.35%,485199
202,"CHX","ChampionX Corporation","Energy","Oil & Gas Equipment & Services","USA",3592.16,27.03,19.04,1.93%,808583
203,"CI","Cigna Corporation","Healthcare","Healthcare Plans","USA",84047.60,17.00,269.96,-1.51%,727136
204,"CIEN","Ciena Corporation","Technology","Communication Equipment","USA",6977.75,17.41,47.15,-0.74%,482822
205,"CIM","Chimera Investment Corporation","Real Estate","REIT - Mortgage","USA",2119.17,13.01,8.90,-2.25%,2103938
206,"CINF","Cincinnati Financial Corporation","Financial","Insurance - Property & Casualty","USA",17818.97,8.92,109.87,-2.23%,401733
207,"CIVI","Civitas Resources, Inc.","Energy","Oil & Gas E&P","USA",3971.20,12.08,49.63,3.27%,343323
208,"CL","Colgate-Palmolive Company","Consumer Defensive","Household & Personal Products","USA",65644.44,32.37,77.60,-0.70%,2065904
209,"CLF","Cleveland-Cliffs Inc.","Basic Materials","Steel","USA",7619.27,2.19,15.57,3.88%,10443053
210,"CLR","Continental Resources, Inc.","Energy","Oil & Gas E&P","USA",22914.45,11.49,64.96,2.85%,837976
211,"CLVT","Clarivate Plc","Technology","Information Technology Services","United Kingdom",8917.99,,13.38,-0.34%,1830727
212,"CM","Canadian Imperial Bank of Commerce","Financial","Banks - Diversified","Canada",41267.42,8.50,46.56,1.77%,561656
213,"CMA","Comerica Incorporated","Financial","Banks - Regional","USA",9351.71,10.31,75.54,1.08%,385552
214,"CMC","Commercial Metals Company","Basic Materials","Steel","USA",4044.90,3.91,34.69,0.81%,411125
215,"CMCSA","Comcast Corporation","Communication Services","Entertainment","USA",177319.09,13.17,40.58,-0.77%,8679215
216,"CMI","Cummins Inc.","Industrials","Specialty Industrial Machinery","USA",27490.40,14.61,198.22,0.95%,424688
217,"CNHI","CNH Industrial N.V.","Industrials","Farm & Heavy Construction Machinery","United Kingdom",14720.86,9.08,11.30,2.68%,2365160
218,"CNI","Canadian National Railway Company","Industrials","Railroads","Canada",77374.80,21.44,112.50,0.75%,468189
219,"CNMD","CONMED Corporation","Healthcare","Medical Devices","USA",2766.14,45.15,95.64,-0.46%,113465
220,"CNP","CenterPoint Energy, Inc.","Utilities","Utilities - Regulated Gas","USA",18329.48,20.56,29.66,0.15%,2151810
221,"CNQ","Canadian Natural Resources Limited","Energy","Oil & Gas E&P","Canada",54978.68,7.83,49.12,3.85%,2252618
222,"CNR","Cornerstone Building Brands, Inc.","Industrials","Building Products & Equipment","USA",3125.37,4.10,24.55,0.06%,637434
223,"CNX","CNX Resources Corporation","Energy","Oil & Gas E&P","USA",3305.74,,17.67,0.51%,1665861
224,"COF","Capital One Financial Corporation","Financial","Credit Services","USA",40661.16,4.25,109.80,1.53%,2230781
225,"COLB","Columbia Banking System, Inc.","Financial","Banks - Regional","USA",2237.41,10.42,29.01,-0.60%,312966
226,"COOP","","Financial","Mortgage Finance","USA",2755.33,2.00,38.53,1.66%,115634
227,"COP","ConocoPhillips","Energy","Oil & Gas E&P","USA",105558.76,8.53,85.71,3.40%,4005790
228,"COST","Costco Wholesale Corporation","Consumer Defensive","Discount Stores","USA",226772.04,41.19,520.69,-0.43%,1516926
229,"COTY","Coty Inc.","Consumer Defensive","Household & Personal Products","USA",5933.08,58.87,7.34,0.48%,2916920
230,"COUP","Coupa Software Incorporated","Technology","Software - Application","USA",4323.70,,59.83,-0.56%,592996
231,"CP","Canadian Pacific Railway Limited","Industrials","Railroads","Canada",86182.00,18.04,71.61,0.85%,1212931
232,"CPE","Callon Petroleum Company","Energy","Oil & Gas E&P","USA",2231.29,4.43,39.24,5.06%,1078432
233,"CPG","Crescent Point Energy Corp.","Energy","Oil & Gas E&P","Canada",4887.62,1.11,7.07,6.39%,10868622
234,"CPRI","Capri Holdings Limited","Consumer Cyclical","Apparel Manufacturing","United Kingdom",5989.65,8.41,43.55,1.97%,1226436
235,"CPRT","Copart, Inc.","Industrials","Specialty Business Services","USA",26871.40,25.82,116.44,0.39%,780331
236,"CPT","Camden Property Trust","Real Estate","REIT - Residential","USA",13901.42,39.80,131.51,-0.43%,206149
237,"CRH","CRH plc","Basic Materials","Building Materials","Ireland",25746.13,10.68,35.13,0.80%,352876
238,"CRI","Carter's, Inc.","Consumer Cyclical","Apparel Retail","USA",3078.30,10.37,78.50,0.56%,432630
239,"CRK","Comstock Resources, Inc.","Energy","Oil & Gas E&P","USA",2815.75,,12.60,0.76%,3164476
240,"CRL","Charles River Laboratories International, Inc.","Healthcare","Diagnostics & Research","USA",10690.84,26.78,212.85,-3.14%,324363
241,"CRM","Salesforce, Inc.","Technology","Software - Application","USA",160234.55,162.50,168.62,0.74%,2483867
242,"CROX","Crocs, Inc.","Consumer Cyclical","Footwear & Accessories","USA",3254.36,4.86,54.84,1.29%,870805
243,"CRSP","CRISPR Therapeutics AG","Healthcare","Biotechnology","Switzerland",6344.31,23.14,80.34,-3.66%,1155194
244,"CS","Credit Suisse Group AG","Financial","Banks - Diversified","Switzerland",13834.69,,5.36,2.00%,13075213
245,"CSCO","Cisco Systems, Inc.","Technology","Communication Equipment","USA",175287.15,15.11,42.65,-0.98%,9362738
246,"CSGP","CoStar Group, Inc.","Real Estate","Real Estate Services","USA",22957.51,76.81,59.39,-0.87%,428567
247,"CSX","CSX Corporation","Industrials","Railroads","USA",61270.65,16.39,29.01,0.54%,6393541
248,"CTAS","Cintas Corporation","Industrials","Specialty Business Services","USA",39612.33,33.87,381.95,-1.63%,285792
249,"CTLT","Catalent, Inc.","Healthcare","Drug Manufacturers - Specialty & Generic","USA",17956.74,37.14,100.86,-2.24%,330618
250,"CTSH","Cognizant Technology Solutions Corporation","Technology","Information Technology Services","USA",33595.19,15.81,65.25,-0.93%,1272071
251,"CUBE","CubeSmart","Real Estate","REIT - Industrial","USA",9278.16,39.52,41.56,-0.05%,261291
252,"CUK","Carnival Corporation & plc","Consumer Cyclical","Travel Services","USA",9799.07,,8.62,3.73%,3570816
253,"CUZ","Cousins Properties Incorporated","Real Estate","REIT - Office","USA",4192.10,15.40,28.86,0.70%,472261
254,"CVE","Cenovus Energy Inc.","Energy","Oil & Gas Integrated","Canada",31606.84,22.36,16.97,4.08%,7077380
255,"CVET","Covetrus, Inc.","Healthcare","Health Information Services","USA",2890.78,,20.77,-0.12%,245921
256,"CVI","CVR Energy, Inc.","Energy","Oil & Gas Refining & Marketing","USA",2932.37,19.27,30.72,1.42%,286597
257,"CVNA","Carvana Co.","Consumer Cyclical","Internet Retail","USA",3816.29,,22.38,5.32%,8005835
258,"CVS","CVS Health Corporation","Healthcare","Healthcare Plans","USA",121728.36,15.85,94.64,-0.77%,2878603
259,"CVX","Chevron Corporation","Energy","Oil & Gas Integrated","USA",267097.42,12.94,140.01,1.71%,5054286
260,"CWK","Cushman & Wakefield plc","Real Estate","Real Estate Services","United Kingdom",3326.64,11.04,15.23,0.50%,294992
261,"CX","CEMEX, S.A.B. de C.V.","Basic Materials","Building Materials","Mexico",5773.29,17.81,3.88,-0.38%,1877594
262,"CYTK","Cytokinetics, Incorporated","Healthcare","Biotechnology","USA",4045.95,,39.15,-3.32%,802498
263,"CZR","Caesars Entertainment, Inc.","Consumer Cyclical","Resorts & Casinos","USA",7586.48,,38.61,2.55%,1912944
264,"DAL","Delta Air Lines, Inc.","Industrials","Airlines","USA",19088.49,32.71,31.24,3.82%,15438439
265,"DAR","Darling Ingredients Inc.","Consumer Defensive","Packaged Foods","USA",9248.13,14.11,59.44,1.96%,752176
266,"DB","Deutsche Bank Aktiengesellschaft","Financial","Banks - Regional","Germany",15955.50,7.86,8.15,3.10%,4099995
267,"DBRG","DigitalBridge Group, Inc.","Real Estate","REIT - Diversified","USA",3238.00,,4.98,-2.54%,2932187
268,"DBX","Dropbox, Inc.","Technology","Software - Infrastructure","USA",7992.93,18.86,21.73,-0.07%,1195218
269,"DCP","DCP Midstream, LP","Energy","Oil & Gas Midstream","USA",6012.03,17.25,30.72,3.54%,298612
270,"DD","DuPont de Nemours, Inc.","Basic Materials","Chemicals","USA",27201.17,19.99,54.35,-0.46%,1202380
271,"DE","Deere & Company","Industrials","Farm & Heavy Construction Machinery","USA",89958.99,15.53,298.73,0.35%,668734
272,"DEI","Douglas Emmett, Inc.","Real Estate","REIT - Office","USA",3774.19,49.15,21.97,0.21%,336261
273,"DELL","Dell Technologies Inc.","Technology","Computer Hardware","USA",31577.60,6.68,42.99,-1.07%,1431424
274,"DFS","Discover Financial Services","Financial","Credit Services","USA",27902.76,6.13,104.75,0.71%,1357043
275,"DGX","Quest Diagnostics Incorporated","Healthcare","Diagnostics & Research","USA",15636.13,9.05,134.47,-1.02%,391843
276,"DHI","D.R. Horton, Inc.","Consumer Cyclical","Residential Construction","USA",25571.43,5.26,72.68,-1.06%,1737831
277,"DHR","Danaher Corporation","Healthcare","Diagnostics & Research","USA",180358.15,30.02,248.65,-2.79%,1050039
278,"DINO","HF Sinclair Corporation","Energy","Oil & Gas Refining & Marketing","USA",9505.00,13.02,45.03,1.97%,811355
279,"DIS","The Walt Disney Company","Communication Services","Entertainment","USA",167285.43,64.37,95.68,0.50%,6555869
280,"DISH","DISH Network Corporation","Communication Services","Entertainment","USA",9084.09,5.11,17.75,-0.03%,2389160
281,"DKS","DICK'S Sporting Goods, Inc.","Consumer Cyclical","Specialty Retail","USA",6985.87,6.85,89.14,1.01%,829415
282,"DLB","Dolby Laboratories, Inc.","Communication Services","Entertainment","USA",7258.57,35.26,72.82,-0.37%,204195
283,"DLTR","Dollar Tree, Inc.","Consumer Defensive","Discount Stores","USA",37896.82,25.66,169.97,1.20%,875906
284,"DNLI","Denali Therapeutics Inc.","Healthcare","Biotechnology","USA",4143.53,,34.87,0.50%,264188
285,"DOC","Physicians Realty Trust","Real Estate","REIT - Healthcare Facilities","USA",3737.77,46.49,16.68,-0.89%,799349
286,"DOCU","DocuSign, Inc.","Technology","Software - Application","USA",12042.82,,62.22,-1.91%,1902137
287,"DOV","Dover Corporation","Industrials","Specialty Industrial Machinery","USA",17000.76,15.68,120.42,-0.09%,507089
288,"DOW","Dow Inc.","Basic Materials","Chemicals","USA",35604.15,5.40,50.58,2.08%,3035232
289,"DOX","Amdocs Limited","Technology","Software - Infrastructure","USA",10064.55,18.61,83.67,0.52%,267531
290,"DPZ","Domino's Pizza, Inc.","Consumer Cyclical","Restaurants","USA",14385.51,31.08,407.35,0.18%,249801
291,"DRE","Duke Realty Corporation","Real Estate","REIT - Industrial","USA",21371.99,21.28,56.36,-1.17%,714986
292,"DRI","Darden Restaurants, Inc.","Consumer Cyclical","Restaurants","USA",14488.72,15.78,116.62,-0.40%,451931
293,"DTE","DTE Energy Company","Utilities","Utilities - Regulated Electric","USA",24122.19,30.74,124.32,-0.69%,255198
294,"DVA","DaVita Inc.","Healthcare","Medical Care Facilities","USA",7817.09,10.17,85.07,-0.47%,301527
295,"DVN","Devon Energy Corporation","Energy","Oil & Gas E&P","USA",33937.33,9.88,54.87,4.10%,8270664
296,"DXC","DXC Technology Company","Technology","Information Technology Services","USA",6418.79,10.11,29.04,1.04%,409199
297,"DXCM","DexCom, Inc.","Healthcare","Diagnostics & Research","USA",30026.51,154.87,76.79,-2.97%,1006169
298,"E","Eni S.p.A.","Energy","Oil & Gas Integrated","Italy",38242.83,4.52,22.26,2.41%,391514
299,"EA","Electronic Arts Inc.","Communication Services","Electronic Gaming & Multimedia","USA",34155.96,44.72,124.01,0.69%,742536
300,"EBAY","eBay Inc.","Consumer Cyclical","Internet Retail","USA",23530.21,,43.72,0.24%,2255013
301,"EC","Ecopetrol S.A.","Energy","Oil & Gas Integrated","Colombia",19524.23,4.37,9.78,2.09%,1237717
302,"ECL","Ecolab Inc.","Basic Materials","Specialty Chemicals","USA",43908.18,40.46,153.06,-1.37%,602908
303,"EFX","Equifax Inc.","Industrials","Consulting Services","USA",23173.14,31.12,191.90,-0.27%,191511
304,"EHC","Encompass Health Corporation","Healthcare","Medical Care Facilities","USA",4774.70,12.60,49.21,-0.18%,186561
305,"EIX","Edison International","Utilities","Utilities - Regulated Electric","USA",23363.87,40.08,61.20,-0.58%,519475
306,"EL","The Estee Lauder Companies Inc.","Consumer Defensive","Household & Personal Products","USA",87186.34,26.83,247.20,0.68%,534873
307,"ELAN","Elanco Animal Health Incorporated","Healthcare","Drug Manufacturers - Specialty & Generic","USA",9297.04,,20.02,-0.27%,1570681
308,"ELP","Companhia Paranaense de Energia - COPEL","Utilities","Utilities - Diversified","Brazil",3363.17,25.16,6.18,-0.96%,313988
309,"ELS","Equity LifeStyle Properties, Inc.","Real Estate","REIT - Residential","USA",13474.38,50.66,73.13,-0.25%,411520
311,"ELY","Callaway Golf Company","Consumer Cyclical","Leisure","USA",3764.08,31.36,21.22,-0.19%,733586
312,"EMN","Eastman Chemical Company","Basic Materials","Chemicals","USA",11153.80,14.60,88.97,0.34%,375782
313,"EMR","Emerson Electric Co.","Industrials","Specialty Industrial Machinery","USA",46136.16,16.64,79.64,0.04%,975741
314,"ENB","Enbridge Inc.","Energy","Oil & Gas Midstream","Canada",84126.59,18.92,42.65,2.55%,2149948
315,"ENLC","EnLink Midstream, LLC","Energy","Oil & Gas Midstream","USA",4018.69,61.87,9.08,5.58%,1120702
316,"ENPH","Enphase Energy, Inc.","Technology","Solar","USA",26589.62,167.88,207.20,6.31%,2674225
317,"ENTG","Entegris, Inc.","Technology","Semiconductor Equipment & Materials","USA",14059.33,29.22,95.35,-1.00%,492091
318,"ENV","Envestnet, Inc.","Technology","Software - Application","USA",2769.33,,50.23,-1.24%,226473
319,"EOG","EOG Resources, Inc.","Energy","Oil & Gas E&P","USA",55713.23,12.98,99.79,2.58%,1891010
320,"EPAM","EPAM Systems, Inc.","Technology","Information Technology Services","USA",17034.13,38.69,307.30,1.57%,256750
321,"EPD","Enterprise Products Partners L.P.","Energy","Oil & Gas Midstream","USA",53355.77,11.86,24.95,1.77%,4583023
322,"EPR","EPR Properties","Real Estate","REIT - Retail","USA",3581.50,32.55,50.07,1.75%,286697
323,"EPRT","Essential Properties Realty Trust, Inc.","Real Estate","REIT - Diversified","USA",2847.33,25.37,22.27,0.09%,262222
324,"EQH","Equitable Holdings, Inc.","Financial","Insurance - Diversified","USA",9475.64,6.68,25.42,-0.10%,720037
325,"EQNR","Equinor ASA","Energy","Oil & Gas Integrated","Norway",100248.69,9.20,33.90,4.76%,1497961
326,"EQR","Equity Residential","Real Estate","REIT - Residential","USA",26342.04,19.96,70.96,-0.50%,467343
327,"EQT","EQT Corporation","Energy","Oil & Gas E&P","USA",13347.62,,38.26,4.48%,3661047
328,"ERF","Enerplus Corporation","Energy","Oil & Gas E&P","Canada",2838.20,11.86,12.73,5.56%,1621604
329,"ESI","Element Solutions Inc","Basic Materials","Specialty Chemicals","USA",4339.94,25.06,18.09,1.40%,903414
330,"ESNT","Essent Group Ltd.","Financial","Mortgage Finance","Bermuda",4153.52,5.29,38.59,-1.91%,206291
331,"ESTC","Elastic N.V.","Technology","Software - Application","USA",6640.33,,72.64,0.80%,464839
332,"ET","Energy Transfer LP","Energy","Oil & Gas Midstream","USA",29806.25,9.26,10.14,3.21%,14401577
333,"ETN","Eaton Corporation plc","Industrials","Specialty Industrial Machinery","Ireland",49890.75,23.37,127.57,-1.10%,890235
334,"ETR","Entergy Corporation","Utilities","Utilities - Diversified","USA",22320.22,21.05,109.87,-0.23%,466849
335,"ETRN","Equitrans Midstream Corporation","Energy","Oil & Gas Midstream","USA",2882.21,,6.76,0.67%,1503448
336,"ETSY","Etsy, Inc.","Consumer Cyclical","Internet Retail","USA",10135.12,27.84,84.73,2.70%,2492196
337,"EVH","Evolent Health, Inc.","Healthcare","Health Information Services","USA",2894.46,,31.61,-1.51%,407173
338,"EW","Edwards Lifesciences Corporation","Healthcare","Medical Devices","USA",60253.59,40.75,98.31,-1.13%,829473
339,"EWBC","East West Bancorp, Inc.","Financial","Banks - Diversified","USA",9062.27,10.50,67.21,1.22%,425563
340,"EXAS","Exact Sciences Corporation","Healthcare","Diagnostics & Research","USA",8096.82,,45.37,-3.27%,807149
341,"EXEL","Exelixis, Inc.","Healthcare","Biotechnology","USA",6847.79,23.12,21.73,1.83%,1300075
342,"EXPD","Expeditors International of Washington, Inc.","Industrials","Integrated Freight & Logistics","USA",15922.73,11.21,97.00,0.17%,304086
343,"EXPE","Expedia Group, Inc.","Consumer Cyclical","Travel Services","USA",14049.21,73.64,94.39,2.21%,1150263
344,"EYE","National Vision Holdings, Inc.","Consumer Cyclical","Specialty Retail","USA",2386.55,23.07,30.53,0.79%,388288
345,"F","Ford Motor Company","Consumer Cyclical","Auto Manufacturers","USA",45785.05,4.17,11.91,0.28%,33756891
346,"FAF","First American Financial Corporation","Financial","Insurance - Specialty","USA",5746.25,5.43,53.61,-0.57%,301384
347,"FANG","Diamondback Energy, Inc.","Energy","Oil & Gas E&P","USA",18940.16,7.18,112.64,3.21%,1448587
348,"FAST","Fastenal Company","Industrials","Industrial Distribution","USA",27205.05,26.90,48.11,0.15%,2570774
349,"FATE","Fate Therapeutics, Inc.","Healthcare","Biotechnology","USA",3044.79,,30.81,-2.82%,512683
350,"FBHS","Fortune Brands Home & Security, Inc.","Consumer Cyclical","Furnishings, Fixtures & Appliances","USA",8078.85,11.21,63.09,0.32%,415994
351,"FBP","First BanCorp.","Financial","Banks - Regional","USA",2583.46,9.35,13.91,2.51%,1352521
352,"FCPT","Four Corners Property Trust, Inc.","Real Estate","REIT - Hotel & Motel","USA",2205.96,24.93,27.48,-1.59%,114570
353,"FCX","Freeport-McMoRan Inc.","Basic Materials","Copper","USA",36362.05,7.49,27.67,7.15%,22582711
354,"FDX","FedEx Corporation","Industrials","Integrated Freight & Logistics","USA",55540.12,14.98,218.79,0.44%,698932
355,"FERG","Ferguson plc","Industrials","Industrial Distribution","United Kingdom",23336.75,12.27,112.76,-0.97%,346566
356,"FFIV","F5, Inc.","Technology","Software - Infrastructure","USA",8758.89,26.15,147.29,-0.70%,209340
357,"FHB","First Hawaiian, Inc.","Financial","Banks - Regional","USA",2757.27,10.72,22.24,0.68%,268545
358,"FHI","Federated Hermes, Inc.","Financial","Asset Management","USA",3026.07,12.91,33.26,-1.76%,280053
359,"FHN","First Horizon Corporation","Financial","Banks - Regional","USA",11398.24,13.03,21.92,0.02%,1263109
360,"FIBK","First Interstate BancSystem, Inc.","Financial","Banks - Regional","USA",4128.05,19.79,38.19,0.55%,299572
361,"FIS","Fidelity National Information Services, Inc.","Technology","Information Technology Services","USA",56295.02,64.78,95.04,-0.18%,807950
362,"FISV","Fiserv, Inc.","Technology","Information Technology Services","USA",59248.30,36.81,94.43,0.29%,1456418
363,"FITB","Fifth Third Bancorp","Financial","Banks - Regional","USA",22099.03,9.67,33.80,0.18%,2566269
364,"FIVE","Five Below, Inc.","Consumer Cyclical","Specialty Retail","USA",6461.04,25.48,120.48,1.53%,503215
365,"FIVN","Five9, Inc.","Technology","Software - Infrastructure","USA",6273.14,,93.64,1.43%,355110
366,"FL","Foot Locker, Inc.","Consumer Cyclical","Footwear & Accessories","USA",2286.98,3.20,25.80,0.96%,1270186
367,"FLEX","Flex Ltd.","Technology","Electronic Components","Singapore",6483.42,7.48,14.35,-0.86%,2759632
368,"FLR","Fluor Corporation","Industrials","Engineering & Construction","USA",3259.08,,24.01,1.39%,632437
369,"FLS","Flowserve Corporation","Industrials","Specialty Industrial Machinery","USA",3574.32,38.13,28.14,0.54%,488376
370,"FLT","FLEETCOR Technologies, Inc.","Technology","Information Technology Services","USA",15886.70,19.77,213.07,1.62%,244378
371,"FMC","FMC Corporation","Basic Materials","Agricultural Inputs","USA",12598.61,15.50,100.86,-0.05%,583006
372,"FMX","Fomento Economico Mexicano, S.A.B. de C.V.","Consumer Defensive","Beverages - Brewers","Mexico",20618.68,16.21,60.10,-1.22%,260102
373,"FNB","F.N.B. Corporation","Financial","Banks - Regional","USA",3767.85,10.05,11.11,0.77%,1123522
374,"FND","Floor & Decor Holdings, Inc.","Consumer Cyclical","Home Improvement Retail","USA",7666.52,28.71,74.99,0.85%,714581
375,"FNF","Fidelity National Financial, Inc.","Financial","Insurance - Specialty","USA",10169.77,4.77,36.76,0.14%,431831
376,"FNV","Franco-Nevada Corporation","Basic Materials","Gold","Canada",32495.86,24.97,127.18,-0.07%,371635
377,"FOLD","Amicus Therapeutics, Inc.","Healthcare","Biotechnology","USA",3087.37,,10.76,-0.83%,1980990
378,"FOXA","Fox Corporation","Communication Services","Broadcasting","USA",17489.69,16.88,33.21,-1.41%,1510396
379,"FR","First Industrial Realty Trust, Inc.","Real Estate","REIT - Industrial","USA",6140.50,25.09,46.99,-0.13%,585412
380,"FRC","First Republic Bank","Financial","Banks - Regional","USA",27129.45,19.28,153.37,-1.56%,517767
381,"FRPT","Freshpet, Inc.","Consumer Defensive","Packaged Foods","USA",2192.55,,46.76,0.20%,581375
382,"FRT","Federal Realty Investment Trust","Real Estate","REIT - Retail","USA",7545.25,29.48,98.24,1.21%,195875
383,"FSLR","First Solar, Inc.","Technology","Solar","USA",7571.97,32.39,67.30,3.11%,1449561
384,"FSR","Fisker Inc.","Consumer Cyclical","Auto Manufacturers","USA",2790.81,,9.57,0.79%,2937417
385,"FTCH","Farfetch Limited","Consumer Cyclical","Internet Retail","United Kingdom",2562.70,1.78,6.76,3.29%,6692632
386,"FTDR","Frontdoor, Inc.","Consumer Cyclical","Personal Services","USA",2129.77,18.31,26.52,0.23%,439873
387,"FTI","TechnipFMC plc","Energy","Oil & Gas Equipment & Services","United Kingdom",2541.43,,6.07,2.10%,2903094
388,"FTNT","Fortinet, Inc.","Technology","Software - Infrastructure","USA",46264.02,78.62,58.82,-2.32%,2433685
389,"FTV","Fortive Corporation","Technology","Scientific & Technical Instruments","USA",19234.22,30.26,54.54,-0.66%,411377
390,"FULT","Fulton Financial Corporation","Financial","Banks - Regional","USA",2232.83,9.16,14.45,0.28%,450107
391,"G","Genpact Limited","Technology","Information Technology Services","Bermuda",8079.70,22.63,44.10,-0.06%,329361
392,"GBDC","Golub Capital BDC, Inc.","Financial","Asset Management","USA",2305.40,8.14,13.67,0.07%,355553
393,"GBT","Global Blood Therapeutics, Inc.","Healthcare","Biotechnology","USA",2260.89,,34.94,-2.93%,623942
394,"GCP","GCP Applied Technologies Inc.","Basic Materials","Specialty Chemicals","USA",2348.38,143.65,31.82,-0.24%,378917
395,"GD","General Dynamics Corporation","Industrials","Aerospace & Defense","USA",58443.66,18.22,210.43,-1.10%,540648
396,"GDDY","GoDaddy Inc.","Technology","Software - Infrastructure","USA",11130.62,39.94,71.11,0.42%,244920
397,"GDS","GDS Holdings Limited","Technology","Software - Infrastructure","China",5295.14,,28.27,5.49%,305505
398,"GE","General Electric Company","Industrials","Specialty Industrial Machinery","USA",67239.46,,63.85,1.57%,4706360
399,"GFI","Gold Fields Limited","Basic Materials","Gold","South Africa",7882.43,9.95,8.94,1.76%,4848804
400,"GGB","Gerdau S.A.","Basic Materials","Steel","Brazil",6577.11,2.52,4.29,-1.38%,13891510
401,"GGG","Graco Inc.","Industrials","Specialty Industrial Machinery","USA",9798.43,23.61,58.61,-0.32%,168839
402,"GH","Guardant Health, Inc.","Healthcare","Diagnostics & Research","USA",4898.28,,45.13,-7.35%,772215
403,"GIL","Gildan Activewear Inc.","Consumer Cyclical","Apparel Manufacturing","Canada",4973.51,8.04,27.08,0.61%,327603
404,"GL","Globe Life Inc.","Financial","Insurance - Life","USA",9586.53,13.81,98.42,-0.40%,231546
405,"GLNG","Golar LNG Limited","Energy","Oil & Gas Midstream","Bermuda",2243.00,6.35,22.00,2.52%,751093
406,"GLPI","Gaming and Leisure Properties, Inc.","Real Estate","REIT - Specialty","USA",12228.78,22.68,49.69,-0.28%,1631324
407,"GLW","Corning Incorporated","Technology","Electronic Components","USA",27019.16,26.60,32.87,-1.01%,2994449
408,"GM","General Motors Company","Consumer Cyclical","Auto Manufacturers","USA",46065.66,5.46,32.62,-0.75%,8019191
409,"GMAB","Genmab A/S","Healthcare","Biotechnology","Denmark",22212.29,70.89,34.43,0.35%,413075
410,"GMED","Globus Medical, Inc.","Healthcare","Medical Devices","USA",5628.93,41.27,57.02,1.21%,234888
411,"GNRC","Generac Holdings Inc.","Industrials","Specialty Industrial Machinery","USA",13314.36,28.49,223.51,3.93%,635484
412,"GNTX","Gentex Corporation","Consumer Cyclical","Auto Parts","USA",6442.95,19.80,27.85,-0.45%,307404
413,"GOGL","Golden Ocean Group Limited","Industrials","Marine Shipping","Bermuda",2030.39,3.41,10.90,2.12%,2469509
414,"GOOGL","Alphabet Inc.","Communication Services","Internet Content & Information","USA",73013.06,1.03,108.97,-2.51%,33421608
415,"GOOS","Canada Goose Holdings Inc.","Consumer Cyclical","Apparel Manufacturing","Canada",2379.52,19.90,18.22,3.35%,1139011
416,"GPC","Genuine Parts Company","Consumer Cyclical","Specialty Retail","USA",19354.04,21.45,138.60,0.04%,365777
417,"GPK","Graphic Packaging Holding Company","Consumer Cyclical","Packaging & Containers","USA",6332.56,24.69,20.36,-1.36%,1370333
418,"GPN","Global Payments Inc.","Industrials","Specialty Business Services","USA",31343.84,32.87,113.45,-1.18%,872668
419,"GPS","The Gap, Inc.","Consumer Cyclical","Apparel Retail","USA",3028.37,,8.85,6.30%,6569301
420,"GRMN","Garmin Ltd.","Technology","Scientific & Technical Instruments","Switzerland",18918.06,17.97,99.99,0.09%,404439
421,"GS","The Goldman Sachs Group, Inc.","Financial","Capital Markets","USA",96712.62,5.70,299.55,1.93%,5259391
423,"GT","The Goodyear Tire & Rubber Company","Consumer Cyclical","Auto Parts","USA",3059.07,3.67,10.90,-1.22%,4951052
424,"GTES","Gates Industrial Corporation plc","Industrials","Specialty Industrial Machinery","USA",3064.10,12.46,10.89,-0.09%,269655
425,"GWRE","Guidewire Software, Inc.","Technology","Software - Application","USA",5833.33,,70.53,-0.15%,343446
426,"H","Hyatt Hotels Corporation","Consumer Cyclical","Lodging","USA",8131.55,538.00,76.12,1.06%,368914
427,"HAL","Halliburton Company","Energy","Oil & Gas Equipment & Services","USA",24660.00,16.09,28.88,3.66%,7468779
428,"HALO","Halozyme Therapeutics, Inc.","Healthcare","Biotechnology","USA",6505.83,16.47,48.52,-1.31%,653807
429,"HAS","Hasbro, Inc.","Consumer Cyclical","Leisure","USA",11070.39,26.59,79.25,0.05%,1055992
430,"HASI","Hannon Armstrong Sustainable Infrastructure Capital, Inc.","Real Estate","REIT - Specialty","USA",2721.59,23.30,32.75,4.37%,734100
431,"HBAN","Huntington Bancshares Incorporated","Financial","Banks - Regional","USA",17111.80,17.28,12.57,0.52%,7067359
432,"HBI","Hanesbrands Inc.","Consumer Cyclical","Apparel Manufacturing","USA",3637.69,7.45,10.85,2.12%,3146249
433,"HCA","HCA Healthcare, Inc.","Healthcare","Medical Care Facilities","USA",49490.61,8.07,172.58,0.57%,668150
434,"HCM","HUTCHMED (China) Limited","Healthcare","Drug Manufacturers - General","Hong Kong",2292.14,,12.58,-3.82%,147719
435,"HD","The Home Depot, Inc.","Consumer Cyclical","Home Improvement Retail","USA",297515.48,18.56,293.60,0.41%,1718725
436,"HES","Hess Corporation","Energy","Oil & Gas E&P","USA",29318.02,40.83,100.13,5.17%,1385638
437,"HESM","Hess Midstream LP","Energy","Oil & Gas Midstream","USA",7316.15,15.30,28.88,2.45%,124570
438,"HGV","Hilton Grand Vacations Inc.","Consumer Cyclical","Resorts & Casinos","USA",4403.90,18.34,38.04,1.51%,331060
439,"HIG","The Hartford Financial Services Group, Inc.","Financial","Insurance - Diversified","USA",20271.44,8.66,62.08,-1.44%,1025467
440,"HIW","Highwoods Properties, Inc.","Real Estate","REIT - Office","USA",3475.18,11.88,33.74,0.06%,366897
441,"HLF","Herbalife Nutrition Ltd.","Consumer Defensive","Packaged Foods","USA",2355.72,6.12,23.17,1.44%,612000
442,"HLT","Hilton Worldwide Holdings Inc.","Consumer Cyclical","Lodging","USA",31537.45,44.87,118.06,1.48%,1268104
443,"HMC","Honda Motor Co., Ltd.","Consumer Cyclical","Auto Manufacturers","Japan",44053.31,8.32,24.77,0.63%,1134471
444,"HOG","Harley-Davidson, Inc.","Consumer Cyclical","Recreational Vehicles","USA",4629.17,8.21,32.91,1.04%,511736
445,"HOLX","Hologic, Inc.","Healthcare","Medical Instruments & Supplies","USA",17304.43,11.62,68.87,-2.44%,1336207
446,"HOMB","Home Bancshares, Inc. (Conway, AR)","Financial","Banks - Regional","USA",4248.55,11.98,21.45,0.80%,483455
447,"HON","Honeywell International Inc.","Industrials","Specialty Industrial Machinery","USA",115390.66,22.96,171.53,-0.73%,876931
448,"HP","Helmerich & Payne, Inc.","Energy","Oil & Gas Drilling","USA",4033.54,,41.22,6.05%,507141
449,"HPE","Hewlett Packard Enterprise Company","Technology","Communication Equipment","USA",16904.26,4.78,13.20,-0.53%,3283349
450,"HPP","Hudson Pacific Properties, Inc.","Real Estate","REIT - Office","USA",2016.09,,14.18,0.21%,1077066
451,"HPQ","HP Inc.","Technology","Computer Hardware","USA",32244.44,5.67,31.50,-0.51%,4879723
452,"HQY","HealthEquity, Inc.","Healthcare","Health Information Services","USA",4812.99,,58.68,-0.53%,207581
453,"HR","Healthcare Realty Trust Incorporated","Real Estate","REIT - Healthcare Facilities","USA",5635.10,43.36,24.33,-1.22%,6758722
454,"HRB","H&R Block, Inc.","Consumer Cyclical","Personal Services","USA",5866.64,31.33,37.03,-1.02%,859713
455,"HSBC","HSBC Holdings plc","Financial","Banks - Diversified","United Kingdom",121963.09,10.74,31.01,1.17%,2124155
456,"HSIC","Henry Schein, Inc.","Healthcare","Medical Distribution","USA",10379.76,16.65,76.93,0.52%,281206
457,"HST","Host Hotels & Resorts, Inc.","Real Estate","REIT - Hotel & Motel","USA",11229.14,44.71,16.32,2.26%,4163200
458,"HTA","Healthcare Trust of America, Inc.","Real Estate","REIT - Healthcare Facilities","USA",6572.16,70.19,29.10,-0.80%,7147792
459,"HTH","Hilltop Holdings Inc.","Financial","Banks - Regional","USA",2055.03,7.70,26.65,1.10%,235397
460,"HTHT","Huazhu Group Limited","Consumer Cyclical","Lodging","China",12757.99,,39.50,2.78%,1467096
461,"HUBS","HubSpot, Inc.","Technology","Software - Application","USA",12609.82,,275.84,0.78%,541827
462,"HUM","Humana Inc.","Healthcare","Healthcare Plans","USA",59782.16,20.68,484.99,-0.52%,431935
463,"HUN","Huntsman Corporation","Basic Materials","Chemicals","USA",5977.15,5.33,29.09,1.01%,803604
464,"HWM","Howmet Aerospace Inc.","Industrials","Specialty Industrial Machinery","USA",13812.14,46.80,33.21,-0.33%,1685915
465,"HXL","Hexcel Corporation","Industrials","Aerospace & Defense","USA",4482.28,87.47,54.28,0.74%,401966
466,"HZNP","Horizon Therapeutics Public Limited Company","Healthcare","Drug Manufacturers - General","Ireland",18263.89,22.60,82.64,0.14%,844941
467,"IAC","IAC/InterActiveCorp","Communication Services","Internet Content & Information","USA",6129.28,263.90,70.35,-0.90%,346021
468,"IBKR","Interactive Brokers Group, Inc.","Financial","Capital Markets","USA",22324.66,19.28,55.16,0.64%,558216
469,"IBM","International Business Machines Corporation","Technology","Information Technology Services","USA",125075.89,25.03,138.68,-0.89%,2719677
470,"IBN","ICICI Bank Limited","Financial","Banks - Regional","India",65712.83,21.42,19.15,0.76%,3470470
471,"ICE","Intercontinental Exchange, Inc.","Financial","Financial Data & Stock Exchanges","USA",52264.72,13.31,95.48,-0.37%,1308844
472,"IDXX","IDEXX Laboratories, Inc.","Healthcare","Diagnostics & Research","USA",30751.23,43.44,363.57,-1.78%,184031
473,"IEP","Icahn Enterprises L.P.","Industrials","Conglomerates","USA",15633.87,,50.95,-1.37%,262873
474,"IFF","International Flavors & Fragrances Inc.","Basic Materials","Specialty Chemicals","USA",28837.27,53.30,114.80,-1.02%,317934
475,"IGT","International Game Technology PLC","Consumer Cyclical","Gambling","United Kingdom",3423.06,56.60,18.17,0.95%,1293177
476,"IIVI","II-VI Incorporated","Technology","Scientific & Technical Instruments","USA",5055.71,27.73,48.84,-0.93%,626523
477,"ILMN","Illumina, Inc.","Healthcare","Diagnostics & Research","USA",27842.25,41.27,188.31,-0.48%,651839
478,"IMO","Imperial Oil Limited","Energy","Oil & Gas Integrated","Canada",34284.66,74.23,42.74,2.44%,519441
479,"INCY","Incyte Corporation","Healthcare","Biotechnology","USA",17638.61,19.05,79.91,-0.15%,548495
480,"INFY","Infosys Limited","Technology","Information Technology Services","India",75234.70,27.70,18.58,2.28%,2000641
481,"ING","ING Groep N.V.","Financial","Banks - Diversified","Netherlands",32706.22,8.06,8.94,2.29%,6129919
482,"INSM","Insmed Incorporated","Healthcare","Biotechnology","USA",2772.82,,22.89,-1.04%,245812
483,"INTC","Intel Corporation","Technology","Semiconductors","USA",154196.14,6.42,38.63,0.04%,18132893
484,"INTU","Intuit Inc.","Technology","Software - Application","USA",107152.33,44.62,390.30,-0.68%,600164
485,"INVH","Invitation Homes Inc.","Real Estate","REIT - Residential","USA",21409.97,71.50,35.77,-0.14%,1773140
486,"IONS","Ionis Pharmaceuticals, Inc.","Healthcare","Biotechnology","USA",5262.04,,39.27,-0.10%,364198
487,"IP","International Paper Company","Consumer Cyclical","Packaging & Containers","USA",15484.83,13.38,41.39,-1.26%,1241196
488,"IPG","The Interpublic Group of Companies, Inc.","Communication Services","Advertising Agencies","USA",10825.81,10.95,28.39,1.32%,1418703
489,"IPGP","IPG Photonics Corporation","Technology","Semiconductor Equipment & Materials","USA",4780.50,18.07,95.17,0.93%,185927
490,"IQ","iQIYI, Inc.","Communication Services","Internet Content & Information","China",2959.29,,3.96,8.20%,14162772
491,"IQV","IQVIA Holdings Inc.","Healthcare","Diagnostics & Research","USA",40126.69,39.50,214.52,-2.08%,498329
492,"IR","Ingersoll Rand Inc.","Industrials","Specialty Industrial Machinery","USA",16176.14,31.96,41.17,0.41%,1862110
493,"IRDM","Iridium Communications Inc.","Communication Services","Telecom Services","USA",4946.92,,38.66,-1.58%,152250
494,"IRM","Iron Mountain Incorporated","Real Estate","REIT - Specialty","USA",12991.04,29.23,45.40,1.26%,1014991
495,"IRT","Independence Realty Trust, Inc.","Real Estate","REIT - Residential","USA",4485.12,29.71,20.72,-0.53%,621371
496,"ISRG","Intuitive Surgical, Inc.","Healthcare","Medical Instruments & Supplies","USA",73338.99,47.01,207.63,-1.56%,868941
497,"IT","Gartner, Inc.","Technology","Information Technology Services","USA",18990.44,25.44,240.32,-0.15%,108690
498,"ITCI","Intra-Cellular Therapies, Inc.","Healthcare","Biotechnology","USA",5277.48,,54.42,-1.50%,277181
499,"ITT","ITT Inc.","Industrials","Specialty Industrial Machinery","USA",5428.02,19.14,66.67,-0.39%,104064
500,"ITUB","Itau Unibanco Holding S.A.","Financial","Banks - Regional","Brazil",37372.70,7.94,4.18,1.09%,46351681
501,"ITW","Illinois Tool Works Inc.","Industrials","Specialty Industrial Machinery","USA",54803.72,21.23,181.14,0.29%,515348
502,"IVZ","Invesco Ltd.","Financial","Asset Management","USA",7125.62,5.70,16.14,-0.62%,2014332
503,"J","Jacobs Engineering Group Inc.","Industrials","Engineering & Construction","USA",15953.48,43.45,125.85,0.32%,173562
504,"JAZZ","Jazz Pharmaceuticals plc","Healthcare","Biotechnology","Ireland",9692.01,,155.95,-0.95%,129639
505,"JBGS","JBG SMITH Properties","Real Estate","REIT - Office","USA",2878.68,,24.05,0.88%,338690
506,"JBHT","J.B. Hunt Transport Services, Inc.","Industrials","Integrated Freight & Logistics","USA",17346.21,20.79,169.01,0.85%,489741
507,"JBL","Jabil Inc.","Technology","Electronic Components","USA",7144.57,9.13,52.81,-0.87%,609831
508,"JBLU","JetBlue Airways Corporation","Industrials","Airlines","USA",2537.41,,8.18,0.99%,6755183
509,"JCI","Johnson Controls International plc","Industrials","Engineering & Construction","Ireland",32209.34,27.19,46.80,-0.23%,1842911
510,"JEF","Jefferies Financial Group Inc.","Financial","Financial Conglomerates","USA",6385.57,6.43,28.10,-0.85%,707351
511,"JHG","Janus Henderson Group plc","Financial","Asset Management","United Kingdom",3857.50,7.41,22.92,-2.61%,991891
512,"JKS","JinkoSolar Holding Co., Ltd.","Technology","Solar","China",3229.99,41.11,64.26,1.25%,819552
513,"JNJ","Johnson & Johnson","Healthcare","Drug Manufacturers - General","USA",462284.05,24.01,175.51,-1.53%,3733161
514,"JNPR","Juniper Networks, Inc.","Technology","Communication Equipment","USA",9056.53,27.85,28.22,-1.05%,3816436
515,"JPM","JPMorgan Chase & Co.","Financial","Banks - Diversified","USA",317200.86,9.06,111.88,-0.95%,9098899
516,"JWN","Nordstrom, Inc.","Consumer Cyclical","Department Stores","USA",3187.59,9.26,21.12,5.55%,3116110
517,"KBH","KB Home","Consumer Cyclical","Residential Construction","USA",2635.94,4.17,30.29,-0.39%,953589
518,"KBR","KBR, Inc.","Industrials","Engineering & Construction","USA",6619.24,,48.10,0.59%,414295
519,"KDP","Keurig Dr Pepper Inc.","Consumer Defensive","Beverages - Non-Alcoholic","USA",51620.83,21.70,36.35,-0.76%,3045160
520,"KEY","KeyCorp","Financial","Banks - Regional","USA",15506.95,7.12,17.67,0.86%,4560391
521,"KEYS","Keysight Technologies, Inc.","Technology","Scientific & Technical Instruments","USA",24934.40,25.98,142.29,-0.90%,401415
522,"KGC","Kinross Gold Corporation","Basic Materials","Gold","Canada",4096.60,25.54,3.22,4.37%,22781891
523,"KHC","The Kraft Heinz Company","Consumer Defensive","Packaged Foods","USA",47440.28,47.63,38.58,1.51%,4378674
524,"KIM","Kimco Realty Corporation","Real Estate","REIT - Retail","USA",12038.80,12.76,20.33,1.07%,1893105
525,"KKR","KKR & Co. Inc.","Financial","Asset Management","USA",39791.25,10.80,48.78,1.12%,2015421
526,"KLAC","KLA Corporation","Technology","Semiconductor Equipment & Materials","USA",47619.79,15.83,329.71,1.07%,1126233
527,"KLIC","Kulicke and Soffa Industries, Inc.","Technology","Semiconductor Equipment & Materials","Singapore",2580.88,5.79,44.83,-1.32%,657774
528,"KMI","Kinder Morgan, Inc.","Energy","Oil & Gas Midstream","USA",37594.69,37.08,17.06,1.79%,6077541
529,"KMX","CarMax, Inc.","Consumer Cyclical","Auto & Truck Dealerships","USA",14182.93,15.54,92.93,1.51%,536920
530,"KNX","Knight-Swift Transportation Holdings Inc.","Industrials","Trucking","USA",7826.67,9.81,48.51,0.47%,658905
531,"KO","The Coca-Cola Company","Consumer Defensive","Beverages - Non-Alcoholic","USA",269551.88,26.36,62.01,-0.78%,6619773
532,"KOS","Kosmos Energy Ltd.","Energy","Oil & Gas E&P","USA",2350.10,354.00,5.50,3.58%,2613337
533,"KR","The Kroger Co.","Consumer Defensive","Grocery Stores","USA",33988.93,16.49,47.78,0.06%,2008772
534,"KRC","Kilroy Realty Corporation","Real Estate","REIT - Office","USA",5889.56,33.28,51.73,-0.12%,378719
535,"KRG","Kite Realty Group Trust","Real Estate","REIT - Retail","USA",3721.49,,17.83,1.54%,879207
536,"KSS","Kohl's Corporation","Consumer Cyclical","Department Stores","USA",3463.26,4.35,29.13,3.19%,2369082
537,"KT","KT Corporation","Communication Services","Telecom Services","South Korea",7394.75,5.90,14.02,0.54%,437222
538,"L","Loews Corporation","Financial","Insurance - Property & Casualty","USA",13686.30,8.77,56.42,-0.05%,377717
539,"LAC","Lithium Americas Corp.","Basic Materials","Other Industrial Metals & Mining","Canada",3661.00,,21.07,3.59%,1512164
540,"LAMR","Lamar Advertising Company","Real Estate","REIT - Specialty","USA",9017.71,21.06,92.70,1.10%,312076
541,"LAZ","Lazard Ltd","Financial","Capital Markets","Bermuda",3620.83,6.79,33.04,-1.43%,515764
542,"LAZR","Luminar Technologies, Inc.","Consumer Cyclical","Auto Parts","USA",2057.07,,6.22,3.07%,2935557
543,"LBRT","Liberty Energy Inc.","Energy","Oil & Gas Equipment & Services","USA",2113.34,,11.94,3.60%,1207942
544,"LBTYA","Liberty Global plc","Communication Services","Entertainment","United Kingdom",10673.10,0.90,21.08,1.37%,788571
545,"LDOS","Leidos Holdings, Inc.","Technology","Information Technology Services","USA",13421.84,19.42,98.59,-0.10%,234812
546,"LEA","Lear Corporation","Consumer Cyclical","Auto Parts","USA",7497.08,35.66,129.71,0.34%,144652
547,"LEG","Leggett & Platt, Incorporated","Consumer Cyclical","Furnishings, Fixtures & Appliances","USA",4841.56,12.44,36.96,0.27%,295989
548,"LEN","Lennar Corporation","Consumer Cyclical","Residential Construction","USA",22061.99,5.33,77.45,-0.82%,1306553
549,"LEVI","Levi Strauss & Co.","Consumer Cyclical","Apparel Manufacturing","USA",6767.89,12.02,17.72,1.64%,1418953
550,"LFC","China Life Insurance Company Limited","Financial","Insurance - Life","China",99579.19,5.58,7.53,1.28%,452948
551,"LH","Laboratory Corporation of America Holdings","Healthcare","Diagnostics & Research","USA",22282.20,11.23,242.51,-0.82%,390742
552,"LHX","L3Harris Technologies, Inc.","Industrials","Aerospace & Defense","USA",42800.45,24.11,221.99,-0.83%,769618
553,"LIN","Linde plc","Basic Materials","Specialty Chemicals","United Kingdom",135238.26,35.68,278.61,0.59%,1177213
554,"LITE","Lumentum Holdings Inc.","Technology","Communication Equipment","USA",5456.90,33.33,81.17,-0.96%,318310
555,"LKQ","LKQ Corporation","Consumer Cyclical","Auto Parts","USA",14070.92,13.42,50.38,0.86%,999278
556,"LMT","Lockheed Martin Corporation","Industrials","Aerospace & Defense","USA",106526.81,17.59,390.71,-1.92%,1792435
557,"LNC","Lincoln National Corporation","Financial","Insurance - Life","USA",7842.55,6.59,47.44,0.82%,749010
558,"LNG","Cheniere Energy, Inc.","Energy","Oil & Gas Midstream","USA",31483.30,,127.68,2.83%,937672
559,"LNTH","Lantheus Holdings, Inc.","Healthcare","Diagnostics & Research","USA",4660.78,,67.71,-4.16%,897275
560,"LNW","Light & Wonder, Inc.","Consumer Cyclical","Gambling","USA",4073.50,148.30,45.12,1.43%,162919
561,"LOGI","Logitech International S.A.","Technology","Computer Hardware","Switzerland",9016.92,14.09,53.46,0.38%,646576
562,"LOW","Lowe's Companies, Inc.","Consumer Cyclical","Home Improvement Retail","USA",116742.40,15.08,186.34,0.72%,1929247
563,"LPLA","LPL Financial Holdings Inc.","Financial","Capital Markets","USA",13796.73,31.48,179.49,0.37%,217627
564,"LPX","Louisiana-Pacific Corporation","Industrials","Building Products & Equipment","USA",4677.41,3.49,57.67,-0.24%,708857
565,"LRCX","Lam Research Corporation","Technology","Semiconductor Equipment & Materials","USA",58166.56,13.35,423.36,-0.88%,518902
566,"LSCC","Lattice Semiconductor Corporation","Technology","Semiconductors","USA",6986.42,65.93,52.71,0.06%,874791
567,"LSI","Life Storage, Inc.","Real Estate","REIT - Industrial","USA",9373.68,33.10,112.96,0.14%,202178
568,"LSPD","Lightspeed Commerce Inc.","Technology","Software - Application","Canada",3617.68,,18.49,-0.05%,1350431
569,"LSXMA","The Liberty SiriusXM Group","Communication Services","Broadcasting","USA",26776.40,13.86,36.69,0.52%,510336
570,"LTHM","Livent Corporation","Basic Materials","Specialty Chemicals","USA",3602.72,77.85,20.96,3.56%,1443930
571,"LULU","Lululemon Athletica Inc.","Consumer Cyclical","Apparel Retail","Canada",35612.22,36.39,285.25,-0.41%,418542
572,"LUMN","Lumen Technologies, Inc.","Communication Services","Telecom Services","USA",10981.42,5.22,10.80,0.28%,4209965
573,"LUV","Southwest Airlines Co.","Industrials","Airlines","USA",22805.21,41.97,39.99,1.02%,3767462
574,"LVS","Las Vegas Sands Corp.","Consumer Cyclical","Resorts & Casinos","USA",26170.63,,34.75,0.64%,5764806
575,"LXP","LXP Industrial Trust","Real Estate","REIT - Diversified","USA",2949.65,9.15,10.18,-1.69%,611780
576,"LYB","LyondellBasell Industries N.V.","Basic Materials","Specialty Chemicals","USA",27388.81,4.81,86.47,2.05%,1087804
577,"LYFT","Lyft, Inc.","Technology","Software - Application","USA",4207.05,,13.47,4.06%,10824266
578,"LYG","Lloyds Banking Group plc","Financial","Banks - Regional","United Kingdom",33445.21,5.61,2.03,2.27%,12020887
579,"LYV","Live Nation Entertainment, Inc.","Communication Services","Entertainment","USA",18689.51,,85.95,1.74%,694874
580,"M","Macy's, Inc.","Consumer Cyclical","Department Stores","USA",4385.87,3.16,17.35,4.46%,7814117
581,"MA","Mastercard Incorporated","Financial","Credit Services","USA",316137.72,34.60,331.70,-0.26%,1556867
582,"MAA","Mid-America Apartment Communities, Inc.","Real Estate","REIT - Residential","USA",19078.79,32.55,167.15,-0.20%,237779
583,"MANT","ManTech International Corporation","Technology","Software - Application","USA",3913.45,28.82,95.76,0.18%,70558
584,"MAR","Marriott International, Inc.","Consumer Cyclical","Lodging","USA",46076.99,31.78,144.89,1.07%,1418905
585,"MAS","Masco Corporation","Industrials","Building Products & Equipment","USA",12521.50,23.92,53.25,-0.65%,743969
586,"MASI","Masimo Corporation","Healthcare","Medical Instruments & Supplies","USA",6970.38,33.02,125.07,-2.17%,354891
587,"MAT","Mattel, Inc.","Consumer Cyclical","Leisure","USA",7649.02,7.44,21.35,-1.29%,2779114
588,"MC","Moelis & Company","Financial","Capital Markets","USA",2706.21,7.74,40.10,-1.79%,501294
589,"MCD","McDonald's Corporation","Consumer Cyclical","Restaurants","USA",186810.12,26.94,253.69,-0.52%,1262012
590,"MCHP","Microchip Technology Incorporated","Technology","Semiconductors","USA",33785.63,27.47,61.76,-0.99%,1987383
591,"MCK","McKesson Corporation","Healthcare","Medical Distribution","USA",46876.50,45.55,327.24,-0.84%,291853
592,"MCO","Moody's Corporation","Financial","Financial Data & Stock Exchanges","USA",50774.28,26.68,280.87,-0.26%,354542
593,"MD","Pediatrix Medical Group, Inc.","Healthcare","Medical Care Facilities","USA",2024.49,24.73,23.42,-0.72%,252070
594,"MDB","MongoDB, Inc.","Technology","Software - Infrastructure","USA",18998.37,,282.12,1.68%,1061124
595,"MDC","M.D.C. Holdings, Inc.","Consumer Cyclical","Residential Construction","USA",2526.89,4.25,35.53,0.13%,229511
596,"MDLZ","Mondelez International, Inc.","Consumer Defensive","Confectioners","USA",84253.06,20.39,60.42,-0.54%,3615723
597,"MDT","Medtronic plc","Healthcare","Medical Devices","Ireland",116275.76,23.85,88.38,-0.83%,2447900
598,"MDU","MDU Resources Group, Inc.","Basic Materials","Building Materials","USA",5427.47,15.26,26.75,-0.47%,478618
599,"MELI","MercadoLibre, Inc.","Consumer Cyclical","Internet Retail","Uruguay",33029.82,188.78,686.48,-0.51%,461069
600,"MEOH","Methanex Corporation","Basic Materials","Chemicals","Canada",2475.66,5.53,37.35,2.88%,309485
601,"MET","MetLife, Inc.","Financial","Insurance - Life","USA",47092.95,7.65,59.18,0.25%,1823125
602,"META","Meta Platforms, Inc.","Communication Services","Internet Content & Information","USA",427734.13,12.46,167.38,1.63%,17816971
603,"MFC","Manulife Financial Corporation","Financial","Insurance - Life","Canada",32281.45,4.76,17.28,2.10%,5338374
604,"MFG","Mizuho Financial Group, Inc.","Financial","Banks - Regional","Japan",28899.59,6.89,2.30,1.55%,2672610
605,"MGA","Magna International Inc.","Consumer Cyclical","Auto Parts","Canada",16039.53,13.34,56.72,1.43%,498934
606,"MGM","MGM Resorts International","Consumer Cyclical","Resorts & Casinos","USA",12112.62,9.50,29.49,0.87%,1781608
607,"MGY","Magnolia Oil & Gas Corporation","Energy","Oil & Gas E&P","USA",4299.94,6.85,20.61,3.96%,629549
608,"MHK","Mohawk Industries, Inc.","Consumer Cyclical","Furnishings, Fixtures & Appliances","USA",7917.72,8.13,125.53,0.74%,238491
609,"MIDD","The Middleby Corporation","Industrials","Specialty Industrial Machinery","USA",6751.65,14.93,128.29,0.61%,152458
610,"MKSI","MKS Instruments, Inc.","Technology","Scientific & Technical Instruments","USA",5626.59,10.01,101.50,-1.21%,177456
611,"MLCO","Melco Resorts & Entertainment Limited","Consumer Cyclical","Resorts & Casinos","Hong Kong",2295.31,,4.97,2.47%,3476306
612,"MMC","Marsh & McLennan Companies, Inc.","Financial","Insurance Brokers","USA",74800.02,23.91,149.52,-0.97%,1350575
613,"MMM","3M Company","Industrials","Specialty Industrial Machinery","USA",73015.95,13.55,129.35,-0.60%,1472876
614,"MMP","Magellan Midstream Partners, L.P.","Energy","Oil & Gas Midstream","USA",10247.90,12.11,49.10,0.03%,530015
615,"MNDT","Mandiant, Inc.","Technology","Software - Infrastructure","USA",5215.32,,22.20,0.05%,704426
616,"MNST","Monster Beverage Corporation","Consumer Defensive","Beverages - Non-Alcoholic","USA",51775.12,38.37,96.00,-1.18%,1286444
617,"MO","Altria Group, Inc.","Consumer Defensive","Tobacco","USA",75373.31,25.57,42.33,0.80%,5519174
618,"MOS","The Mosaic Company","Basic Materials","Agricultural Inputs","USA",15808.32,6.37,45.94,2.04%,4202550
619,"MPC","Marathon Petroleum Corporation","Energy","Oil & Gas Refining & Marketing","USA",43647.67,19.58,85.84,1.68%,2333665
620,"MPLX","MPLX LP","Energy","Oil & Gas Midstream","USA",29549.27,10.13,30.11,0.53%,1587451
621,"MPW","Medical Properties Trust, Inc.","Real Estate","REIT - Healthcare Facilities","USA",9331.58,8.40,15.85,0.54%,4999496
622,"MRNA","Moderna, Inc.","Healthcare","Biotechnology","USA",63609.40,4.91,163.64,-1.96%,2703941
623,"MRO","Marathon Oil Corporation","Energy","Oil & Gas E&P","USA",14444.05,7.27,21.67,3.93%,11205827
624,"MRTX","Mirati Therapeutics, Inc.","Healthcare","Biotechnology","USA",3341.91,,59.66,-0.60%,713581
625,"MRVL","Marvell Technology, Inc.","Technology","Semiconductors","USA",40039.00,,48.79,1.18%,9052665
626,"MS","Morgan Stanley","Financial","Capital Markets","USA",130654.14,10.55,78.69,0.82%,8067984
627,"MSCI","MSCI Inc.","Financial","Financial Data & Stock Exchanges","USA",33270.84,45.95,414.13,-1.13%,173720
628,"MSFT","Microsoft Corporation","Technology","Software - Infrastructure","USA",1900272.26,26.78,255.45,-0.49%,13495669
629,"MSI","Motorola Solutions, Inc.","Technology","Communication Equipment","USA",35093.41,29.45,212.34,-1.25%,178136
630,"MSTR","MicroStrategy Incorporated","Technology","Software - Application","USA",2310.98,,228.20,6.65%,885896
631,"MT","ArcelorMittal S.A.","Basic Materials","Steel","Luxembourg",18778.51,1.36,22.13,1.42%,2533524
632,"MTB","M&T Bank Corporation","Financial","Banks - Regional","USA",27014.96,11.93,157.47,0.81%,443226
633,"MTCH","Match Group, Inc.","Communication Services","Internet Content & Information","USA",18273.72,72.17,64.96,-0.43%,1491031
634,"MTDR","Matador Resources Company","Energy","Oil & Gas E&P","USA",5138.35,7.18,46.02,4.81%,883463
635,"MTG","MGIC Investment Corporation","Financial","Insurance - Specialty","USA",4040.30,6.82,13.23,-1.19%,673805
636,"MTOR","Meritor, Inc.","Consumer Cyclical","Auto Parts","USA",2574.34,11.83,36.37,0.10%,460577
637,"MTZ","MasTec, Inc.","Industrials","Engineering & Construction","USA",5388.28,23.14,71.32,-0.27%,148687
638,"MU","Micron Technology, Inc.","Technology","Semiconductors","USA",65471.61,7.02,60.31,-1.98%,9832329
639,"MUFG","Mitsubishi UFJ Financial Group, Inc.","Financial","Banks - Diversified","Japan",69473.91,8.14,5.16,0.29%,4459454
640,"MUR","Murphy Oil Corporation","Energy","Oil & Gas E&P","USA",4194.99,42.90,29.77,5.31%,794062
641,"MXL","MaxLinear, Inc.","Technology","Semiconductors","USA",2672.51,39.57,34.94,-0.46%,445334
642,"NATI","National Instruments Corporation","Technology","Software - Application","USA",4118.93,39.26,32.38,-0.15%,347044
643,"NAVI","Navient Corporation","Financial","Credit Services","USA",2160.71,4.05,14.99,0.47%,579814
644,"NBIX","Neurocrine Biosciences, Inc.","Healthcare","Biotechnology","USA",9006.89,130.55,94.74,-0.45%,229820
645,"NCLH","Norwegian Cruise Line Holdings Ltd.","Consumer Cyclical","Travel Services","USA",4685.54,,12.36,4.79%,16354774
646,"NCR","NCR Corporation","Technology","Information Technology Services","USA",3762.08,283.86,29.21,1.88%,2121118
647,"NDAQ","Nasdaq, Inc.","Financial","Financial Data & Stock Exchanges","USA",25281.99,22.55,155.14,-1.23%,363833
648,"NEOG","Neogen Corporation","Healthcare","Diagnostics & Research","USA",2330.10,49.67,21.83,-2.98%,490693
649,"NEP","NextEra Energy Partners, LP","Utilities","Utilities - Renewable","USA",6187.85,85.81,74.08,-0.43%,274587
650,"NEWR","New Relic, Inc.","Technology","Software - Infrastructure","USA",3418.49,,51.96,0.56%,156547
651,"NFE","New Fortress Energy Inc.","Utilities","Utilities - Regulated Gas","USA",8134.13,22.86,42.33,6.25%,398615
652,"NFG","National Fuel Gas Company","Energy","Oil & Gas Integrated","USA",5830.31,12.49,64.80,0.84%,277871
653,"NFLX","Netflix, Inc.","Communication Services","Entertainment","USA",77650.46,18.08,191.96,1.51%,12650930
654,"NIO","NIO Inc.","Consumer Cyclical","Auto Manufacturers","China",35163.08,,20.94,1.09%,34743276
655,"NJR","New Jersey Resources Corporation","Utilities","Utilities - Regulated Gas","USA",4183.50,45.05,43.74,-0.73%,94359
656,"NKE","NIKE, Inc.","Consumer Cyclical","Footwear & Accessories","USA",162444.14,27.90,104.22,-0.46%,4542843
657,"NKLA","Nikola Corporation","Industrials","Farm & Heavy Construction Machinery","USA",2227.78,,5.62,3.97%,5867997
658,"NLOK","NortonLifeLock Inc.","Technology","Software - Infrastructure","USA",13555.99,16.62,23.78,1.11%,2736143
659,"NLSN","Nielsen Holdings plc","Industrials","Consulting Services","USA",8258.26,15.44,23.67,1.28%,1107821
660,"NLY","Annaly Capital Management, Inc.","Real Estate","REIT - Mortgage","USA",9428.62,3.54,6.18,0.08%,15217180
661,"NMR","Nomura Holdings, Inc.","Financial","Capital Markets","Japan",11939.38,11.28,3.71,0.27%,1640122
662,"NNN","National Retail Properties, Inc.","Real Estate","REIT - Retail","USA",7562.19,26.47,44.81,1.06%,663526
663,"NOC","Northrop Grumman Corporation","Industrials","Aerospace & Defense","USA",71347.64,12.71,454.27,-1.50%,295676
664,"NOK","Nokia Oyj","Technology","Communication Equipment","Finland",25385.70,17.27,4.59,-0.54%,16286255
665,"NOMD","Nomad Foods Limited","Consumer Defensive","Packaged Foods","United Kingdom",3085.07,16.89,18.00,0.28%,490587
666,"NOV","NOV Inc.","Energy","Oil & Gas Equipment & Services","USA",5538.43,,14.57,2.64%,2580116
667,"NOW","ServiceNow, Inc.","Technology","Software - Application","USA",84388.31,396.38,431.57,-0.93%,1238030
668,"NRG","NRG Energy, Inc.","Utilities","Utilities - Independent Power Producers","USA",8603.90,2.19,35.86,-0.33%,2045204
669,"NRZ","New Residential Investment Corp.","Real Estate","REIT - Mortgage","USA",4392.47,4.38,9.74,1.04%,2894850
670,"NSA","National Storage Affiliates Trust","Real Estate","REIT - Industrial","USA",4543.17,48.68,49.78,0.06%,525071
671,"NSC","Norfolk Southern Corporation","Industrials","Railroads","USA",52838.58,18.40,230.19,1.01%,543887
672,"NTAP","NetApp, Inc.","Technology","Computer Hardware","USA",14375.12,16.12,65.69,-0.39%,741433
673,"NTCT","NetScout Systems, Inc.","Technology","Software - Infrastructure","USA",2253.84,69.16,32.32,-1.61%,230515
674,"NTLA","Intellia Therapeutics, Inc.","Healthcare","Biotechnology","USA",4837.12,,61.01,-3.58%,733962
675,"NTNX","Nutanix, Inc.","Technology","Software - Infrastructure","USA",3189.56,,14.30,-0.83%,1230924
676,"NTR","Nutrien Ltd.","Basic Materials","Agricultural Inputs","Canada",52533.43,7.18,75.17,2.62%,2564767
677,"NTRA","Natera, Inc.","Healthcare","Diagnostics & Research","USA",4196.20,,44.19,-3.56%,1587927
678,"NTRS","Northern Trust Corporation","Financial","Asset Management","USA",19696.16,13.77,97.76,-1.53%,401055
679,"NUE","Nucor Corporation","Basic Materials","Steel","USA",28833.24,3.94,114.89,4.14%,1723736
680,"NUS","Nu Skin Enterprises, Inc.","Consumer Defensive","Household & Personal Products","USA",2065.50,15.46,41.54,-0.29%,99705
681,"NUVA","NuVasive, Inc.","Healthcare","Medical Devices","USA",2516.36,,49.76,0.00%,185498
682,"NVAX","Novavax, Inc.","Healthcare","Biotechnology","USA",4033.26,,52.12,-4.25%,5755008
683,"NVCR","NovoCure Limited","Healthcare","Medical Instruments & Supplies","USA",7619.17,,72.26,-0.28%,214845
684,"NVDA","NVIDIA Corporation","Technology","Semiconductors","USA",384299.61,42.29,161.08,2.20%,55106371
685,"NVS","Novartis AG","Healthcare","Drug Manufacturers - General","Switzerland",198987.79,7.89,83.14,-1.78%,2899695
686,"NVT","nVent Electric plc","Industrials","Electrical Equipment & Parts","United Kingdom",4983.88,18.89,30.42,-0.82%,327507
687,"NWG","NatWest Group plc","Financial","Banks - Diversified","United Kingdom",26089.50,8.65,5.36,2.00%,2104866
688,"NWL","Newell Brands Inc.","Consumer Defensive","Household & Personal Products","USA",7819.26,11.32,19.44,2.32%,1419411
689,"NWSA","News Corporation","Communication Services","Broadcasting","USA",8979.94,18.73,15.73,0.03%,1436458
690,"NXE","NexGen Energy Ltd.","Energy","Uranium","Canada",2302.59,,3.80,3.54%,1004353
691,"NXPI","NXP Semiconductors N.V.","Technology","Semiconductors","Netherlands",41962.48,20.36,161.12,-1.74%,1036027
692,"NYCB","New York Community Bancorp, Inc.","Financial","Banks - Regional","USA",4250.10,7.71,9.29,-0.75%,3279444
693,"NYT","The New York Times Company","Communication Services","Publishing","USA",4776.52,27.20,29.70,0.27%,892494
694,"O","Realty Income Corporation","Real Estate","REIT - Retail","USA",41179.16,68.93,69.57,-1.05%,1688154
695,"OC","Owens Corning","Industrials","Building Products & Equipment","USA",7798.35,7.60,80.61,0.17%,331313
696,"ODFL","Old Dominion Freight Line, Inc.","Industrials","Trucking","USA",28441.53,26.07,261.04,2.25%,371602
697,"OFC","Corporate Office Properties Trust","Real Estate","REIT - Office","USA",2900.31,26.86,26.31,0.27%,331586
698,"OGE","OGE Energy Corp.","Utilities","Utilities - Regulated Electric","USA",7786.02,8.16,39.40,0.38%,545146
699,"OHI","Omega Healthcare Investors, Inc.","Real Estate","REIT - Healthcare Facilities","USA",7007.20,16.79,30.43,0.10%,803065
700,"OKE","ONEOK, Inc.","Energy","Oil & Gas Midstream","USA",24496.86,16.59,56.99,2.32%,1229186
701,"OKTA","Okta, Inc.","Technology","Software - Infrastructure","USA",14648.32,,95.95,2.05%,1642485
702,"OLLI","Ollie's Bargain Outlet Holdings, Inc.","Consumer Defensive","Discount Stores","USA",4158.61,38.36,68.36,-0.34%,699623
703,"OLN","Olin Corporation","Basic Materials","Specialty Chemicals","USA",7050.98,5.21,47.32,1.89%,868159
704,"OMC","Omnicom Group Inc.","Communication Services","Advertising Agencies","USA",13004.50,11.05,65.59,0.92%,904467
705,"OMCL","Omnicell, Inc.","Healthcare","Health Information Services","USA",4880.11,73.62,107.32,-2.17%,195522
706,"OMF","OneMain Holdings, Inc.","Financial","Credit Services","USA",4744.15,4.34,40.55,2.17%,1012554
707,"OMI","Owens & Minor, Inc.","Healthcare","Medical Distribution","USA",2357.88,12.73,32.37,0.90%,196252
708,"ON","ON Semiconductor Corporation","Technology","Semiconductors","USA",23484.92,17.23,54.85,-2.18%,3941689
709,"ONB","Old National Bancorp","Financial","Banks - Regional","USA",4321.10,14.99,15.28,0.07%,759042
710,"OPCH","Option Care Health, Inc.","Healthcare","Medical Care Facilities","USA",5280.81,33.14,31.10,-1.52%,665071
711,"OR","Osisko Gold Royalties Ltd","Basic Materials","Gold","Canada",2382.97,,9.98,2.52%,490653
712,"ORCL","Oracle Corporation","Technology","Software - Infrastructure","USA",185079.18,29.47,70.52,-0.31%,2370498
713,"ORI","Old Republic International Corporation","Financial","Insurance - Diversified","USA",6705.56,4.98,22.07,0.94%,936341
714,"ORLY","O'Reilly Automotive, Inc.","Consumer Cyclical","Specialty Retail","USA",44285.02,21.89,675.07,-1.19%,232664
715,"OSK","Oshkosh Corporation","Industrials","Farm & Heavy Construction Machinery","USA",5216.91,18.19,80.46,-0.14%,196167
716,"OTEX","Open Text Corporation","Technology","Software - Application","Canada",10145.26,21.81,38.76,1.72%,370082
717,"OUT","Outfront Media Inc.","Real Estate","REIT - Specialty","USA",2640.61,32.67,16.92,0.36%,316450
718,"OVV","Ovintiv Inc.","Energy","Oil & Gas E&P","USA",10208.95,12.86,43.61,5.85%,2062877
719,"OXY","Occidental Petroleum Corporation","Energy","Oil & Gas E&P","USA",53635.11,8.90,60.30,2.71%,15336704
720,"OZK","Bank OZK","Financial","Banks - Regional","USA",4548.67,8.49,37.15,0.61%,450341
721,"PAA","Plains All American Pipeline, L.P.","Energy","Oil & Gas Midstream","USA",6921.27,43.25,10.45,3.31%,2488133
722,"PAAS","Pan American Silver Corp.","Basic Materials","Silver","Canada",3882.01,21.17,18.56,1.56%,1421684
723,"PACW","PacWest Bancorp","Financial","Banks - Regional","USA",3064.12,5.65,27.35,0.22%,958916
724,"PAGS","PagSeguro Digital Ltd.","Technology","Software - Infrastructure","Brazil",3305.38,16.04,10.70,2.79%,1866553
725,"PANW","Palo Alto Networks, Inc.","Technology","Software - Infrastructure","USA",48819.44,,508.22,-0.15%,566269
726,"PARA","Paramount Global","Communication Services","Entertainment","USA",15774.00,4.39,24.49,-2.06%,9358902
727,"PAYX","Paychex, Inc.","Industrials","Staffing & Employment Services","USA",40843.40,29.99,114.89,-0.10%,597056
728,"PB","Prosperity Bancshares, Inc.","Financial","Banks - Regional","USA",6088.86,12.35,68.04,0.28%,134674
729,"PBF","PBF Energy Inc.","Energy","Oil & Gas Refining & Marketing","USA",3203.13,13.62,27.78,1.05%,859264
730,"PBR","Petroleo Brasileiro S.A. - Petrobras","Energy","Oil & Gas Integrated","Brazil",69181.06,2.65,11.48,2.23%,14318234
731,"PCAR","PACCAR Inc","Industrials","Farm & Heavy Construction Machinery","USA",27494.77,14.07,80.42,0.46%,705113
732,"PCG","PG&E Corporation","Utilities","Utilities - Regulated Electric","USA",24676.87,107.50,10.39,0.68%,5851064
733,"PDCE","PDC Energy, Inc.","Energy","Oil & Gas E&P","USA",5473.80,11.24,58.22,3.13%,670462
734,"PDCO","Patterson Companies, Inc.","Healthcare","Medical Distribution","USA",2879.98,14.62,30.18,0.07%,203741
735,"PDD","Pinduoduo Inc.","Consumer Cyclical","Internet Retail","China",69161.65,39.70,55.43,1.32%,4234355
736,"PEAK","Healthpeak Properties, Inc.","Real Estate","REIT - Healthcare Facilities","USA",13936.72,45.52,26.02,-0.76%,1149880
737,"PEB","Pebblebrook Hotel Trust","Real Estate","REIT - Hotel & Motel","USA",2281.55,,18.09,2.73%,997840
738,"PEG","Public Service Enterprise Group Incorporated","Utilities","Utilities - Diversified","USA",30125.44,,60.45,-0.17%,1194858
739,"PEGA","Pegasystems Inc.","Technology","Software - Application","USA",3663.66,,46.22,0.04%,151027
740,"PENN","Penn National Gaming, Inc.","Consumer Cyclical","Resorts & Casinos","USA",4862.29,14.50,31.85,1.43%,1503245
741,"PEP","PepsiCo, Inc.","Consumer Defensive","Beverages - Non-Alcoholic","USA",235967.63,25.24,169.43,-0.99%,1947048
742,"PFE","Pfizer Inc.","Healthcare","Drug Manufacturers - General","USA",288343.76,11.67,50.96,-1.53%,7976540
743,"PFG","Principal Financial Group, Inc.","Financial","Insurance - Diversified","USA",15446.82,10.77,62.48,-0.33%,673452
744,"PFGC","Performance Food Group Company","Consumer Defensive","Food Distribution","USA",7458.48,105.07,49.48,-0.44%,579947
745,"PFSI","PennyMac Financial Services, Inc.","Financial","Mortgage Finance","USA",2579.53,3.84,48.21,0.59%,149176
746,"PH","Parker-Hannifin Corporation","Industrials","Specialty Industrial Machinery","USA",31407.61,19.20,248.62,0.10%,454395
747,"PHG","Koninklijke Philips N.V.","Healthcare","Diagnostics & Research","Netherlands",18197.14,39.38,20.90,-0.05%,1483361
748,"PHM","PulteGroup, Inc.","Consumer Cyclical","Residential Construction","USA",10408.24,5.37,43.52,-0.98%,1234514
749,"PII","Polaris Inc.","Consumer Cyclical","Recreational Vehicles","USA",6395.02,15.63,108.22,0.34%,202956
750,"PK","Park Hotels & Resorts Inc.","Real Estate","REIT - Hotel & Motel","USA",3190.16,,14.37,3.67%,2066612
751,"PKG","Packaging Corporation of America","Consumer Cyclical","Packaging & Containers","USA",12690.51,13.84,134.09,-1.26%,352606
752,"PKI","PerkinElmer, Inc.","Healthcare","Diagnostics & Research","USA",16864.02,21.81,132.20,-2.18%,356171
753,"PLD","Prologis, Inc.","Real Estate","REIT - Industrial","USA",87447.88,24.23,119.62,-1.15%,2444961
754,"PLNT","Planet Fitness, Inc.","Consumer Cyclical","Leisure","USA",6594.26,117.59,75.58,0.75%,653426
755,"PLUG","Plug Power Inc.","Industrials","Electrical Equipment & Parts","USA",10261.27,,16.43,6.31%,21345460
756,"PM","Philip Morris International Inc.","Consumer Defensive","Tobacco","USA",138920.49,15.61,89.95,-0.26%,2230898
757,"PNC","The PNC Financial Services Group, Inc.","Financial","Banks - Regional","USA",62434.27,12.99,153.69,0.18%,1291168
758,"PNR","Pentair plc","Industrials","Specialty Industrial Machinery","United Kingdom",7476.32,14.11,46.10,-0.24%,628964
759,"PODD","Insulet Corporation","Healthcare","Medical Devices","USA",15771.81,383.30,226.27,-2.59%,248383
760,"POR","Portland General Electric Company","Utilities","Utilities - Regulated Electric","USA",4349.68,21.31,49.49,0.00%,397814
761,"PPC","Pilgrim's Pride Corporation","Consumer Defensive","Packaged Foods","USA",7286.78,35.19,30.16,-0.56%,176556
762,"PPG","PPG Industries, Inc.","Basic Materials","Specialty Chemicals","USA",27119.79,26.40,114.80,-1.71%,1090634
763,"PPL","PPL Corporation","Utilities","Utilities - Regulated Electric","USA",19957.60,202.43,27.40,-0.49%,1912808
764,"PRGO","Perrigo Company plc","Healthcare","Drug Manufacturers - Specialty & Generic","Ireland",5476.07,,40.79,-0.54%,707947
765,"PRMW","Primo Water Corporation","Consumer Defensive","Beverages - Non-Alcoholic","USA",2082.64,12980.00,13.11,1.04%,811058
766,"PRU","Prudential Financial, Inc.","Financial","Insurance - Life","USA",33914.66,7.49,92.86,0.57%,969947
767,"PSTG","Pure Storage, Inc.","Technology","Computer Hardware","USA",7593.00,,25.84,-0.31%,1064562
768,"PSX","Phillips 66","Energy","Oil & Gas Refining & Marketing","USA",37790.34,14.21,82.85,1.49%,1451983
769,"PTC","PTC Inc.","Technology","Software - Application","USA",11727.95,25.28,102.69,0.44%,293379
770,"PTCT","PTC Therapeutics, Inc.","Healthcare","Biotechnology","USA",3130.50,,43.55,-0.62%,198910
771,"PTEN","Patterson-UTI Energy, Inc.","Energy","Oil & Gas Drilling","USA",2744.85,,13.64,7.19%,3140741
772,"PUK","Prudential plc","Financial","Insurance - Life","United Kingdom",31680.09,14.08,24.30,2.88%,425794
773,"PVH","PVH Corp.","Consumer Cyclical","Apparel Manufacturing","USA",3691.09,4.11,57.26,0.50%,696631
774,"PWR","Quanta Services, Inc.","Industrials","Engineering & Construction","USA",18400.16,38.83,128.14,0.10%,392374
775,"PXD","Pioneer Natural Resources Company","Energy","Oil & Gas E&P","USA",49709.07,12.72,212.12,1.76%,1200779
776,"PYPL","PayPal Holdings, Inc.","Financial","Credit Services","USA",80541.95,24.43,74.25,0.46%,9137238
777,"PZZA","Papa John's International, Inc.","Consumer Cyclical","Restaurants","USA",2941.63,,82.20,-2.95%,300819
778,"QCOM","QUALCOMM Incorporated","Technology","Semiconductors","USA",158928.27,14.78,141.21,-2.19%,5413567
779,"QRVO","Qorvo, Inc.","Technology","Semiconductors","USA",10315.53,10.83,98.00,-2.18%,636614
780,"QSR","Restaurant Brands International Inc.","Consumer Cyclical","Restaurants","Canada",23159.31,19.35,51.74,-0.82%,984861
781,"QTWO","Q2 Holdings, Inc.","Technology","Software - Application","USA",2172.91,,38.40,-2.41%,108354
782,"R","Ryder System, Inc.","Industrials","Rental & Leasing Services","USA",3632.18,6.02,71.59,-1.39%,326357
783,"RARE","Ultragenyx Pharmaceutical Inc.","Healthcare","Biotechnology","USA",4515.66,,61.90,-4.40%,160234
784,"RBA","Ritchie Bros. Auctioneers Incorporated","Industrials","Specialty Business Services","Canada",7390.73,25.06,67.43,-0.52%,296447
785,"RCL","Royal Caribbean Cruises Ltd.","Consumer Cyclical","Travel Services","USA",7975.09,,34.18,4.33%,6607975
786,"RCM","R1 RCM Inc.","Healthcare","Health Information Services","USA",9148.16,70.82,22.94,-2.13%,477368
787,"RCUS","Arcus Biosciences, Inc.","Healthcare","Biotechnology","USA",2118.47,,28.05,-3.43%,299899
788,"RDN","Radian Group Inc.","Financial","Insurance - Specialty","USA",3530.44,5.90,20.51,-1.91%,795795
789,"REG","Regency Centers Corporation","Real Estate","REIT - Retail","USA",10122.63,21.64,60.63,0.71%,374512
790,"RELX","RELX PLC","Communication Services","Publishing","United Kingdom",51952.73,30.52,27.36,-0.07%,1202317
791,"REXR","Rexford Industrial Realty, Inc.","Real Estate","REIT - Industrial","USA",9787.52,68.00,58.56,-1.81%,705024
792,"REZI","Resideo Technologies, Inc.","Industrials","Security & Protection Services","USA",2907.97,10.87,20.41,-0.29%,231456
793,"RF","Regions Financial Corporation","Financial","Banks - Regional","USA",17045.33,7.96,19.42,1.20%,2937536
794,"RFP","Resolute Forest Products Inc.","Basic Materials","Paper & Paper Products","Canada",2435.33,3.74,20.06,-0.40%,986275
795,"RGEN","Repligen Corporation","Healthcare","Medical Instruments & Supplies","USA",9021.13,66.08,161.99,-2.87%,263806
796,"RGLD","Royal Gold, Inc.","Basic Materials","Gold","USA",6810.96,23.75,103.20,-0.20%,234932
797,"RH","RH","Consumer Cyclical","Specialty Retail","USA",6308.75,10.73,257.49,-3.68%,466446
798,"RHI","Robert Half International Inc.","Industrials","Staffing & Employment Services","USA",8392.74,12.99,78.20,2.01%,423718
799,"RIO","Rio Tinto Group","Basic Materials","Other Industrial Metals & Mining","United Kingdom",92280.37,4.28,56.73,2.38%,2824615
800,"RJF","Raymond James Financial, Inc.","Financial","Capital Markets","USA",18914.35,12.72,89.50,-0.75%,421426
801,"RL","Ralph Lauren Corporation","Consumer Cyclical","Apparel Manufacturing","USA",6488.38,11.60,92.68,-0.35%,416420
802,"RMBS","Rambus Inc.","Technology","Semiconductors","USA",2365.71,,21.98,-0.36%,181690
803,"RNG","RingCentral, Inc.","Technology","Software - Application","USA",4548.67,,49.75,1.53%,439771
804,"ROK","Rockwell Automation, Inc.","Industrials","Specialty Industrial Machinery","USA",23214.38,37.53,205.81,-0.26%,350877
805,"ROKU","Roku, Inc.","Communication Services","Entertainment","USA",11196.42,88.06,87.87,2.45%,5544958
806,"ROL","Rollins, Inc.","Consumer Cyclical","Personal Services","USA",17314.77,52.98,35.47,-0.38%,618408
807,"ROP","Roper Technologies, Inc.","Industrials","Specialty Industrial Machinery","USA",41107.45,42.20,393.59,-0.39%,214095
808,"ROST","Ross Stores, Inc.","Consumer Cyclical","Apparel Retail","USA",26933.51,17.34,79.68,2.17%,1789515
809,"RPD","Rapid7, Inc.","Technology","Software - Application","USA",3948.32,,69.15,0.41%,242683
810,"RPM","RPM International Inc.","Basic Materials","Specialty Chemicals","USA",10562.89,23.68,81.34,-0.73%,291317
811,"RRC","Range Resources Corporation","Energy","Oil & Gas E&P","USA",7163.05,,28.01,3.70%,1807446
812,"RRR","Red Rock Resorts, Inc.","Consumer Cyclical","Resorts & Casinos","USA",3529.04,11.01,34.27,0.41%,360867
813,"RSG","Republic Services, Inc.","Industrials","Waste Management","USA",40551.15,30.54,127.77,-0.95%,386974
814,"RTX","Raytheon Technologies Corporation","Industrials","Aerospace & Defense","USA",133968.52,32.55,90.10,-1.24%,2689097
815,"RUN","Sunrun Inc.","Technology","Solar","USA",5286.39,,24.35,3.35%,5117263
816,"RY","Royal Bank of Canada","Financial","Banks - Diversified","Canada",128860.09,10.44,93.30,2.39%,738694
817,"RYAAY","Ryanair Holdings plc","Industrials","Airlines","Ireland",13749.55,,70.25,1.80%,439835
818,"RYN","Rayonier Inc.","Real Estate","REIT - Specialty","USA",5029.36,29.47,34.49,0.12%,201222
819,"SAGE","Sage Therapeutics, Inc.","Healthcare","Biotechnology","USA",2080.45,,34.28,-2.74%,172388
820,"SAIL","SailPoint Technologies Holdings, Inc.","Technology","Software - Infrastructure","USA",5943.68,,63.71,0.13%,360634
821,"SAN","Banco Santander, S.A.","Financial","Banks - Diversified","Spain",39887.87,4.43,2.40,2.57%,8543853
822,"SAP","SAP SE","Technology","Software - Application","Germany",104975.20,20.91,88.17,0.19%,703662
823,"SAVE","Spirit Airlines, Inc.","Industrials","Airlines","USA",2581.78,,24.09,-1.79%,1598889
824,"SBLK","Star Bulk Carriers Corp.","Industrials","Marine Shipping","Greece",2297.83,2.98,24.52,3.20%,1998867
825,"SBNY","Signature Bank","Financial","Banks - Regional","USA",11536.35,11.21,194.67,1.62%,618583
826,"SBRA","Sabra Health Care REIT, Inc.","Real Estate","REIT - Healthcare Facilities","USA",3284.22,,14.47,-0.41%,626585
827,"SBS","Companhia de Saneamento Basico do Estado de Sao Paulo","Utilities","Utilities - Regulated Water","Brazil",5334.93,10.59,7.82,-1.57%,788242
828,"SBSW","Sibanye Stillwater Limited","Basic Materials","Gold","South Africa",6348.90,3.39,9.11,2.94%,2399898
829,"SBUX","Starbucks Corporation","Consumer Cyclical","Restaurants","USA",89687.95,21.31,80.39,0.97%,4151893
830,"SCCO","Southern Copper Corporation","Basic Materials","Copper","USA",35515.85,10.62,48.00,2.21%,952758
831,"SCHW","The Charles Schwab Corporation","Financial","Capital Markets","USA",114862.01,22.51,61.08,-1.77%,6220647
832,"SCI","Service Corporation International","Consumer Cyclical","Personal Services","USA",10903.32,14.74,69.04,-1.02%,455036
833,"SE","Sea Limited","Communication Services","Electronic Gaming & Multimedia","Singapore",37939.15,,69.72,0.82%,3149967
834,"SEAS","SeaWorld Entertainment, Inc.","Consumer Cyclical","Leisure","USA",2938.28,11.36,42.46,1.92%,368282
835,"SEDG","SolarEdge Technologies, Inc.","Technology","Solar","Israel",14900.89,85.40,279.33,5.07%,733852
836,"SEE","Sealed Air Corporation","Consumer Cyclical","Packaging & Containers","USA",8220.09,15.94,55.90,-1.26%,295294
837,"SEIC","SEI Investments Company","Financial","Asset Management","USA",7077.34,12.36,52.55,-0.83%,197261
838,"SEM","Select Medical Holdings Corporation","Healthcare","Medical Care Facilities","USA",3329.83,10.44,26.45,0.19%,185032
839,"SF","Stifel Financial Corp.","Financial","Capital Markets","USA",5656.94,8.28,55.18,0.24%,305879
840,"SFNC","Simmons First National Corporation","Financial","Banks - Regional","USA",2624.83,8.60,20.97,0.38%,280838
841,"SGEN","Seagen Inc.","Healthcare","Biotechnology","USA",32432.29,,170.05,-4.85%,1487646
842,"SGRY","Surgery Partners, Inc.","Healthcare","Medical Care Facilities","USA",2734.09,,34.12,1.08%,274486
843,"SHEL","Shell plc","Energy","Oil & Gas Integrated","United Kingdom",169117.58,8.51,48.67,2.52%,2597763
844,"SHLX","Shell Midstream Partners, L.P.","Energy","Oil & Gas Midstream","USA",5623.97,12.28,14.41,0.87%,696235
845,"SHO","Sunstone Hotel Investors, Inc.","Real Estate","REIT - Hotel & Motel","USA",2059.62,26.75,10.01,2.25%,1093122
846,"SHOO","Steven Madden, Ltd.","Consumer Cyclical","Footwear & Accessories","USA",2509.95,10.56,32.44,1.88%,453813
847,"SHOP","Shopify Inc.","Technology","Software - Application","Canada",38687.56,252.18,32.68,4.51%,23882521
848,"SHW","The Sherwin-Williams Company","Basic Materials","Specialty Chemicals","USA",63585.44,35.77,243.82,-0.71%,586231
849,"SID","Companhia Siderurgica Nacional","Basic Materials","Steel","Brazil",3441.10,2.35,2.59,-0.58%,5444384
850,"SIG","Signet Jewelers Limited","Consumer Cyclical","Luxury Goods","Bermuda",2481.45,7.21,56.62,2.31%,470285
851,"SIMO","Silicon Motion Technology Corporation","Technology","Semiconductors","Hong Kong",2856.14,13.71,86.10,-0.13%,291325
852,"SIRI","Sirius XM Holdings Inc.","Communication Services","Broadcasting","USA",24758.21,18.41,6.34,-0.16%,6713526
853,"SITC","SITE Centers Corp.","Real Estate","REIT - Retail","USA",2786.19,26.83,13.45,0.49%,672273
854,"SIVB","SVB Financial Group","Financial","Banks - Regional","USA",23136.06,13.86,413.89,1.29%,295354
855,"SJI","South Jersey Industries, Inc.","Utilities","Utilities - Diversified","USA",4136.13,48.22,33.96,0.03%,261101
856,"SJR","Shaw Communications Inc.","Communication Services","Telecom Services","Canada",13039.84,20.76,26.75,0.39%,354980
857,"SKX","Skechers U.S.A., Inc.","Consumer Cyclical","Footwear & Accessories","USA",5701.15,7.56,37.17,1.23%,967982
858,"SKY","Skyline Champion Corporation","Consumer Cyclical","Residential Construction","USA",3096.26,12.78,55.40,0.14%,143730
859,"SLB","Schlumberger Limited","Energy","Oil & Gas Equipment & Services","USA",44283.62,22.09,33.14,2.60%,7819305
860,"SLF","Sun Life Financial Inc.","Financial","Insurance - Diversified","Canada",25573.63,8.66,43.47,0.18%,408918
861,"SLG","SL Green Realty Corp.","Real Estate","REIT - Office","USA",2873.01,7.07,46.44,1.22%,563229
862,"SLGN","Silgan Holdings Inc.","Consumer Cyclical","Packaging & Containers","USA",4378.61,11.80,39.46,0.33%,120341
863,"SLM","SLM Corporation","Financial","Credit Services","USA",4164.77,7.25,15.85,0.67%,1555619
864,"SM","SM Energy Company","Energy","Oil & Gas E&P","USA",3878.79,14.37,33.33,3.90%,775287
865,"SMAR","Smartsheet Inc.","Technology","Software - Application","USA",3876.86,,30.67,0.56%,783663
866,"SMFG","Sumitomo Mitsui Financial Group, Inc.","Financial","Banks - Diversified","Japan",40604.81,7.92,5.87,-0.17%,3799843
867,"SMG","The Scotts Miracle-Gro Company","Basic Materials","Agricultural Inputs","USA",4380.68,11.22,81.35,1.24%,210914
868,"SMPL","The Simply Good Foods Company","Consumer Defensive","Packaged Foods","USA",3520.11,36.66,35.56,0.41%,187283
869,"SNAP","Snap Inc.","Communication Services","Internet Content & Information","USA",21609.72,,13.94,2.16%,33280845
870,"SNDR","Schneider National, Inc.","Industrials","Trucking","USA",4012.00,9.15,22.75,0.20%,142154
871,"SNN","Smith & Nephew plc","Healthcare","Medical Devices","United Kingdom",11690.13,23.01,27.70,0.91%,577955
872,"SNPS","Synopsys, Inc.","Technology","Software - Infrastructure","USA",46657.83,48.93,311.94,-0.75%,415865
873,"SNV","Synovus Financial Corp.","Financial","Banks - Regional","USA",5046.30,7.53,36.67,1.13%,611847
874,"SON","Sonoco Products Company","Consumer Cyclical","Packaging & Containers","USA",5622.31,,57.72,-0.40%,108350
875,"SONO","Sonos, Inc.","Technology","Consumer Electronics","USA",2401.77,19.46,19.02,-0.58%,718252
876,"SONY","Sony Group Corporation","Technology","Consumer Electronics","Japan",102826.34,16.18,82.45,0.37%,440802
877,"SPG","Simon Property Group, Inc.","Real Estate","REIT - Retail","USA",30892.05,14.22,98.02,1.72%,806847
878,"SPGI","S&P Global Inc.","Financial","Financial Data & Stock Exchanges","USA",117324.35,25.22,347.32,-0.61%,899598
879,"SPLK","Splunk Inc.","Technology","Software - Infrastructure","USA",14445.63,,96.57,1.21%,869412
880,"SPOT","Spotify Technology S.A.","Communication Services","Internet Content & Information","Luxembourg",18556.52,278.07,103.10,0.75%,1010837
881,"SPR","Spirit AeroSystems Holdings, Inc.","Industrials","Aerospace & Defense","USA",3346.98,,32.42,0.89%,1623040
882,"SPWR","SunPower Corporation","Technology","Solar","USA",2879.20,340.43,16.42,2.59%,1493705
879,IBRX,"ImmunityBio, Inc.",Healthcare,Biotechnology,USA,1775.42,,4.48,0.22%,1481110
883,"SQ","Block, Inc.","Technology","Software - Infrastructure","USA",36234.90,,66.76,1.18%,10430460
884,"SQM","Sociedad Quimica y Minera de Chile S.A.","Basic Materials","Chemicals","Chile",21840.00,18.50,85.76,0.82%,754152
885,"SRC","Spirit Realty Capital, Inc.","Real Estate","REIT - Diversified","USA",5402.09,22.92,40.98,-0.94%,269823
886,"SRE","Sempra","Utilities","Utilities - Diversified","USA",46519.91,47.83,150.43,-0.54%,973153
887,"SRPT","Sarepta Therapeutics, Inc.","Healthcare","Biotechnology","USA",7197.10,,84.63,1.25%,428141
888,"SSNC","SS&C Technologies Holdings, Inc.","Technology","Software - Application","USA",14769.59,19.86,58.62,-1.03%,511374
889,"SSRM","SSR Mining Inc.","Basic Materials","Gold","USA",3463.91,11.31,16.48,0.76%,919199
890,"ST","Sensata Technologies Holding plc","Technology","Scientific & Technical Instruments","USA",6147.85,19.52,40.22,-1.16%,994159
891,"STAA","STAAR Surgical Company","Healthcare","Medical Instruments & Supplies","USA",3487.89,130.12,75.04,-2.08%,136950
892,"STAG","STAG Industrial, Inc.","Real Estate","REIT - Industrial","USA",5301.10,23.10,29.65,-0.57%,595269
893,"STLD","Steel Dynamics, Inc.","Basic Materials","Steel","USA",12440.30,3.46,67.87,1.21%,554643
894,"STM","STMicroelectronics N.V.","Technology","Semiconductors","Switzerland",28689.61,12.77,32.55,-0.49%,2243152
895,"STNE","StoneCo Ltd.","Technology","Software - Application","Cayman Islands",2519.96,,8.74,1.75%,7506453
896,"STOR","STORE Capital Corporation","Real Estate","REIT - Diversified","USA",7348.09,24.40,26.73,-0.48%,1982842
897,"STT","State Street Corporation","Financial","Asset Management","USA",21967.93,8.90,64.96,-1.07%,1949657
898,"STWD","Starwood Property Trust, Inc.","Real Estate","REIT - Mortgage","USA",6466.76,9.93,21.58,0.58%,2078110
899,"STX","Seagate Technology Holdings plc","Technology","Computer Hardware","Ireland",16238.27,9.54,77.29,-0.37%,941886
900,"STZ","Constellation Brands, Inc.","Consumer Defensive","Beverages - Wineries & Distilleries","USA",47206.00,39.89,244.75,0.08%,477131
901,"SU","Suncor Energy Inc.","Energy","Oil & Gas Integrated","Canada",42397.93,9.22,30.83,2.14%,5997043
902,"SUI","Sun Communities, Inc.","Real Estate","REIT - Residential","USA",19400.45,52.35,159.76,-0.47%,186201
903,"SUM","Summit Materials, Inc.","Basic Materials","Building Materials","USA",2735.13,19.99,24.00,1.99%,200104
904,"SWAV","ShockWave Medical, Inc.","Healthcare","Medical Devices","USA",7140.80,265.03,207.20,-1.29%,254991
905,"SWCH","Switch, Inc.","Technology","Information Technology Services","USA",8248.08,843.50,33.72,-0.07%,709043
906,"SWK","Stanley Black & Decker, Inc.","Industrials","Tools & Accessories","USA",16019.15,13.73,107.10,-0.03%,645846
907,"SWKS","Skyworks Solutions, Inc.","Technology","Semiconductors","USA",15998.81,12.27,99.79,-1.26%,863258
908,"SWN","Southwestern Energy Company","Energy","Oil & Gas E&P","USA",6261.81,,6.11,6.16%,20188410
909,"SYF","Synchrony Financial","Financial","Credit Services","USA",15034.55,4.26,31.48,0.29%,3579022
910,"SYK","Stryker Corporation","Healthcare","Medical Devices","USA",72748.70,36.96,189.70,-2.60%,1293976
911,"SYNA","Synaptics Incorporated","Technology","Semiconductors","USA",4725.06,26.01,122.83,-0.78%,117277
912,"SYNH","Syneos Health, Inc.","Healthcare","Diagnostics & Research","USA",7258.43,31.51,71.57,-1.70%,297956
913,"SYY","Sysco Corporation","Consumer Defensive","Food Distribution","USA",44192.02,45.10,86.57,-1.20%,1400328
914,"T","AT&T Inc.","Communication Services","Telecom Services","USA",145542.42,8.68,20.57,0.00%,14111698
915,"TAK","Takeda Pharmaceutical Company Limited","Healthcare","Drug Manufacturers - Specialty & Generic","Japan",45457.50,27.58,14.48,-0.03%,2779963
916,"TAP","Molson Coors Beverage Company","Consumer Defensive","Beverages - Brewers","USA",12623.43,11.89,58.35,-0.49%,1206415
917,"TCBI","Texas Capital Bancshares, Inc.","Financial","Banks - Regional","USA",2707.98,13.98,54.61,-1.27%,198702
918,"TCN","Tricon Residential Inc.","Real Estate","Real Estate Services","Canada",3702.66,2.89,10.28,0.64%,510875
919,"TCOM","Trip.com Group Limited","Consumer Cyclical","Travel Services","China",16549.68,,25.66,1.18%,2393307
920,"TD","The Toronto-Dominion Bank","Financial","Banks - Diversified","Canada",109609.54,9.86,61.51,1.61%,1227442
921,"TDC","Teradata Corporation","Technology","Information Technology Services","USA",3828.72,31.82,36.92,-0.50%,204226
922,"TDOC","Teladoc Health, Inc.","Healthcare","Health Information Services","USA",6315.06,,39.42,-2.86%,2297644
923,"TEAM","Atlassian Corporation Plc","Technology","Software - Application","Australia",47026.05,,187.50,-0.74%,1082437
924,"TECK","Teck Resources Limited","Basic Materials","Other Industrial Metals & Mining","Canada",13891.75,4.64,27.29,1.41%,6736914
925,"TEF","Telefonica, S.A.","Communication Services","Telecom Services","Spain",27480.70,3.42,4.72,-0.63%,937401
926,"TEL","TE Connectivity Ltd.","Technology","Electronic Components","Switzerland",36218.93,15.30,114.90,-0.66%,652109
927,"TENB","Tenable Holdings, Inc.","Technology","Software - Infrastructure","USA",5121.32,,45.87,-2.24%,669407
928,"TER","Teradyne, Inc.","Technology","Semiconductor Equipment & Materials","USA",14724.38,17.53,93.20,-0.59%,701306
929,"TEVA","Teva Pharmaceutical Industries Limited","Healthcare","Drug Manufacturers - Specialty & Generic","Israel",7786.50,,7.07,0.78%,7409137
930,"TFC","Truist Financial Corporation","Financial","Banks - Regional","USA",60179.88,10.58,47.07,-0.72%,3970651
931,"TGNA","TEGNA Inc.","Communication Services","Broadcasting","USA",4374.51,9.03,20.60,1.98%,467494
932,"TGT","Target Corporation","Consumer Defensive","Discount Stores","USA",67834.87,12.16,150.26,2.45%,2781277
933,"THC","Tenet Healthcare Corporation","Healthcare","Medical Care Facilities","USA",5755.54,6.34,55.48,-0.13%,431586
934,"THO","Thor Industries, Inc.","Consumer Cyclical","Recreational Vehicles","USA",4356.71,4.14,81.43,0.48%,411672
935,"TIMB","TIM S.A.","Communication Services","Telecom Services","Brazil",5793.88,10.12,11.84,-0.42%,225044
936,"TJX","The TJX Companies, Inc.","Consumer Cyclical","Apparel Retail","USA",68833.71,21.94,61.02,0.76%,4528501
937,"TKC","Turkcell Iletisim Hizmetleri A.S.","Communication Services","Telecom Services","Turkey",2135.80,8.14,2.51,-0.99%,69992
938,"TME","Tencent Music Entertainment Group","Communication Services","Internet Content & Information","China",7220.98,18.01,4.45,2.53%,6036696
939,"TMHC","Taylor Morrison Home Corporation","Consumer Cyclical","Residential Construction","USA",3115.49,4.44,25.82,-1.68%,498638
940,"TMO","Thermo Fisher Scientific Inc.","Healthcare","Diagnostics & Research","USA",205762.12,28.06,523.84,-2.79%,655434
941,"TMX","Terminix Global Holdings, Inc.","Consumer Cyclical","Personal Services","USA",4976.70,44.68,42.36,0.76%,417666
942,"TNDM","Tandem Diabetes Care, Inc.","Healthcare","Medical Devices","USA",3428.20,621.03,53.88,-0.28%,274406
943,"TNL","Travel + Leisure Co.","Consumer Cyclical","Travel Services","USA",3395.21,10.65,42.53,3.73%,623416
944,"TOL","Toll Brothers, Inc.","Consumer Cyclical","Residential Construction","USA",5459.22,6.02,47.65,-0.75%,425918
945,"TPR","Tapestry, Inc.","Consumer Cyclical","Luxury Goods","USA",7831.21,9.94,31.33,1.74%,1658234
946,"TPX","Tempur Sealy International, Inc.","Consumer Cyclical","Furnishings, Fixtures & Appliances","USA",3947.95,7.27,23.14,1.45%,1154698
947,"TREX","Trex Company, Inc.","Industrials","Building Products & Equipment","USA",6265.74,27.81,56.92,2.10%,606126
948,"TRGP","Targa Resources Corp.","Energy","Oil & Gas Midstream","USA",13177.58,,60.62,3.00%,727217
949,"TRI","Thomson Reuters Corporation","Industrials","Consulting Services","Canada",51679.12,31.43,105.27,-1.15%,329780
950,"TRIP","Tripadvisor, Inc.","Consumer Cyclical","Travel Services","USA",2402.98,,18.22,5.07%,1964314
951,"TRMB","Trimble Inc.","Technology","Scientific & Technical Instruments","USA",14250.44,30.51,58.52,-0.27%,324196
952,"TROW","T. Rowe Price Group, Inc.","Financial","Asset Management","USA",25373.22,9.33,114.04,-1.16%,666413
953,"TROX","Tronox Holdings plc","Basic Materials","Chemicals","USA",2352.95,8.60,15.54,1.77%,323842
954,"TRP","TC Energy Corporation","Energy","Oil & Gas Midstream","Canada",50118.80,20.15,52.35,2.70%,1066313
955,"TRQ","Turquoise Hill Resources Ltd.","Basic Materials","Copper","Canada",4970.78,8.92,25.72,3.00%,369228
956,"TRU","TransUnion","Industrials","Consulting Services","USA",15767.09,58.65,82.88,-0.42%,320495
957,"TRV","The Travelers Companies, Inc.","Financial","Insurance - Property & Casualty","USA",37356.69,9.87,155.77,-0.26%,558557
958,"TS","Tenaris S.A.","Energy","Oil & Gas Equipment & Services","Luxembourg",14245.47,9.77,25.73,3.86%,1999850
959,"TSCO","Tractor Supply Company","Consumer Cyclical","Specialty Retail","USA",22575.52,23.32,204.52,0.65%,759587
960,"TSEM","Tower Semiconductor Ltd.","Technology","Semiconductors","Israel",5016.27,28.89,45.77,-0.67%,976959
961,"TSLA","Tesla, Inc.","Consumer Cyclical","Auto Manufacturers","USA",723268.04,97.35,725.27,0.70%,22780458
962,"TSM","Taiwan Semiconductor Manufacturing Company Limited","Technology","Semiconductors","Taiwan",413250.37,17.44,83.47,-2.52%,8068847
963,"TSN","Tyson Foods, Inc.","Consumer Defensive","Farm Products","USA",29480.87,7.04,82.36,0.53%,632240
964,"TT","Trane Technologies plc","Industrials","Specialty Industrial Machinery","Ireland",29779.37,21.16,126.83,-2.11%,653613
965,"TTC","The Toro Company","Industrials","Tools & Accessories","USA",8314.86,23.78,78.68,-1.07%,98554
966,"TTD","The Trade Desk, Inc.","Technology","Software - Application","USA",20041.50,214.43,43.78,1.57%,3517031
967,"TTE","TotalEnergies SE","Energy","Oil & Gas Integrated","France",121439.28,7.33,49.28,2.82%,1069164
968,"TTWO","Take-Two Interactive Software, Inc.","Communication Services","Electronic Gaming & Multimedia","USA",19898.98,34.62,124.00,0.12%,1824664
969,"TU","TELUS Corporation","Communication Services","Telecom Services","Canada",30648.91,23.12,21.92,-0.20%,489749
970,"TV","Grupo Televisa, S.A.B.","Communication Services","Broadcasting","Mexico",4420.04,20.68,7.98,0.50%,296180
971,"TWLO","Twilio Inc.","Communication Services","Internet Content & Information","USA",14749.08,,85.13,0.83%,1986719
972,"TWNK","Hostess Brands, Inc.","Consumer Defensive","Packaged Foods","USA",2877.68,22.79,20.69,-0.91%,345949
973,"TWST","Twist Bioscience Corporation","Healthcare","Diagnostics & Research","USA",2308.18,,41.04,-3.42%,621611
974,"TWTR","Twitter, Inc.","Communication Services","Internet Content & Information","USA",27732.11,155.95,38.18,1.16%,11242453
975,"TXN","Texas Instruments Incorporated","Technology","Semiconductors","USA",145558.40,18.36,159.94,-0.37%,2132043
976,"TXRH","Texas Roadhouse, Inc.","Consumer Cyclical","Restaurants","USA",5432.11,22.25,80.38,-1.50%,539570
977,"TXT","Textron Inc.","Industrials","Aerospace & Defense","USA",12703.08,17.53,60.21,0.10%,559449
978,"UAA","Under Armour, Inc.","Consumer Cyclical","Apparel Manufacturing","USA",3650.12,17.72,8.29,-0.48%,4587706
979,"UAL","United Airlines Holdings, Inc.","Industrials","Airlines","USA",12366.94,,39.33,1.42%,9535565
980,"UBS","UBS Group AG","Financial","Banks - Diversified","Switzerland",53740.16,7.25,15.90,1.24%,3363794
981,"UBSI","United Bankshares, Inc.","Financial","Banks - Regional","USA",4622.91,13.57,35.38,-0.14%,235611
982,"UCBI","United Community Banks, Inc.","Financial","Banks - Regional","USA",3181.97,12.05,31.09,-0.19%,224582
983,"UDR","UDR, Inc.","Real Estate","REIT - Residential","USA",14016.05,88.73,44.48,-0.34%,778763
984,"UGI","UGI Corporation","Utilities","Utilities - Regulated Gas","USA",8383.06,5.78,40.48,0.35%,469571
985,"UGP","Ultrapar Participacoes S.A.","Energy","Oil & Gas Refining & Marketing","Brazil",2453.09,17.42,2.25,0.90%,514889
986,"UHS","Universal Health Services, Inc.","Healthcare","Medical Care Facilities","USA",7459.79,9.03,104.27,1.18%,470020
987,"ULTA","Ulta Beauty, Inc.","Consumer Cyclical","Specialty Retail","USA",19981.17,19.66,394.77,-0.62%,325653
988,"UMC","United Microelectronics Corporation","Technology","Semiconductors","Taiwan",16249.17,7.61,6.75,0.75%,3913629
989,"UMPQ","Umpqua Holdings Corporation","Financial","Banks - Regional","USA",3615.94,9.25,17.09,0.12%,502085
990,"UNFI","United Natural Foods, Inc.","Consumer Defensive","Food Distribution","USA",2348.72,9.97,41.35,0.32%,88975
991,"UNH","UnitedHealth Group Incorporated","Healthcare","Healthcare Plans","USA",471366.25,29.00,524.32,-1.03%,1723594
992,"UNIT","Uniti Group Inc.","Real Estate","REIT - Specialty","USA",2162.43,13.98,9.32,0.16%,465469
993,"UNM","Unum Group","Financial","Insurance - Life","USA",6372.83,7.11,32.46,0.93%,1034275
994,"UNP","Union Pacific Corporation","Industrials","Railroads","USA",129070.86,19.85,210.81,0.80%,982289
995,"UNVR","Univar Solutions Inc.","Basic Materials","Chemicals","USA",3946.47,7.12,23.91,0.31%,313069
996,"UPS","United Parcel Service, Inc.","Industrials","Integrated Freight & Logistics","USA",155774.83,14.89,181.08,-0.83%,996412
997,"UPWK","Upwork Inc.","Industrials","Staffing & Employment Services","USA",2618.95,,20.58,-0.19%,677576
998,"URI","United Rentals, Inc.","Industrials","Rental & Leasing Services","USA",17797.53,11.84,256.36,1.79%,588918
999,"USB","U.S. Bancorp","Financial","Banks - Regional","USA",65743.80,10.04,46.78,0.44%,4114743
1000,"USFD","US Foods Holding Corp.","Consumer Defensive","Food Distribution","USA",7039.18,50.33,31.86,-0.93%,508634
1001,"UTZ","Utz Brands, Inc.","Consumer Defensive","Packaged Foods","USA",2084.43,49.31,14.90,-0.27%,218760
1002,"V","Visa Inc.","Financial","Credit Services","USA",428943.67,34.47,207.94,-1.00%,2636613
1003,"VALE","Vale S.A.","Basic Materials","Other Industrial Metals & Mining","Brazil",62634.32,2.69,12.72,0.51%,18324152
1004,"VEEV","Veeva Systems Inc.","Healthcare","Health Information Services","USA",30689.45,69.98,201.29,-0.88%,366981
1005,"VET","Vermilion Energy Inc.","Energy","Oil & Gas E&P","Canada",4158.14,3.61,21.54,7.11%,3046867
1006,"VFC","V.F. Corporation","Consumer Cyclical","Apparel Manufacturing","USA",17450.53,14.69,45.49,0.09%,1813710
1007,"VG","Vonage Holdings Corp.","Communication Services","Telecom Services","USA",5041.70,,20.98,0.00%,1808670
1008,"VIAV","Viavi Solutions Inc.","Technology","Communication Equipment","USA",3046.09,,13.69,0.16%,737883
1009,"VICI","VICI Properties Inc.","Real Estate","REIT - Diversified","USA",30170.87,20.09,32.29,-0.62%,3328463
1010,"VIPS","Vipshop Holdings Limited","Consumer Cyclical","Internet Retail","China",5574.57,10.58,9.99,4.01%,2763426
1011,"VIV","Telefonica Brasil S.A.","Communication Services","Telecom Services","Brazil",14616.43,13.21,8.73,-0.40%,617533
1012,"VLO","Valero Energy Corporation","Energy","Oil & Gas Refining & Marketing","USA",41127.92,16.84,106.58,1.90%,1903220
1013,"VLY","Valley National Bancorp","Financial","Banks - Regional","USA",5133.35,9.36,10.58,1.24%,1287077
1014,"VMC","Vulcan Materials Company","Basic Materials","Building Materials","USA",19571.55,32.77,148.90,0.12%,188869
1015,"VMW","VMware, Inc.","Technology","Software - Infrastructure","USA",45890.71,28.56,111.80,1.07%,811218
1016,"VNO","Vornado Realty Trust","Real Estate","REIT - Office","USA",5501.16,45.05,28.96,0.14%,940395
1017,"VNOM","Viper Energy Partners LP","Energy","Oil & Gas Midstream","USA",4176.90,24.27,26.11,2.77%,271251
1018,"VOD","Vodafone Group Public Limited Company","Communication Services","Telecom Services","United Kingdom",42546.06,21.35,15.51,1.01%,3292855
1019,"VOYA","Voya Financial, Inc.","Financial","Financial Conglomerates","USA",5799.19,7.00,57.67,-0.65%,516141
1020,"VRNS","Varonis Systems, Inc.","Technology","Software - Infrastructure","USA",2995.50,,27.19,-1.81%,567028
1021,"VRNT","Verint Systems Inc.","Technology","Software - Infrastructure","USA",2662.00,,42.21,1.05%,113600
1022,"VRRM","Verra Mobility Corporation","Industrials","Security & Protection Services","USA",2444.88,43.49,16.45,2.27%,2182085
1023,"VRSK","Verisk Analytics, Inc.","Industrials","Consulting Services","USA",27779.45,28.93,176.74,-1.17%,296678
1024,"VRSN","VeriSign, Inc.","Technology","Software - Infrastructure","USA",19059.58,24.95,176.01,-0.83%,300067
1025,"VRT","Vertiv Holdings Co","Industrials","Electrical Equipment & Parts","USA",3175.49,33.99,8.85,-1.06%,1701615
1026,"VSH","Vishay Intertechnology, Inc.","Technology","Semiconductors","USA",2693.12,8.51,18.67,-3.29%,559640
1027,"VST","Vistra Corp.","Utilities","Utilities - Independent Power Producers","USA",9901.78,25.46,22.85,1.20%,1835774
1028,"VTR","Ventas, Inc.","Real Estate","REIT - Healthcare Facilities","USA",19940.82,133.88,50.30,-0.87%,408523
1029,"VTRS","Viatris Inc.","Healthcare","Drug Manufacturers - Specialty & Generic","USA",11941.35,71.90,9.92,0.71%,5025508
1030,"VVV","Valvoline Inc.","Energy","Oil & Gas Refining & Marketing","USA",5303.26,12.57,30.00,-0.13%,407532
1031,"W","Wayfair Inc.","Consumer Cyclical","Internet Retail","USA",5170.88,,52.24,0.46%,2022831
1032,"WAB","Westinghouse Air Brake Technologies Corporation","Industrials","Railroads","USA",14716.10,26.33,82.70,-0.57%,187161
1033,"WAL","Western Alliance Bancorporation","Financial","Banks - Regional","USA",7544.91,8.12,74.09,1.58%,456218
1034,"WB","Weibo Corporation","Communication Services","Internet Content & Information","China",5027.17,14.50,19.95,3.31%,340510
1035,"WBA","Walgreens Boots Alliance, Inc.","Healthcare","Pharmaceutical Retailers","USA",31856.59,6.45,38.22,0.50%,2417388
1036,"WBD","Warner Bros. Discovery, Inc.","Communication Services","Entertainment","USA",33077.94,6.93,13.84,-0.90%,10134880
1037,"WBS","Webster Financial Corporation","Financial","Banks - Regional","USA",7441.00,14.06,43.85,0.23%,294978
1038,"WBT","Welbilt, Inc.","Industrials","Specialty Industrial Machinery","USA",3426.25,55.92,23.99,0.00%,1937025
1039,"WCC","WESCO International, Inc.","Industrials","Industrial Distribution","USA",5170.30,10.27,103.42,-0.79%,218672
1040,"WCN","Waste Connections, Inc.","Industrials","Waste Management","Canada",32261.07,50.85,123.96,-0.39%,305027
1041,"WDAY","Workday, Inc.","Technology","Software - Application","USA",34987.54,,139.84,-0.62%,1396226
1042,"WDC","Western Digital Corporation","Technology","Computer Hardware","USA",14408.85,8.18,46.81,-1.27%,1063723
1043,"WELL","Welltower Inc.","Real Estate","REIT - Healthcare Facilities","USA",36363.01,283.99,80.80,-0.52%,701768
1044,"WEN","The Wendy's Company","Consumer Cyclical","Restaurants","USA",4197.08,22.79,20.02,-0.40%,1430153
1045,"WERN","Werner Enterprises, Inc.","Industrials","Trucking","USA",2550.23,10.03,39.84,0.40%,168998
1046,"WES","Western Midstream Partners, LP","Energy","Oil & Gas Midstream","USA",9877.55,10.16,26.31,4.20%,504326
1047,"WFC","Wells Fargo & Company","Financial","Banks - Diversified","USA",146838.22,8.55,41.28,0.35%,11821227
1048,"WH","Wyndham Hotels & Resorts, Inc.","Consumer Cyclical","Lodging","USA",5955.38,18.96,66.48,0.88%,320434
1049,"WHD","Cactus, Inc.","Energy","Oil & Gas Equipment & Services","USA",2707.87,36.08,36.74,3.90%,236284
1050,"WHR","Whirlpool Corporation","Consumer Cyclical","Furnishings, Fixtures & Appliances","USA",8950.78,6.00,161.40,1.27%,419250
1051,"WING","Wingstop Inc.","Consumer Cyclical","Restaurants","USA",2763.83,78.03,98.33,-1.17%,500819
1052,"WIT","Wipro Limited","Technology","Information Technology Services","India",27544.22,18.10,5.07,0.50%,1149945
1053,"WIX","Wix.com Ltd.","Technology","Software - Infrastructure","Israel",3442.70,,61.72,1.13%,410850
1054,"WLK","Westlake Corporation","Basic Materials","Specialty Chemicals","USA",11677.69,4.71,92.41,0.41%,388692
1055,"WM","Waste Management, Inc.","Industrials","Waste Management","USA",62717.80,33.53,150.30,-1.12%,644239
1056,"WMB","The Williams Companies, Inc.","Energy","Oil & Gas Midstream","USA",37941.24,26.06,32.05,2.14%,3283609
1057,"WMS","Advanced Drainage Systems, Inc.","Industrials","Building Products & Equipment","USA",7828.85,29.92,95.69,1.57%,160039
1058,"WMT","Walmart Inc.","Consumer Defensive","Discount Stores","USA",350373.44,27.73,129.26,0.15%,3011557
1059,"WOLF","Wolfspeed, Inc.","Technology","Semiconductors","USA",9233.11,,74.85,-0.68%,1229762
1060,"WPC","W. P. Carey Inc.","Real Estate","REIT - Diversified","USA",15511.76,30.38,83.33,-0.42%,429450
1061,"WPM","Wheaton Precious Metals Corp.","Basic Materials","Gold","Canada",15534.14,20.34,34.03,0.67%,1273350
1062,"WRB","W. R. Berkley Corporation","Financial","Insurance - Property & Casualty","USA",16499.99,12.72,62.77,-0.41%,492154
1063,"WRK","WestRock Company","Consumer Cyclical","Packaging & Containers","USA",9923.92,13.28,39.13,-0.66%,582865
1064,"WSC","WillScot Mobile Mini Holdings Corp.","Industrials","Rental & Leasing Services","USA",7165.05,35.10,33.06,0.84%,913613
1065,"WSM","Williams-Sonoma, Inc.","Consumer Cyclical","Specialty Retail","USA",8715.95,8.56,133.59,1.28%,743457
1066,"WTRG","Essential Utilities, Inc.","Utilities","Utilities - Regulated Water","USA",12204.56,28.46,47.09,-0.90%,355533
1067,"WTW","Willis Towers Watson Public Limited Company","Financial","Insurance Brokers","United Kingdom",21544.25,14.49,193.29,-0.83%,198701
1068,"WU","The Western Union Company","Financial","Credit Services","USA",6226.63,7.18,16.31,-0.12%,2773329
1069,"WWE","World Wrestling Entertainment, Inc.","Communication Services","Entertainment","USA",4667.26,26.85,63.76,0.20%,294270
1070,"WY","Weyerhaeuser Company","Real Estate","REIT - Specialty","USA",25581.04,9.68,34.44,-0.98%,1357117
1071,"WYNN","Wynn Resorts, Limited","Consumer Cyclical","Resorts & Casinos","USA",6294.74,,56.57,1.98%,1827772
1072,"X","United States Steel Corporation","Basic Materials","Steel","USA",4519.38,1.03,18.49,4.30%,6954188
1073,"XOM","Exxon Mobil Corporation","Energy","Oil & Gas Integrated","USA",350285.58,14.04,86.52,2.34%,12564225
1074,"XPO","XPO Logistics, Inc.","Industrials","Integrated Freight & Logistics","USA",5381.92,7.39,48.41,0.83%,682080
1075,"XRAY","DENTSPLY SIRONA Inc.","Healthcare","Medical Instruments & Supplies","USA",7368.45,20.77,34.81,-0.29%,729867
1076,"XRX","Xerox Holdings Corporation","Technology","Information Technology Services","USA",2149.57,,14.69,1.10%,1097996
1077,"XYL","Xylem Inc.","Industrials","Specialty Industrial Machinery","USA",13588.14,33.21,76.54,-0.96%,341655
1078,"YETI","YETI Holdings, Inc.","Consumer Cyclical","Leisure","USA",3904.04,19.33,46.51,2.72%,712467
1079,"YPF","YPF Sociedad Anonima","Energy","Oil & Gas Integrated","Argentina",2723.19,5.17,2.98,0.51%,1091471
1080,"YUM","Yum! Brands, Inc.","Consumer Cyclical","Restaurants","USA",33321.84,21.45,118.79,0.54%,905376
1081,"YUMC","Yum China Holdings, Inc.","Consumer Cyclical","Restaurants","China",19309.76,23.11,46.29,0.67%,654950
1082,"ZBH","Zimmer Biomet Holdings, Inc.","Healthcare","Medical Devices","USA",21303.39,72.03,103.85,0.33%,521476
1083,"ZEN","Zendesk, Inc.","Technology","Software - Application","USA",9160.43,,74.74,0.55%,2617149
1084,"ZG","Zillow Group, Inc.","Communication Services","Internet Content & Information","USA",8293.34,,34.17,-1.16%,654798
1085,"ZION","Zions Bancorporation, National Association","Financial","Banks - Regional","USA",7346.92,8.24,50.77,0.28%,466305
1086,"ZLAB","Zai Lab Limited","Healthcare","Biotechnology","China",3776.76,,42.01,7.73%,1143182
1087,"ZS","Zscaler, Inc.","Technology","Software - Infrastructure","USA",20721.14,,152.16,1.90%,1494496
1088,"ZTS","Zoetis Inc.","Healthcare","Drug Manufacturers - Specialty & Generic","USA",80379.16,40.05,173.23,-0.75%,1209312
1089,"ZWS","Zurn Water Solutions Corporation","Industrials","Pollution & Treatment Controls","USA",3523.26,52.76,29.06,0.52%,729531
