No.,Ticker,Company,Sector,Industry,Country,Market Cap,P/E,Price,Change,Volume
1,A,"Agilent Technologies, Inc.",Healthcare,Diagnostics & Research,USA,39836.46,31.62,131.11,2.66%,1861366
2,AA,Alcoa Corporation,Basic Materials,Aluminum,USA,8705.32,9.68,49.08,2.79%,5072687
3,AAC,Ares Acquisition Corporation,Financial,Shell Companies,USA,1232.47,98.7,9.87,0.10%,705302
4,AAL,American Airlines Group Inc.,Industrials,Airlines,USA,9198.7,,13.76,-1.50%,35649244
5,AAN,"The Aaron's Company, Inc.",Industrials,Rental & Leasing Services,USA,400.74,4.47,12.84,0.08%,1011491
6,AAON,"AAON, Inc.",Industrials,Building Products & Equipment,USA,3177.69,52.45,59.01,2.50%,90166
7,AAP,"Advance Auto Parts, Inc.",Consumer Cyclical,Specialty Retail,USA,11500.01,21.27,191.03,2.75%,773706
8,AAPL,Apple Inc.,Technology,Consumer Electronics,USA,2567563.45,25.58,157.35,0.36%,79325283
9,AAQC,Accelerate Acquisition Corp.,Financial,Shell Companies,USA,392,,9.8,0.00%,1221
10,AAT,"American Assets Trust, Inc.",Real Estate,REIT - Diversified,USA,1838.9,48.28,30.27,1.37%,201221
11,AAWW,"Atlas Air Worldwide Holdings, Inc.",Industrials,Airports & Air Services,USA,2026.63,4.76,73.19,2.72%,561692
12,AB,AllianceBernstein Holding L.P.,Financial,Asset Management,USA,4297.92,10.8,42.52,2.09%,311216
13,ABB,ABB Ltd,Industrials,Specialty Industrial Machinery,Switzerland,58140.21,13.51,29.55,2.36%,2158530
14,ABBV,AbbVie Inc.,Healthcare,Drug Manufacturers - General,USA,263341.36,21.48,149.75,-0.93%,6560256
15,ABC,AmerisourceBergen Corporation,Healthcare,Medical Distribution,USA,30413.94,17.78,145.57,0.34%,639230
16,ABCB,Ameris Bancorp,Financial,Banks - Regional,USA,3240.33,9.69,46.35,1.27%,511905
17,ABCL,AbCellera Biologics Inc.,Healthcare,Biotechnology,Canada,3085.61,15.95,10.43,-0.76%,945249
18,ABCM,Abcam plc,Healthcare,Biotechnology,United Kingdom,3387.76,751.5,15.03,1.08%,284980
19,ABEV,Ambev S.A.,Consumer Defensive,Beverages - Brewers,Brazil,46035.19,18.7,2.88,1.77%,40996159
20,ABG,"Asbury Automotive Group, Inc.",Consumer Cyclical,Auto & Truck Dealerships,USA,3803.76,5.34,171.96,5.16%,252683
21,ABM,ABM Industries Incorporated,Industrials,Specialty Business Services,USA,2981.93,20.84,44.46,1.83%,198872
22,ABMD,"Abiomed, Inc.",Healthcare,Medical Devices,USA,13479.19,98.58,292.2,2.46%,169894
23,ABNB,"Airbnb, Inc.",Consumer Cyclical,Travel Services,USA,72050.99,93.18,108.84,1.38%,4454065
24,ABR,"Arbor Realty Trust, Inc.",Real Estate,REIT - Mortgage,USA,2627.04,8.43,16.42,3.40%,2396450
25,ABSI,Absci Corporation,Healthcare,Biotechnology,USA,336.26,,3.4,0.00%,105133
26,ABST,Absolute Software Corporation,Technology,Software - Application,Canada,609.25,,9.05,0.56%,25767
27,ABT,Abbott Laboratories,Healthcare,Medical Devices,USA,195870.24,22.93,110.36,0.34%,4735350
28,ABTX,"Allegiance Bancshares, Inc.",Financial,Banks - Regional,USA,881.35,10.65,42.93,0.30%,81692
29,ABUS,Arbutus Biopharma Corporation,Healthcare,Biotechnology,USA,380.48,,2.37,-1.25%,485602
30,AC,"Associated Capital Group, Inc.",Financial,Capital Markets,USA,916.32,37.3,41.22,3.67%,23510
31,ACA,"Arcosa, Inc.",Industrials,Infrastructure Operations,USA,2517.99,34.04,51.44,3.50%,162282
32,ACAD,ACADIA Pharmaceuticals Inc.,Healthcare,Biotechnology,USA,2445.07,,14.58,-1.29%,1075246
33,ACAQ,Athena Consumer Acquisition Corp.,Financial,Shell Companies,USA,323.67,,10.08,0.30%,258345
34,ACB,Aurora Cannabis Inc.,Healthcare,Drug Manufacturers - Specialty & Generic,Canada,440.46,,1.39,2.21%,7675134
35,ACC,"American Campus Communities, Inc.",Real Estate,REIT - Residential,USA,9122.03,165.39,65.33,0.03%,1483720
36,ACCD,"Accolade, Inc.",Healthcare,Health Information Services,USA,683.47,,9.28,2.54%,950531
37,ACCO,ACCO Brands Corporation,Industrials,Business Equipment & Supplies,USA,702.34,5.82,7.15,-1.11%,517269
38,ACEL,"Accel Entertainment, Inc.",Consumer Cyclical,Gambling,USA,1116.43,24.74,12.05,3.43%,264391
39,ACET,"Adicet Bio, Inc.",Healthcare,Biotechnology,USA,676.3,,16.74,-2.62%,367890
40,ACGL,Arch Capital Group Ltd.,Financial,Insurance - Diversified,Bermuda,16328.99,9.27,43.29,-2.24%,1960058
41,ACH,Aluminum Corporation of China Limited,Basic Materials,Aluminum,China,10727.15,8.86,9.37,0.64%,75166
42,ACHC,"Acadia Healthcare Company, Inc.",Healthcare,Medical Care Facilities,USA,7181.31,30.74,81.68,4.06%,932507
43,ACHR,Archer Aviation Inc.,Industrials,Aerospace & Defense,USA,1043.46,,3.92,7.69%,3300655
44,ACI,"Albertsons Companies, Inc.",Consumer Defensive,Grocery Stores,USA,14192.37,10.53,26.85,0.86%,3477177
45,ACII,Atlas Crest Investment Corp. II,Financial,Shell Companies,USA,424.01,70.29,9.84,0.00%,141930
46,ACIW,"ACI Worldwide, Inc.",Technology,Software - Infrastructure,USA,3194.43,22.63,27.86,-0.14%,632117
47,ACKIU,Ackrell SPAC Partners I Co.,Financial,Shell Companies,USA,339.68,,10.5,0.00%,0
48,ACLS,"Axcelis Technologies, Inc.",Technology,Semiconductor Equipment & Materials,USA,2363.24,18.84,68.46,2.15%,251124
49,ACLX,"Arcellx, Inc.",Healthcare,Biotechnology,USA,912.28,,20.51,-2.24%,298869
50,ACM,AECOM,Industrials,Engineering & Construction,USA,10243.46,36.1,71.99,2.87%,482190
51,ACMR,"ACM Research, Inc.",Technology,Semiconductor Equipment & Materials,USA,1051.97,28.15,16.69,5.17%,565809
52,ACN,Accenture plc,Technology,Information Technology Services,Ireland,192092.78,29.46,303.68,2.07%,1841591
53,ACQR,Independence Holdings Corp.,Financial,Shell Companies,USA,535.09,76.72,9.82,-0.15%,20901
54,ACRE,Ares Commercial Real Estate Corporation,Real Estate,REIT - Mortgage,USA,659.46,10.35,13.86,2.90%,457064
55,ACRO,Acropolis Infrastructure Acquisition Corp.,Financial,Shell Companies,USA,419.13,,9.72,0.00%,52298
56,ACRS,"Aclaris Therapeutics, Inc.",Healthcare,Biotechnology,USA,1105.03,,15.73,-0.94%,264530
57,ACT,"Enact Holdings, Inc.",Financial,Insurance - Specialty,USA,3757.93,6.36,22.91,0.79%,133037
58,ACVA,ACV Auctions Inc.,Technology,Software - Application,USA,1222.02,,7.28,5.35%,877772
59,ADAP,Adaptimmune Therapeutics plc,Healthcare,Biotechnology,United Kingdom,319.64,,1.89,3.28%,301710
60,ADBE,Adobe Inc.,Technology,Software - Infrastructure,USA,192130.56,39.41,403.5,2.73%,2409836
61,ADC,Agree Realty Corporation,Real Estate,REIT - Retail,USA,5891.82,44.31,79,2.04%,468556
62,ADCT,ADC Therapeutics SA,Healthcare,Biotechnology,Switzerland,605.16,,7.67,1.32%,194191
63,ADER,26 Capital Acquisition Corp.,Financial,Shell Companies,USA,339.23,55.76,9.87,0.10%,416962
64,ADEX,Adit EdTech Acquisition Corp.,Financial,Shell Companies,USA,339.78,,9.86,0.00%,10003
65,ADGI,"Adagio Therapeutics, Inc.",Healthcare,Biotechnology,USA,429.5,,3.7,-5.61%,429389
66,ADI,"Analog Devices, Inc.",Technology,Semiconductors,USA,89232.85,48.13,169.67,0.80%,3872573
67,ADM,Archer-Daniels-Midland Company,Consumer Defensive,Farm Products,USA,44759.75,14.65,79.35,-1.37%,3017226
68,ADMA,"ADMA Biologics, Inc.",Healthcare,Biotechnology,USA,439.79,,2.17,0.46%,2120809
69,ADNT,Adient plc,Consumer Cyclical,Auto Parts,Ireland,3188.46,4.22,33,3.87%,561849
70,ADP,"Automatic Data Processing, Inc.",Industrials,Staffing & Employment Services,USA,99020.19,35.36,239.48,2.32%,1830787
71,ADPT,Adaptive Biotechnologies Corporation,Healthcare,Biotechnology,USA,1455.17,,9.3,2.54%,1093760
72,ADSE,ADS-TEC Energy PLC,Industrials,Electrical Equipment & Parts,Ireland,335.79,,7,0.29%,22485
73,ADSK,"Autodesk, Inc.",Technology,Software - Application,USA,46836.44,96.26,212.16,4.30%,1785696
74,ADT,ADT Inc.,Industrials,Security & Protection Services,USA,6756.44,,7.3,1.81%,1185151
75,ADTN,"ADTRAN Holdings, Inc.",Technology,Communication Equipment,USA,1857.19,,24.11,1.09%,1119255
76,ADUS,Addus HomeCare Corporation,Healthcare,Medical Care Facilities,USA,1530.57,33.73,93.9,-1.11%,50010
77,ADV,Advantage Solutions Inc.,Communication Services,Advertising Agencies,USA,1439.81,18.91,4.33,-0.23%,124201
78,ADX,"Adams Diversified Equity Fund, Inc.",Financial,Closed-End Fund - Equity,USA,1934.75,2.94,16.42,1.23%,229266
79,AEE,Ameren Corporation,Utilities,Utilities - Regulated Electric,USA,23467.93,23.58,92.06,2.99%,985061
80,AEG,Aegon N.V.,Financial,Insurance - Diversified,Netherlands,9018.99,5.3,4.28,-0.23%,2871559
81,AEHR,Aehr Test Systems,Technology,Semiconductor Equipment & Materials,USA,324.22,34.17,11.38,2.34%,781579
82,AEIS,"Advanced Energy Industries, Inc.",Industrials,Electrical Equipment & Parts,USA,3442.37,25.54,89.25,2.79%,136870
83,AEL,American Equity Investment Life Holding Company,Financial,Insurance - Life,USA,3486.15,5,36.91,-0.32%,390343
84,AEM,Agnico Eagle Mines Limited,Basic Materials,Gold,Canada,19669.5,21.6,42.01,6.33%,7408591
85,AEO,"American Eagle Outfitters, Inc.",Consumer Cyclical,Apparel Retail,USA,2012.88,6.99,11.99,3.10%,4084477
86,AEP,"American Electric Power Company, Inc.",Utilities,Utilities - Regulated Electric,USA,49302.98,18.73,97.62,1.38%,2802203
87,AER,AerCap Holdings N.V.,Industrials,Airports & Air Services,Ireland,11260.21,,44.71,-0.07%,514740
88,AERI,"Aerie Pharmaceuticals, Inc.",Healthcare,Drug Manufacturers - Specialty & Generic,USA,365.08,,7.29,-4.58%,329141
89,AES,The AES Corporation,Utilities,Utilities - Diversified,USA,15015.61,,22.28,9.48%,9031298
90,AEVA,"Aeva Technologies, Inc.",Consumer Cyclical,Auto Parts,USA,811.54,,3.46,6.13%,1023134
91,AFB,"AllianceBernstein National Municipal Income Fund, Inc.",Financial,Closed-End Fund - Debt,USA,341.49,12.38,11.88,0.93%,43201
92,AFCG,"AFC Gamma, Inc.",Real Estate,REIT - Specialty,USA,329.56,9.46,16.47,2.68%,90375
93,AFG,"American Financial Group, Inc.",Financial,Insurance - Property & Casualty,USA,11373.02,10.15,131.48,-1.08%,491807
94,AFL,Aflac Incorporated,Financial,Insurance - Life,USA,36179.32,9.26,56.42,0.75%,2181050
95,AFMD,Affimed N.V.,Healthcare,Biotechnology,Germany,450.88,,2.95,-3.59%,456143
96,AFRM,"Affirm Holdings, Inc.",Technology,Software - Infrastructure,USA,8222.21,,25.83,-0.81%,12150377
97,AFTR,AfterNext HealthTech Acquisition Corp.,Financial,Shell Companies,USA,546.38,,9.71,0.00%,123385
98,AFYA,Afya Limited,Consumer Defensive,Education & Training Services,Brazil,982.3,21.77,10.47,8.39%,315153
99,AG,First Majestic Silver Corp.,Basic Materials,Silver,Canada,1963.51,3735,7.47,4.77%,8191906
100,AGCB,Altimeter Growth Corp. 2,Financial,Shell Companies,USA,567.17,9900,9.9,0.20%,27390
101,AGCO,AGCO Corporation,Industrials,Farm & Heavy Construction Machinery,USA,7759.33,8.68,103.21,-0.59%,1060641
102,AGEN,Agenus Inc.,Healthcare,Biotechnology,USA,802.16,,2.77,-4.15%,4467937
103,AGGR,Agile Growth Corp.,Financial,Shell Companies,USA,380.33,377.69,9.82,0.00%,1502
104,AGI,Alamos Gold Inc.,Basic Materials,Gold,Canada,3894.46,,7.65,7.90%,9328343
105,AGIO,"Agios Pharmaceuticals, Inc.",Healthcare,Biotechnology,USA,1254.4,,21.52,-0.46%,564596
106,AGL,"agilon health, inc.",Healthcare,Medical Care Facilities,USA,11177.31,,25.19,0.32%,1337038
107,AGM,Federal Agricultural Mortgage Corporation,Financial,Credit Services,USA,1174.59,9.81,108.96,1.12%,32358
108,AGNC,AGNC Investment Corp.,Real Estate,REIT - Mortgage,USA,6616.6,,12.57,1.37%,14722535
109,AGO,Assured Guaranty Ltd.,Financial,Insurance - Specialty,Bermuda,3666.05,9.17,57.3,0.17%,307457
110,AGR,"Avangrid, Inc.",Utilities,Utilities - Regulated Electric,USA,18668.84,22.74,48.67,3.80%,783329
111,AGRO,Adecoagro S.A.,Consumer Defensive,Farm Products,Luxembourg,903.39,5.21,8.1,3.58%,830181
112,AGTI,"Agiliti, Inc.",Healthcare,Health Information Services,USA,2920.27,90.49,21.99,0.41%,256451
113,AGX,"Argan, Inc.",Industrials,Engineering & Construction,USA,528.22,16.71,37.12,0.95%,40010
114,AGYS,"Agilysys, Inc.",Technology,Software - Application,USA,1239.45,264.78,48.19,-1.11%,144743
115,AHCO,AdaptHealth Corp.,Healthcare,Medical Devices,USA,3016.47,16.33,21.93,2.76%,546729
116,AHH,"Armada Hoffler Properties, Inc.",Real Estate,REIT - Diversified,USA,1245.09,58.66,13.96,3.25%,208535
117,AHRN,Ahren Acquisition Corp.,Financial,Shell Companies,Cayman Islands,373.5,,9.96,-0.05%,103515
118,AHT,"Ashford Hospitality Trust, Inc.",Real Estate,REIT - Hotel & Motel,USA,332.41,,8.78,6.04%,656636
119,AI,"C3.ai, Inc.",Technology,Information Technology Services,USA,2304.34,,18.54,1.26%,1164847
120,AIG,"American International Group, Inc.",Financial,Insurance - Diversified,USA,40231.44,4.36,50.49,-3.87%,8864882
121,AIMC,Altra Industrial Motion Corp.,Industrials,Specialty Industrial Machinery,USA,2528.5,78.39,38.96,-0.38%,173204
122,AIN,Albany International Corp.,Consumer Cyclical,Textile Manufacturing,USA,2844.4,24.34,89.25,1.81%,117654
123,AINV,Apollo Investment Corporation,Financial,Asset Management,USA,724.72,8.99,11.44,1.33%,180248
124,AIO,Virtus Artificial Intelligence & Technology Opportunities Fund,Financial,Closed-End Fund - Equity,USA,600.97,2.28,17.5,1.21%,115670
125,AIR,AAR Corp.,Industrials,Aerospace & Defense,USA,1637.31,22.93,44.18,1.26%,244231
126,AIRC,Apartment Income REIT Corp.,Real Estate,REIT - Residential,USA,7112.69,9.6,45.18,3.86%,624354
127,AIRS,"AirSculpt Technologies, Inc.",Healthcare,Medical Care Facilities,USA,457.69,,7.7,4.90%,113797
128,AIT,"Applied Industrial Technologies, Inc.",Industrials,Industrial Distribution,USA,3806.06,16.31,98.91,1.55%,60663
129,AIV,Apartment Investment and Management Company,Real Estate,REIT - Residential,USA,1231.56,,8.12,3.31%,927746
130,AIZ,"Assurant, Inc.",Financial,Insurance - Specialty,USA,9258.23,16.6,172.15,0.01%,321757
131,AJG,Arthur J. Gallagher & Co.,Financial,Insurance Brokers,USA,37285.99,38.63,176.06,1.59%,863614
132,AJRD,"Aerojet Rocketdyne Holdings, Inc.",Industrials,Aerospace & Defense,USA,3494.13,23.83,43.83,1.60%,660959
133,AKA,a.k.a. Brands Holding Corp.,Consumer Cyclical,Internet Retail,USA,383.5,,1.92,2.67%,103846
134,AKAM,"Akamai Technologies, Inc.",Technology,Software - Infrastructure,USA,15164.96,25.44,94.58,0.99%,860661
135,AKO-A,Embotelladora Andina S.A.,Consumer Defensive,Beverages - Non-Alcoholic,Chile,1431.37,9.51,9.07,-0.08%,5681
136,AKO-B,Embotelladora Andina S.A.,Consumer Defensive,Beverages - Non-Alcoholic,Chile,1684.28,11.07,11.03,2.96%,32211
137,AKR,Acadia Realty Trust,Real Estate,REIT - Retail,USA,1638.21,44.8,17.07,1.85%,551934
138,AKRO,"Akero Therapeutics, Inc.",Healthcare,Biotechnology,USA,397.7,,10.25,-1.63%,228890
139,AKYA,"Akoya Biosciences, Inc.",Healthcare,Medical Instruments & Supplies,USA,548.79,,14.21,4.87%,61651
140,AL,Air Lease Corporation,Industrials,Rental & Leasing Services,USA,4043.2,,35.93,1.41%,418814
141,ALB,Albemarle Corporation,Basic Materials,Specialty Chemicals,USA,28192.98,99.38,236.32,0.87%,1079107
142,ALBO,"Albireo Pharma, Inc.",Healthcare,Biotechnology,USA,462.91,,22.17,-2.72%,147286
143,ALC,Alcon Inc.,Healthcare,Medical Instruments & Supplies,Switzerland,37879.83,115.53,77.29,2.07%,591980
144,ALCC,AltC Acquisition Corp.,Financial,Shell Companies,USA,621.59,,9.72,0.00%,3886
145,ALE,"ALLETE, Inc.",Utilities,Utilities - Diversified,USA,3258.16,17.71,61.44,3.12%,252492
146,ALEC,"Alector, Inc.",Healthcare,Biotechnology,USA,916.01,,10.65,-3.53%,286394
147,ALEX,"Alexander & Baldwin, Inc.",Real Estate,REIT - Diversified,USA,1417.15,38.58,19.52,2.20%,121212
148,ALG,Alamo Group Inc.,Industrials,Farm & Heavy Construction Machinery,USA,1523.94,18.47,126.05,1.98%,17953
149,ALGM,"Allegro MicroSystems, Inc.",Technology,Semiconductors,USA,4713.47,38.92,24.25,1.51%,816789
150,ALGN,"Align Technology, Inc.",Healthcare,Medical Devices,USA,23779.56,31.8,282.25,7.48%,2246018
151,ALGT,Allegiant Travel Company,Industrials,Airlines,USA,2127.13,14.92,114.98,0.92%,205263
152,ALHC,"Alignment Healthcare, Inc.",Healthcare,Healthcare Plans,USA,2832,,14.78,1.09%,207486
153,ALIT,"Alight, Inc.",Technology,Software - Application,USA,4226.99,,7.52,1.08%,773929
154,ALK,"Alaska Air Group, Inc.",Industrials,Airlines,USA,5606.43,29.17,44.01,0.50%,1589938
155,ALKS,Alkermes plc,Healthcare,Biotechnology,Ireland,4392.7,,26.55,-4.60%,3528541
156,ALKT,"Alkami Technology, Inc.",Technology,Software - Application,USA,1300.56,,13.88,-0.86%,194863
157,ALL,The Allstate Corporation,Financial,Insurance - Property & Casualty,USA,31744.01,10.33,115.74,-1.06%,1846360
158,ALLE,Allegion plc,Industrials,Security & Protection Services,Ireland,9164.68,20.04,104.31,0.12%,1093124
159,ALLG,Allego N.V.,Consumer Cyclical,Auto Parts,Netherlands,1104.8,,3.85,2.12%,76210
160,ALLO,"Allogene Therapeutics, Inc.",Healthcare,Biotechnology,USA,2046.46,,13.25,-5.36%,1079277
161,ALLY,Ally Financial Inc.,Financial,Credit Services,USA,10358,4.58,32.6,-1.00%,3335252
162,ALNY,"Alnylam Pharmaceuticals, Inc.",Healthcare,Biotechnology,USA,17822.31,,143.52,1.09%,542416
163,ALRM,"Alarm.com Holdings, Inc.",Technology,Software - Application,USA,3580.69,79.37,70.32,2.19%,102880
164,ALRS,Alerus Financial Corporation,Financial,Banks - Regional,USA,413.12,8.78,23.58,7.18%,163272
165,ALSN,"Allison Transmission Holdings, Inc.",Consumer Cyclical,Auto Parts,USA,3998.27,9.31,40.67,1.75%,415588
166,ALT,"Altimmune, Inc.",Healthcare,Biotechnology,USA,517.17,,11.93,-2.13%,502635
167,ALTG,Alta Equipment Group Inc.,Industrials,Rental & Leasing Services,USA,365.74,,10.98,0.37%,21487
168,ALTO,"Alto Ingredients, Inc.",Basic Materials,Specialty Chemicals,USA,312.93,7.87,4.03,0.50%,752836
169,ALTR,Altair Engineering Inc.,Technology,Software - Infrastructure,USA,4613.56,,57.72,3.11%,167165
170,ALTU,Altitude Acquisition Corp.,Financial,Shell Companies,USA,373.85,12.35,9.98,-0.20%,2008
171,ALV,"Autoliv, Inc.",Consumer Cyclical,Auto Parts,Sweden,7473.6,20.96,86.47,1.86%,520007
172,ALVO,Alvotech,Healthcare,Drug Manufacturers - Specialty & Generic,Luxembourg,1984.23,,7.98,2.31%,38244
173,ALVR,"AlloVir, Inc.",Healthcare,Biotechnology,USA,350.61,,4.95,-4.07%,851641
174,ALX,"Alexander's, Inc.",Real Estate,REIT - Retail,USA,1228.6,9.68,240.43,2.46%,16326
175,ALXO,ALX Oncology Holdings Inc.,Healthcare,Biotechnology,USA,461.91,,11.04,-7.77%,312796
176,AM,Antero Midstream Corporation,Energy,Oil & Gas Midstream,USA,4761.49,14.42,9.85,0.00%,4663901
177,AMAL,Amalgamated Financial Corp.,Financial,Banks - Regional,USA,704.41,12.97,22.65,3.57%,73588
178,AMAT,"Applied Materials, Inc.",Technology,Semiconductor Equipment & Materials,USA,93435.71,14.03,105.16,1.64%,6058344
179,AMBA,"Ambarella, Inc.",Technology,Semiconductor Equipment & Materials,USA,3342.78,,84.95,4.68%,938076
180,AMBC,"Ambac Financial Group, Inc.",Financial,Insurance - Specialty,USA,563.31,,12.23,-0.81%,379238
181,AMBP,Ardagh Metal Packaging S.A.,Consumer Cyclical,Packaging & Containers,Luxembourg,4040.17,,6.55,0.31%,707299
182,AMC,"AMC Entertainment Holdings, Inc.",Communication Services,Entertainment,USA,8264.53,,14.58,0.69%,24497199
183,AMCR,Amcor plc,Consumer Cyclical,Packaging & Containers,Switzerland,19658.32,20.96,13.04,1.24%,10172111
184,AMCX,AMC Networks Inc.,Communication Services,Broadcasting,USA,1383.94,5.19,31.91,0.19%,151839
185,AMD,"Advanced Micro Devices, Inc.",Technology,Semiconductors,USA,153594,34.19,91.67,2.06%,78745393
186,AME,"AMETEK, Inc.",Industrials,Specialty Industrial Machinery,USA,27931.68,26.95,120.65,1.73%,808365
187,AMED,"Amedisys, Inc.",Healthcare,Medical Care Facilities,USA,3927.18,21.03,122,-4.81%,805981
188,AMEH,"Apollo Medical Holdings, Inc.",Healthcare,Medical Care Facilities,USA,3060.17,32.53,52.99,0.66%,163145
189,AMG,"Affiliated Managers Group, Inc.",Financial,Asset Management,USA,4892.12,10.1,125.6,1.76%,316376
190,AMGN,Amgen Inc.,Healthcare,Drug Manufacturers - General,USA,133324.04,24.59,249.75,-0.78%,2210514
191,AMH,American Homes 4 Rent,Real Estate,REIT - Residential,USA,13043.15,78.76,37.49,3.14%,1918902
192,AMK,"AssetMark Financial Holdings, Inc.",Financial,Asset Management,USA,1404.49,24.38,18.87,0.16%,48132
193,AMKR,"Amkor Technology, Inc.",Technology,Semiconductors,USA,4937.17,7,19.74,2.49%,854741
194,AMLX,"Amylyx Pharmaceuticals, Inc.",Healthcare,Biotechnology,USA,1567.48,,26.3,5.54%,705465
195,AMN,"AMN Healthcare Services, Inc.",Healthcare,Medical Care Facilities,USA,5795.99,13.69,115.55,1.24%,429918
196,AMNB,American National Bankshares Inc.,Financial,Banks - Regional,USA,387.11,9.89,35.45,-0.21%,4907
197,AMOT,Allied Motion Technologies Inc.,Technology,Electronic Components,USA,407.32,26.04,26.01,0.50%,17094
198,AMP,"Ameriprise Financial, Inc.",Financial,Asset Management,USA,28892.78,10.08,262.59,2.37%,921881
199,AMPH,"Amphastar Pharmaceuticals, Inc.",Healthcare,Drug Manufacturers - Specialty & Generic,USA,1826.6,23.16,37.27,0.19%,201639
200,AMPL,"Amplitude, Inc.",Technology,Software - Application,USA,1742.71,,14.73,-1.14%,304878
201,AMPS,"Altus Power, Inc.",Utilities,Utilities - Renewable,USA,1222.65,,7.5,10.29%,958495
202,AMR,"Alpha Metallurgical Resources, Inc.",Basic Materials,Coking Coal,USA,2591.02,3.63,135.16,-7.94%,534309
203,AMRC,"Ameresco, Inc.",Industrials,Engineering & Construction,USA,2950.55,37.87,54.65,10.72%,548183
204,AMRK,"A-Mark Precious Metals, Inc.",Financial,Capital Markets,USA,725.17,4.98,30.14,-1.28%,92320
205,AMRN,Amarin Corporation plc,Healthcare,Biotechnology,Ireland,552.75,,1.34,-0.74%,687355
206,AMRS,"Amyris, Inc.",Basic Materials,Specialty Chemicals,USA,681.74,,1.81,-3.21%,4257431
207,AMRX,"Amneal Pharmaceuticals, Inc.",Healthcare,Drug Manufacturers - Specialty & Generic,USA,1152.89,359,3.59,0.84%,692054
208,AMSF,"AMERISAFE, Inc.",Financial,Insurance - Specialty,USA,926.93,14.54,47.78,-1.08%,47519
209,AMSWA,"American Software, Inc.",Technology,Software - Application,USA,601.12,47.07,17.51,-0.74%,102924
210,AMT,American Tower Corporation,Real Estate,REIT - Specialty,USA,122935.7,46.52,268.9,4.11%,2586294
211,AMTB,Amerant Bancorp Inc.,Financial,Banks - Regional,USA,925.55,9.39,27.23,0.74%,66388
212,AMWD,American Woodmark Corporation,Consumer Cyclical,"Furnishings, Fixtures & Appliances",USA,826.01,,49.91,3.48%,160665
213,AMWL,American Well Corporation,Healthcare,Health Information Services,USA,1161.87,,4.18,-5.00%,1911182
214,AMX,"America Movil, S.A.B. de C.V.",Communication Services,Telecom Services,Mexico,60422.27,15.91,18.95,3.27%,2087299
215,AMYT,Amryt Pharma plc,Healthcare,Drug Manufacturers - Specialty & Generic,Ireland,611.78,,7.49,0.27%,28233
216,AMZN,"Amazon.com, Inc.",Consumer Cyclical,Internet Retail,USA,1266587.23,59.13,122.28,1.08%,78696420
217,AN,"AutoNation, Inc.",Consumer Cyclical,Auto & Truck Dealerships,USA,6762.24,5.04,117.4,4.25%,958111
218,ANAB,"AnaptysBio, Inc.",Healthcare,Biotechnology,USA,635.88,,21.57,-1.37%,529262
219,ANDE,"The Andersons, Inc.",Consumer Defensive,Food Distribution,USA,1199.62,12.7,35.2,0.80%,173124
220,ANET,"Arista Networks, Inc.",Technology,Computer Hardware,USA,36791.42,39.51,115.33,5.71%,3947692
221,ANF,Abercrombie & Fitch Co.,Consumer Cyclical,Apparel Retail,USA,907.89,5.51,17.9,2.34%,1677129
222,ANGI,Angi Inc.,Communication Services,Internet Content & Information,USA,2775.27,,5.28,2.33%,650483
223,ANGO,"AngioDynamics, Inc.",Healthcare,Medical Instruments & Supplies,USA,910.2,,22.95,1.50%,110286
224,ANIK,"Anika Therapeutics, Inc.",Healthcare,Biotechnology,USA,347.8,,23.66,-0.76%,32123
225,ANIP,"ANI Pharmaceuticals, Inc.",Healthcare,Drug Manufacturers - Specialty & Generic,USA,591.51,,34.39,0.61%,50708
226,ANSS,"ANSYS, Inc.",Technology,Software - Application,USA,24043.6,53.72,276.39,4.25%,448854
227,AOD,Abrdn Total Dynamic Dividend Fund,Financial,Closed-End Fund - Foreign,USA,880.35,2.51,8.35,0.97%,443961
228,AOMR,"Angel Oak Mortgage, Inc.",Real Estate,REIT - Mortgage,USA,383.38,,15.49,-0.77%,21474
229,AON,Aon plc,Financial,Insurance Brokers,Ireland,62439.85,46.5,292.76,2.34%,923830
230,AORT,"Artivion, Inc.",Healthcare,Medical Devices,USA,779.11,,19.62,-2.49%,202543
231,AOS,A. O. Smith Corporation,Industrials,Specialty Industrial Machinery,USA,9506.51,19.19,60.99,0.74%,1218209
232,AOSL,Alpha and Omega Semiconductor Limited,Technology,Semiconductors,USA,1151,2.49,40.4,0.67%,201263
233,APA,APA Corporation,Energy,Oil & Gas E&P,USA,12375.1,5.08,35.62,1.22%,6663142
234,APAM,Artisan Partners Asset Management Inc.,Financial,Asset Management,USA,3155.16,8.23,39.41,2.68%,320423
235,APD,"Air Products and Chemicals, Inc.",Basic Materials,Chemicals,USA,54170.21,24.99,244.23,2.67%,792856
236,APG,APi Group Corporation,Industrials,Engineering & Construction,USA,4116.28,,17.45,3.81%,875813
237,APGB,Apollo Strategic Growth Capital II,Financial,Shell Companies,USA,849.54,86.49,9.86,0.10%,105186
238,APH,Amphenol Corporation,Technology,Electronic Components,USA,45891.76,28.83,76.71,3.06%,2674069
239,API,"Agora, Inc.",Technology,Software - Application,China,606.55,,5,-3.66%,403554
240,APLE,"Apple Hospitality REIT, Inc.",Real Estate,REIT - Hotel & Motel,USA,3877.03,45.25,16.56,1.78%,867572
241,APLS,"Apellis Pharmaceuticals, Inc.",Healthcare,Biotechnology,USA,6081.82,,57.3,-0.17%,995568
242,APO,"Apollo Global Management, Inc.",Financial,Asset Management,USA,32848.13,17.03,56.51,3.06%,1899985
243,APOG,"Apogee Enterprises, Inc.",Industrials,Building Products & Equipment,USA,909.87,59.93,40.93,1.59%,73866
244,APP,AppLovin Corporation,Technology,Software - Application,USA,14092.37,,35.36,0.08%,1748355
245,APPF,"AppFolio, Inc.",Technology,Software - Application,USA,3701,,103.99,3.98%,87396
246,APPH,"AppHarvest, Inc.",Consumer Defensive,Farm Products,USA,420.72,,3.91,-1.01%,621746
247,APPN,Appian Corporation,Technology,Software - Infrastructure,USA,3693.78,,48.31,-1.67%,379203
248,APPS,"Digital Turbine, Inc.",Technology,Software - Application,USA,2153.47,58.56,19.91,2.68%,3191832
249,APTV,Aptiv PLC,Consumer Cyclical,Auto Parts,Ireland,28856.99,87.47,103.56,3.26%,1651235
250,APYX,Apyx Medical Corporation,Healthcare,Medical Devices,USA,334.77,,9.32,-4.80%,111654
251,AQN,Algonquin Power & Utilities Corp.,Utilities,Utilities - Renewable,Canada,12046.79,21.32,13.92,2.28%,1727487
252,AQUA,Evoqua Water Technologies Corp.,Industrials,Pollution & Treatment Controls,USA,4683.84,90.24,38.17,3.27%,350072
253,AR,Antero Resources Corporation,Energy,Oil & Gas E&P,USA,12031.17,,38.58,-3.28%,9096254
254,ARBE,Arbe Robotics Ltd.,Technology,Software - Infrastructure,Israel,338.85,,5.26,-2.77%,8403
255,ARCB,ArcBest Corporation,Industrials,Trucking,USA,2177.97,8.94,87.68,7.28%,375201
256,ARCC,Ares Capital Corporation,Financial,Asset Management,USA,9265.76,5.61,20.11,1.87%,2224374
257,ARCE,Arco Platform Limited,Consumer Defensive,Education & Training Services,Brazil,912.01,,15.55,6.07%,141333
258,ARCH,"Arch Resources, Inc.",Energy,Thermal Coal,USA,2389.2,4.11,128.59,-11.06%,2290354
259,ARCO,Arcos Dorados Holdings Inc.,Consumer Cyclical,Restaurants,Uruguay,1563.97,15.39,7.31,5.48%,481689
260,ARCT,Arcturus Therapeutics Holdings Inc.,Healthcare,Biotechnology,USA,494.3,,17.08,0.29%,256779
261,ARE,"Alexandria Real Estate Equities, Inc.",Real Estate,REIT - Office,USA,26276.83,59.35,163.2,3.11%,1492102
262,ARES,Ares Management Corporation,Financial,Asset Management,USA,20803.78,36.74,71.28,7.97%,1622869
263,ARGO,"Argo Group International Holdings, Ltd.",Financial,Insurance - Property & Casualty,Bermuda,1151.74,,32.48,-2.75%,80180
264,ARGX,argenx SE,Healthcare,Biotechnology,Netherlands,21274.21,,372.97,4.22%,649198
265,ARHS,"Arhaus, Inc.",Consumer Cyclical,Home Improvement Retail,USA,768.83,4.72,5.42,3.24%,150475
266,ARI,"Apollo Commercial Real Estate Finance, Inc.",Real Estate,REIT - Mortgage,USA,1782.68,10.9,12.68,4.88%,1613849
267,ARIS,"Aris Water Solutions, Inc.",Utilities,Utilities - Regulated Water,USA,1131.55,,20.77,-2.03%,254643
268,ARKO,Arko Corp.,Consumer Cyclical,Specialty Retail,USA,1150.4,17.24,9.19,0.99%,216285
269,ARLO,"Arlo Technologies, Inc.",Industrials,Security & Protection Services,USA,600.9,,6.72,-2.61%,392889
270,ARLP,"Alliance Resource Partners, L.P.",Energy,Thermal Coal,USA,2878.1,15.13,21.89,-2.97%,549076
271,ARMK,Aramark,Consumer Cyclical,Restaurants,USA,8587.32,50.64,33.27,0.91%,2355701
272,ARNC,Arconic Corporation,Industrials,Metal Fabrication,USA,3139.92,,29.58,0.10%,962494
273,AROC,"Archrock, Inc.",Energy,Oil & Gas Equipment & Services,USA,1322.69,53.46,8.5,0.00%,433231
274,AROW,Arrow Financial Corporation,Financial,Banks - Regional,USA,546.05,10.96,33.5,-0.03%,12043
275,ARQQ,Arqit Quantum Inc.,Technology,Software - Infrastructure,United Kingdom,658,,5.48,3.98%,47526
276,ARQT,"Arcutis Biotherapeutics, Inc.",Healthcare,Biotechnology,USA,1266.35,,23.36,4.99%,669303
277,ARR,"ARMOUR Residential REIT, Inc.",Real Estate,REIT - Mortgage,USA,811.51,,7.8,5.69%,6956293
278,ARRW,Arrowroot Acquisition Corp.,Financial,Shell Companies,USA,353.55,38.74,9.84,0.20%,1209
279,ARRY,"Array Technologies, Inc.",Technology,Solar,USA,2442.21,,16.1,23.47%,12412686
280,ARTNA,Artesian Resources Corporation,Utilities,Utilities - Regulated Water,USA,480.72,28.53,51.69,-0.08%,61003
281,ARVL,Arrival,Consumer Cyclical,Auto Manufacturers,Luxembourg,1149.68,,1.6,3.23%,4555973
282,ARVN,"Arvinas, Inc.",Healthcare,Biotechnology,USA,3061.17,,52.87,-0.30%,361838
283,ARW,"Arrow Electronics, Inc.",Technology,Electronics & Computer Distribution,USA,8454.95,7.04,125.24,1.72%,265868
284,ARWR,"Arrowhead Pharmaceuticals, Inc.",Healthcare,Biotechnology,USA,4813.6,,43.76,-1.24%,649490
285,ASAI,Sendas Distribuidora S.A.,Consumer Defensive,Grocery Stores,Brazil,4203.02,14.65,15.68,0.13%,242435
286,ASAN,"Asana, Inc.",Technology,Software - Application,USA,4020.5,,19.05,5.60%,2554164
287,ASB,Associated Banc-Corp,Financial,Banks - Regional,USA,2897.16,9.56,19.83,-2.46%,1284996
288,ASC,Ardmore Shipping Corporation,Energy,Oil & Gas Midstream,Bermuda,303.11,,8.35,-1.76%,815664
289,ASG,"Liberty All-Star Growth Fund, Inc.",Financial,Closed-End Fund - Equity,USA,331.42,2.76,6.18,0.49%,151608
290,ASGN,ASGN Incorporated,Industrials,Staffing & Employment Services,USA,5360.36,21.14,102.18,5.18%,298043
291,ASH,Ashland Global Holdings Inc.,Basic Materials,Chemicals,USA,5480.42,43.44,100.91,-1.46%,887321
292,ASIX,AdvanSix Inc.,Basic Materials,Chemicals,USA,1100.23,6.49,38.85,2.97%,168681
293,ASLE,AerSale Corporation,Industrials,Airports & Air Services,USA,909.67,20.51,17.37,-0.17%,50307
294,ASML,ASML Holding N.V.,Technology,Semiconductor Equipment & Materials,Netherlands,228797.72,39.41,560.71,2.66%,1214215
295,ASND,Ascendis Pharma A/S,Healthcare,Biotechnology,Denmark,4531.91,,86.24,-2.96%,207575
296,ASO,"Academy Sports and Outdoors, Inc.",Consumer Cyclical,Specialty Retail,USA,3596.66,6.06,42.15,3.38%,1067753
297,ASPN,"Aspen Aerogels, Inc.",Industrials,Building Products & Equipment,USA,466.64,,12.13,8.30%,1221047
298,ASR,"Grupo Aeroportuario del Sureste, S. A. B. de C. V.",Industrials,Airports & Air Services,Mexico,5665.2,16.15,188.84,1.35%,57809
299,ASTE,"Astec Industries, Inc.",Industrials,Farm & Heavy Construction Machinery,USA,1098.63,81.66,46.87,0.34%,49460
300,ASTL,Algoma Steel Group Inc.,Basic Materials,Steel,Canada,1362.61,1.66,9.2,-2.34%,3810391
301,ASTR,"Astra Space, Inc.",Industrials,Aerospace & Defense,USA,411.1,,1.41,1.44%,1451460
302,ASTS,"AST SpaceMobile, Inc.",Communication Services,Telecom Services,USA,1356.39,,7.14,12.09%,1377401
303,ASX,"ASE Technology Holding Co., Ltd.",Technology,Semiconductors,Taiwan,13000.95,5.62,5.9,0.85%,6780824
304,ASZ,Austerlitz Acquisition Corporation II,Financial,Shell Companies,USA,1926.08,30.98,9.79,0.10%,1790827
305,ATAI,Atai Life Sciences N.V.,Healthcare,Biotechnology,Germany,652.8,,3.92,0.77%,930517
306,ATAX,"America First Multifamily Investors, L.P.",Financial,Mortgage Finance,USA,434.18,8.4,19.54,-0.15%,49300
307,ATC,Atotech Limited,Technology,Electronic Components,Germany,4455.41,34.92,22.66,2.21%,5356810
308,ATCO,Atlas Corp.,Financial,Asset Management,United Kingdom,2946.91,7.62,11.51,2.13%,242436
309,ATEC,"Alphatec Holdings, Inc.",Healthcare,Medical Devices,USA,793.57,,7.64,-1.80%,287778
310,ATEN,"A10 Networks, Inc.",Technology,Software - Infrastructure,USA,1152.86,11.96,14.75,-0.27%,589352
311,ATEX,Anterix Inc.,Communication Services,Telecom Services,USA,832.51,,43.27,2.39%,70593
312,ATGE,Adtalem Global Education Inc.,Consumer Defensive,Education & Training Services,USA,1793.57,,39.76,-1.14%,350421
313,ATHM,Autohome Inc.,Communication Services,Internet Content & Information,China,4676.57,17.11,36.53,-1.80%,724176
314,ATI,ATI Inc.,Industrials,Metal Fabrication,USA,3145.66,,24.73,2.61%,1221787
315,ATKR,Atkore Inc.,Industrials,Specialty Industrial Machinery,USA,4319.78,5.6,97.38,4.37%,481610
316,ATLC,Atlanticus Holdings Corporation,Financial,Credit Services,USA,587.59,5.05,38.43,-4.83%,35116
317,ATNI,"ATN International, Inc.",Communication Services,Telecom Services,USA,711.98,,44.36,-6.33%,60364
318,ATO,Atmos Energy Corporation,Utilities,Utilities - Regulated Gas,USA,16564.73,22.45,119.93,2.95%,853751
319,ATR,"AptarGroup, Inc.",Consumer Cyclical,Packaging & Containers,USA,7062.21,32.73,107.82,1.69%,249792
320,ATRA,"Atara Biotherapeutics, Inc.",Healthcare,Biotechnology,USA,330.24,,3.18,-2.75%,1847961
321,ATRC,"AtriCure, Inc.",Healthcare,Medical Instruments & Supplies,USA,2341.95,43.96,48.75,1.63%,200420
322,ATRI,Atrion Corporation,Healthcare,Medical Instruments & Supplies,USA,1228.14,36.13,674.8,2.06%,2412
323,ATRO,Astronics Corporation,Industrials,Aerospace & Defense,USA,348.52,,10.77,1.03%,54653
324,ATSG,"Air Transport Services Group, Inc.",Industrials,Integrated Freight & Logistics,USA,2284.19,10.17,30.83,1.82%,181171
325,ATUS,"Altice USA, Inc.",Communication Services,Telecom Services,USA,2844.59,5.34,10.58,-4.77%,2879195
326,ATVI,"Activision Blizzard, Inc.",Communication Services,Electronic Gaming & Multimedia,USA,62371.62,25.19,79.51,-0.35%,4542054
327,AU,AngloGold Ashanti Limited,Basic Materials,Gold,South Africa,6098.84,10.03,14.86,2.34%,2721013
328,AUB,Atlantic Union Bankshares Corporation,Financial,Banks - Regional,USA,2596.87,11.93,34.12,0.95%,353274
329,AUDC,AudioCodes Ltd.,Technology,Communication Equipment,Israel,785.67,25.03,24.13,1.73%,74667
330,AUPH,Aurinia Pharmaceuticals Inc.,Healthcare,Biotechnology,Canada,1195.17,,8.32,-3.03%,3268091
331,AUR,"Aurora Innovation, Inc.",Technology,Information Technology Services,USA,3008.09,,2.46,1.65%,1847945
332,AURA,"Aura Biosciences, Inc.",Healthcare,Biotechnology,USA,422.2,,14.13,-0.98%,18212
333,AUS,Austerlitz Acquisition Corporation I,Financial,Shell Companies,USA,966.98,28.71,9.82,0.20%,955817
334,AUY,Yamana Gold Inc.,Basic Materials,Gold,Canada,4679.13,30.25,4.75,2.15%,25258022
335,AVA,Avista Corporation,Utilities,Utilities - Diversified,USA,3060.4,19.98,42.3,2.47%,202635
336,AVAH,Aveanna Healthcare Holdings Inc.,Healthcare,Medical Care Facilities,USA,434.43,,2.13,1.43%,474616
337,AVAL,Grupo Aval Acciones y Valores S.A.,Financial,Banks - Regional,Colombia,3988.3,4.71,3.58,2.29%,60221
338,AVAN,Avanti Acquisition Corp.,Financial,Shell Companies,Cayman Islands,746.3,20.24,9.96,0.10%,209265
339,AVAV,"AeroVironment, Inc.",Industrials,Aerospace & Defense,USA,2173.1,,85.32,3.16%,144907
340,AVB,"AvalonBay Communities, Inc.",Real Estate,REIT - Residential,USA,29346.43,26.46,212.24,5.02%,1618942
341,AVD,American Vanguard Corporation,Basic Materials,Agricultural Inputs,USA,732.25,27.83,23.32,3.32%,878984
342,AVDX,"AvidXchange Holdings, Inc.",Technology,Software - Infrastructure,USA,1456.27,,7.14,2.88%,702975
343,AVGO,Broadcom Inc.,Technology,Semiconductors,USA,217648.84,26.44,533.61,1.10%,1480346
344,AVID,"Avid Technology, Inc.",Communication Services,Electronic Gaming & Multimedia,USA,1318.17,27.15,28.07,1.52%,189463
345,AVIR,"Atea Pharmaceuticals, Inc.",Healthcare,Biotechnology,USA,699.49,15.81,8.03,-0.99%,329499
346,AVK,Advent Convertible and Income Fund,Financial,Closed-End Fund - Debt,USA,454.7,2.4,13.17,2.49%,73576
347,AVLR,"Avalara, Inc.",Technology,Software - Application,USA,7881.35,,87.27,-0.61%,490634
348,AVNS,"Avanos Medical, Inc.",Healthcare,Medical Devices,USA,1353.55,77.26,28.43,-1.28%,243779
349,AVNT,Avient Corporation,Basic Materials,Specialty Chemicals,USA,3948.71,16.87,43.08,-0.32%,445129
350,AVNW,"Aviat Networks, Inc.",Technology,Communication Equipment,USA,332.15,17.95,29.29,0.62%,161547
351,AVO,"Mission Produce, Inc.",Consumer Defensive,Farm Products,USA,1049.46,42.91,14.59,-0.41%,56371
352,AVPT,"AvePoint, Inc.",Technology,Software - Infrastructure,USA,940.1,,4.95,-0.60%,316078
353,AVT,"Avnet, Inc.",Technology,Electronics & Computer Distribution,USA,4593.73,8.9,47.12,1.57%,535679
354,AVTE,"Aerovate Therapeutics, Inc.",Healthcare,Biotechnology,USA,516.71,,20.81,2.77%,133125
355,AVTR,"Avantor, Inc.",Basic Materials,Specialty Chemicals,USA,22047.44,37.77,32.33,1.79%,8122941
356,AVXL,Anavex Life Sciences Corp.,Healthcare,Biotechnology,USA,875.17,,10.63,-1.21%,604950
357,AVY,Avery Dennison Corporation,Industrials,Business Equipment & Supplies,USA,15518.94,21.67,189.14,2.69%,498306
358,AWF,AllianceBernstein Global High Income Fund,Financial,Closed-End Fund - Debt,USA,886.44,6.36,10.28,0.98%,196996
359,AWI,"Armstrong World Industries, Inc.",Industrials,Building Products & Equipment,USA,4117.41,21.53,87.53,2.31%,500034
360,AWK,"American Water Works Company, Inc.",Utilities,Utilities - Regulated Water,USA,27831.62,21.97,155.51,2.80%,955582
361,AWP,abrdn Global Premier Properties Fund,Financial,Closed-End Fund - Foreign,USA,444.98,2.93,5.21,2.76%,191161
362,AWR,American States Water Company,Utilities,Utilities - Regulated Water,USA,3199.12,36.34,87.36,4.02%,186414
363,AX,"Axos Financial, Inc.",Financial,Banks - Regional,USA,2508.37,10.58,41.02,1.08%,236291
364,AXGN,"AxoGen, Inc.",Healthcare,Medical Devices,USA,403.6,,9.36,-1.16%,267281
365,AXL,"American Axle & Manufacturing Holdings, Inc.",Consumer Cyclical,Auto Parts,USA,1020,,8.92,2.06%,898643
366,AXNX,"Axonics, Inc.",Healthcare,Medical Devices,USA,3195.46,,65.24,1.10%,704020
367,AXON,"Axon Enterprise, Inc.",Industrials,Aerospace & Defense,USA,7840.39,211.61,107.92,3.36%,275000
368,AXP,American Express Company,Financial,Credit Services,USA,112451.24,15.24,152.14,0.34%,3579894
369,AXS,AXIS Capital Holdings Limited,Financial,Insurance - Property & Casualty,Bermuda,4302.28,6.96,49.98,-4.33%,603763
370,AXSM,"Axsome Therapeutics, Inc.",Healthcare,Biotechnology,USA,1585.54,,38.54,0.08%,609713
371,AXTA,Axalta Coating Systems Ltd.,Basic Materials,Specialty Chemicals,USA,5429.09,20.03,25.2,2.48%,2642494
372,AXTI,"AXT, Inc.",Technology,Semiconductor Equipment & Materials,USA,306.49,21.21,7.02,0.43%,140327
373,AY,Atlantica Sustainable Infrastructure plc,Utilities,Utilities - Renewable,United Kingdom,3985.73,,35.83,5.38%,546162
374,AYI,"Acuity Brands, Inc.",Industrials,Electrical Equipment & Parts,USA,5842.48,17.14,178.07,3.87%,292059
375,AYX,"Alteryx, Inc.",Technology,Software - Application,USA,3492.92,,48.56,1.38%,1070892
376,AZEK,The AZEK Company Inc.,Industrials,Building Products & Equipment,USA,3127.55,27.82,20.06,2.56%,2531780
377,AZN,AstraZeneca PLC,Healthcare,Drug Manufacturers - General,United Kingdom,204692.96,,66.72,-1.14%,6242253
378,AZO,"AutoZone, Inc.",Consumer Cyclical,Specialty Retail,USA,41352.03,18.82,2130.45,-0.10%,205370
379,AZPN,"Aspen Technology, Inc.",Technology,Software - Application,USA,12911.12,48.59,195.15,-0.44%,99528
380,AZRE,Azure Power Global Limited,Utilities,Utilities - Renewable,India,786.34,,12.18,6.28%,764832
381,AZTA,"Azenta, Inc.",Healthcare,Medical Instruments & Supplies,USA,5273.92,,67.45,2.51%,344145
382,AZUL,Azul S.A.,Industrials,Airlines,Brazil,804.81,6.9,6.81,3.18%,1853790
383,AZZ,AZZ Inc.,Industrials,Electrical Equipment & Parts,USA,1059.05,12.32,42.21,2.85%,314280
384,B,Barnes Group Inc.,Industrials,Specialty Industrial Machinery,USA,1759.48,17.56,34.69,2.85%,254604
385,BA,The Boeing Company,Industrials,Aerospace & Defense,USA,96056.95,,159.09,1.92%,8711390
386,BABA,Alibaba Group Holding Limited,Consumer Cyclical,Internet Retail,China,283681.72,29.7,100.55,-2.17%,33788326
387,BAC,Bank of America Corporation,Financial,Banks - Diversified,USA,269495.49,10.38,33.32,-0.80%,40060502
388,BACA,Berenson Acquisition Corp. I,Financial,Shell Companies,USA,337.02,,9.8,-0.20%,4515
389,BAH,Booz Allen Hamilton Holding Corporation,Industrials,Consulting Services,USA,12525.01,27.72,95.64,1.52%,1507790
390,BAK,Braskem S.A.,Basic Materials,Chemicals,Brazil,5537.15,1.93,13.53,3.20%,166528
391,BALL,Ball Corporation,Consumer Cyclical,Packaging & Containers,USA,23893.02,21.74,73.56,1.66%,1423017
392,BALY,Bally's Corporation,Consumer Cyclical,Resorts & Casinos,USA,1189.32,,22.44,-1.10%,409010
393,BAM,Brookfield Asset Management Inc.,Financial,Asset Management,Canada,80926.79,20.09,49.26,1.84%,1645417
394,BAMR,Brookfield Asset Management Reinsurance Partners Ltd.,Financial,Insurance - Reinsurance,Bermuda,538.3,23.06,49.34,1.86%,11615
395,BANC,"Banc of California, Inc.",Financial,Banks - Regional,USA,1143.58,10.87,17.51,-0.28%,152439
396,BAND,Bandwidth Inc.,Technology,Software - Infrastructure,USA,465.23,,17.25,2.25%,448673
397,BANF,BancFirst Corporation,Financial,Banks - Regional,USA,3157.96,21.95,106.15,0.21%,228885
398,BANR,Banner Corporation,Financial,Banks - Regional,USA,2131.78,11.01,61.03,0.59%,120704
399,BAP,Credicorp Ltd.,Financial,Banks - Regional,Peru,12528.27,10.04,131.09,2.56%,274227
400,BASE,"Couchbase, Inc.",Technology,Software - Infrastructure,USA,749.74,,15.5,-5.78%,292408
401,BATRA,The Liberty Braves Group,Communication Services,Entertainment,USA,29220.33,57.98,28.7,-0.38%,25454
402,BATRK,The Liberty Braves Group,Communication Services,Entertainment,USA,1128.4,,27.53,-0.47%,52747
403,BAX,Baxter International Inc.,Healthcare,Medical Instruments & Supplies,USA,29901.13,28.52,59.5,-10.93%,9040840
404,BB,BlackBerry Limited,Technology,Software - Infrastructure,Canada,3708.11,,6.12,2.68%,4558309
405,BBAI,"BigBear.ai Holdings, Inc.",Technology,Information Technology Services,USA,429.58,,2.68,-3.25%,74867
406,BBAR,Banco BBVA Argentina S.A.,Financial,Banks - Regional,Argentina,1295.27,3.17,2.54,4.10%,1013160
407,BBBY,Bed Bath & Beyond Inc.,Consumer Cyclical,Specialty Retail,USA,440.05,,4.84,3.42%,3867047
408,BBCP,"Concrete Pumping Holdings, Inc.",Industrials,Engineering & Construction,USA,380.7,25.92,6.48,1.25%,43753
409,BBD,Banco Bradesco S.A.,Financial,Banks - Regional,Brazil,33071.43,3.74,3.31,1.85%,28444615
410,BBDC,"Barings BDC, Inc.",Financial,Credit Services,USA,638.79,6.74,9.78,1.14%,273170
411,BBIO,"BridgeBio Pharma, Inc.",Healthcare,Biotechnology,USA,1312.46,,9.12,-9.52%,2065885
412,BBLN,Babylon Holdings Limited,Healthcare,Health Information Services,United Kingdom,458.69,,1.02,-2.86%,371956
413,BBN,BlackRock Taxable Municipal Bond Trust,Financial,Closed-End Fund - Debt,USA,1175.98,,19.95,2.31%,264401
414,BBSI,"Barrett Business Services, Inc.",Industrials,Staffing & Employment Services,USA,601.17,14.46,81.57,2.04%,50135
415,BBU,Brookfield Business Partners L.P.,Industrials,Conglomerates,Bermuda,1572.47,9.26,20.2,2.28%,9214
416,BBUC,Brookfield Business Corporation,Financial,Asset Management,USA,2195.42,,23.2,0.78%,34656
417,BBVA,"Banco Bilbao Vizcaya Argentaria, S.A.",Financial,Banks - Diversified,Spain,27961.46,5.77,4.28,-0.23%,1999688
418,BBWI,"Bath & Body Works, Inc.",Consumer Cyclical,Specialty Retail,USA,8049.3,8.09,35.38,3.63%,3482497
419,BBY,"Best Buy Co., Inc.",Consumer Cyclical,Specialty Retail,USA,17880.77,8.64,77.99,4.70%,7877290
420,BC,Brunswick Corporation,Consumer Cyclical,Leisure,USA,5820.28,10.02,77.1,0.19%,958182
421,BCAT,BlackRock Capital Allocation Trust,Financial,Closed-End Fund - Equity,USA,1683.96,,15,-0.27%,561719
422,BCBP,"BCB Bancorp, Inc.",Financial,Banks - Regional,USA,318.42,8.53,18.83,-2.23%,75260
423,BCC,Boise Cascade Company,Basic Materials,Lumber & Wood Production,USA,2682.93,3.12,68.06,3.66%,250638
424,BCE,BCE Inc.,Communication Services,Telecom Services,Canada,45591.09,19.91,50.19,1.48%,956012
425,BCH,Banco de Chile,Financial,Banks - Regional,Chile,9877,9.74,19.15,-0.21%,78406
426,BCO,The Brink's Company,Industrials,Security & Protection Services,USA,2734.8,17.45,57.49,1.02%,180306
427,BCOR,"Blucora, Inc.",Financial,Asset Management,USA,938.4,70.75,19.81,0.76%,186695
428,BCPC,Balchem Corporation,Basic Materials,Specialty Chemicals,USA,4311.15,43.29,134.85,1.01%,86843
429,BCRX,"BioCryst Pharmaceuticals, Inc.",Healthcare,Biotechnology,USA,2141.04,,11,-0.45%,1536605
430,BCS,Barclays PLC,Financial,Banks - Diversified,United Kingdom,30558.57,4.46,7.48,-5.20%,7191911
431,BCSA,Blockchain Coinvestors Acquisition Corp. I,Financial,Shell Companies,Cayman Islands,412.99,,9.99,0.25%,803
432,BCSF,"Bain Capital Specialty Finance, Inc.",Financial,Asset Management,USA,921.35,7.59,14.32,1.42%,126501
433,BCX,Blackrock Resources & Commodities Strategy Trust,Financial,Closed-End Fund - Equity,USA,794.84,,9,1.24%,212506
434,BCYC,Bicycle Therapeutics plc,Healthcare,Biotechnology,United Kingdom,702.11,,23.3,-4.33%,243443
435,BDC,Belden Inc.,Industrials,Electrical Equipment & Parts,USA,2894.34,38.02,64.29,2.37%,305435
436,BDJ,BlackRock Enhanced Equity Dividend Trust,Financial,Closed-End Fund - Equity,USA,1806.09,3.34,9.71,0.94%,476191
437,BDN,Brandywine Realty Trust,Real Estate,REIT - Office,USA,1563.34,144.06,9.22,0.77%,2312533
438,BDX,"Becton, Dickinson and Company",Healthcare,Medical Instruments & Supplies,USA,69228.98,38.46,243.91,-0.18%,1004814
439,BE,Bloom Energy Corporation,Industrials,Electrical Equipment & Parts,USA,3833.71,,20.17,17.27%,7124257
440,BEAM,Beam Therapeutics Inc.,Healthcare,Biotechnology,USA,5026.49,,65.68,-3.14%,692329
441,BECN,"Beacon Roofing Supply, Inc.",Industrials,Building Products & Equipment,USA,4118.26,15.26,59.59,4.51%,413921
442,BEKE,KE Holdings Inc.,Real Estate,Real Estate Services,China,152919.03,,14.81,-0.54%,4849583
443,BEN,"Franklin Resources, Inc.",Financial,Asset Management,USA,13446,7.13,26.56,4.44%,4411677
444,BEP,Brookfield Renewable Partners L.P.,Utilities,Utilities - Renewable,Bermuda,10389.88,,37.78,3.71%,710198
445,BEPC,Brookfield Renewable Corporation,Utilities,Utilities - Renewable,USA,14031.63,,39.13,4.35%,699100
446,BERY,"Berry Global Group, Inc.",Consumer Cyclical,Packaging & Containers,USA,7520.3,10.64,57.42,0.40%,2705564
447,BF-A,Brown-Forman Corporation,Consumer Defensive,Beverages - Wineries & Distilleries,USA,12194.78,45.06,72.1,1.89%,43335
448,BF-B,Brown-Forman Corporation,Consumer Defensive,Beverages - Wineries & Distilleries,USA,35031,42.21,73.61,1.64%,749325
449,BFAC,Battery Future Acquisition Corp.,Financial,Shell Companies,USA,427.59,67.55,9.93,-0.20%,1216
450,BFAM,Bright Horizons Family Solutions Inc.,Consumer Cyclical,Personal Services,USA,5596.57,68.91,94.06,1.37%,338107
451,BFH,"Bread Financial Holdings, Inc.",Financial,Credit Services,USA,2061.53,2.76,40.28,-5.25%,1208492
452,BFK,BlackRock Municipal Income Trust,Financial,Closed-End Fund - Debt,USA,502.42,10.71,11.18,0.81%,203303
453,BFLY,"Butterfly Network, Inc.",Healthcare,Medical Devices,USA,939.56,,4.42,3.27%,1272621
454,BFS,"Saul Centers, Inc.",Real Estate,REIT - Retail,USA,1242.36,30.82,52.31,2.27%,19777
455,BFST,"Business First Bancshares, Inc.",Financial,Banks - Regional,USA,521.59,9.64,22.57,-0.31%,56294
456,BFZ,BlackRock California Municipal Income Trust,Financial,Closed-End Fund - Debt,USA,362.94,12.87,11.58,0.61%,205180
457,BG,Bunge Limited,Consumer Defensive,Farm Products,USA,13637.38,7.16,89.32,-2.40%,2132216
458,BGB,Blackstone/GSO Strategic Credit Fund,Financial,Closed-End Fund - Debt,USA,515.43,,11.54,0.61%,87234
459,BGCP,"BGC Partners, Inc.",Financial,Capital Markets,USA,1375.49,14.54,3.62,1.12%,1014748
460,BGNE,"BeiGene, Ltd.",Healthcare,Biotechnology,China,19935.18,,174.87,-1.54%,242397
461,BGR,BlackRock Energy and Resources Trust,Financial,Closed-End Fund - Equity,USA,330.38,4.38,11.35,0.80%,94695
462,BGRY,"Berkshire Grey, Inc.",Industrials,Specialty Industrial Machinery,USA,449.03,,1.8,5.88%,468307
463,BGS,"B&G Foods, Inc.",Consumer Defensive,Packaged Foods,USA,1691.36,25.77,24.95,3.57%,734108
464,BGXX,Bright Green Corporation,Healthcare,Drug Manufacturers - Specialty & Generic,USA,305.41,,1.78,-8.25%,679263
465,BGY,BlackRock Enhanced International Dividend Trust,Financial,Closed-End Fund - Foreign,USA,547.25,3.83,5.25,1.16%,322488
466,BHB,Bar Harbor Bankshares,Financial,Banks - Regional,USA,445.45,11.3,29.21,0.00%,9522
467,BHC,Bausch Health Companies Inc.,Healthcare,Drug Manufacturers - Specialty & Generic,Canada,1906.53,,5.1,-41.24%,28795983
468,BHE,"Benchmark Electronics, Inc.",Technology,Electronic Components,USA,894.1,23.12,25.2,3.66%,280652
469,BHF,"Brighthouse Financial, Inc.",Financial,Insurance - Life,USA,3222.63,3.31,42.65,-0.05%,421923
470,BHG,"Bright Health Group, Inc.",Healthcare,Healthcare Plans,USA,1178.12,,1.74,1.75%,787588
471,BHIL,"Benson Hill, Inc.",Basic Materials,Agricultural Inputs,USA,730.91,,3.2,3.56%,610556
472,BHK,BlackRock Core Bond Trust,Financial,Closed-End Fund - Debt,USA,658.29,,12.2,0.16%,121604
473,BHLB,"Berkshire Hills Bancorp, Inc.",Financial,Banks - Regional,USA,1292.41,10.48,27.74,-0.04%,324347
474,BHP,BHP Group Limited,Basic Materials,Other Industrial Metals & Mining,Australia,135582.64,8.6,54.02,1.09%,2417463
475,BHR,Braemar Hotels & Resorts Inc.,Real Estate,REIT - Hotel & Motel,USA,382.94,,5.22,0.77%,1624126
476,BHVN,Biohaven Pharmaceutical Holding Company Ltd.,Healthcare,Biotechnology,USA,10410.71,,146.3,-0.18%,555577
477,BIDU,"Baidu, Inc.",Communication Services,Internet Content & Information,China,50530.24,,140.6,-0.29%,2150395
478,BIG,"Big Lots, Inc.",Consumer Defensive,Discount Stores,USA,578.1,8.97,19.67,0.82%,1192993
479,BIGC,"BigCommerce Holdings, Inc.",Technology,Software - Application,USA,1243.75,,15.51,1.24%,804056
480,BIGZ,Blackrock Innovation & Growth Trust,Financial,Closed-End Fund - Equity,USA,2181.64,,8.62,-0.58%,819800
481,BIIB,Biogen Inc.,Healthcare,Drug Manufacturers - General,USA,32558.4,15.29,214.2,0.60%,851164
482,BILI,Bilibili Inc.,Communication Services,Electronic Gaming & Multimedia,China,10468.16,,25.41,-2.57%,3022576
483,BILL,"Bill.com Holdings, Inc.",Technology,Software - Application,USA,14691.1,,132.4,2.76%,897774
484,BIO,"Bio-Rad Laboratories, Inc.",Healthcare,Medical Devices,USA,16807,,559.86,2.41%,236340
485,BIOX,Bioceres Crop Solutions Corp.,Basic Materials,Agricultural Inputs,Argentina,629.98,,10.03,2.03%,85975
486,BIP,Brookfield Infrastructure Partners L.P.,Utilities,Utilities - Diversified,Bermuda,25858,34.04,39.56,1.20%,394147
487,BIPC,Brookfield Infrastructure Corporation,Utilities,Utilities - Regulated Gas,USA,4995.49,,45.29,2.00%,268436
488,BIRD,"Allbirds, Inc.",Consumer Cyclical,Apparel Retail,USA,806.23,,5.13,8.00%,2449984
489,BIT,BlackRock Multi-Sector Income Trust,Financial,Closed-End Fund - Debt,USA,572.38,,15.24,0.99%,71789
490,BITF,Bitfarms Ltd.,Financial,Capital Markets,Canada,421.36,6.31,1.47,6.52%,4663425
491,BJ,"BJ's Wholesale Club Holdings, Inc.",Consumer Defensive,Discount Stores,USA,9108.37,20.35,67.69,-0.43%,1301185
492,BJRI,"BJ's Restaurants, Inc.",Consumer Cyclical,Restaurants,USA,560.97,760.97,23.59,4.84%,694584
493,BK,The Bank of New York Mellon Corporation,Financial,Asset Management,USA,35391.31,10.95,43.03,0.35%,2126187
494,BKD,Brookdale Senior Living Inc.,Healthcare,Medical Care Facilities,USA,898.22,,4.81,-1.84%,822918
495,BKE,"The Buckle, Inc.",Consumer Cyclical,Apparel Retail,USA,1498.17,5.84,29.85,0.37%,254975
496,BKH,Black Hills Corporation,Utilities,Utilities - Diversified,USA,4879.54,19.01,76.41,2.72%,279850
497,BKI,"Black Knight, Inc.",Technology,Software - Infrastructure,USA,10330.55,19.67,65.57,1.36%,301144
498,BKKT,"Bakkt Holdings, Inc.",Technology,Software - Infrastructure,USA,801.33,,2.78,3.73%,1849373
499,BKNG,Booking Holdings Inc.,Consumer Cyclical,Travel Services,USA,78544.91,154.71,1912.93,1.88%,318731
500,BKR,Baker Hughes Company,Energy,Oil & Gas Equipment & Services,USA,26342.66,,24.98,-0.32%,6615876
501,BKSY,BlackSky Technology Inc.,Technology,Scientific & Technical Instruments,USA,311.58,,2.29,3.62%,1413200
502,BKU,"BankUnited, Inc.",Financial,Banks - Regional,USA,3146.85,9.55,37.85,-0.24%,480405
503,BL,"BlackLine, Inc.",Technology,Software - Infrastructure,USA,3896.54,,63.41,-0.08%,295869
504,BLBD,Blue Bird Corporation,Consumer Cyclical,Auto Manufacturers,USA,339.53,,10.38,4.22%,67856
505,BLCO,Bausch + Lomb Corporation,Healthcare,Medical Instruments & Supplies,Canada,5509.12,31.33,15.35,-4.48%,11015089
506,BLD,TopBuild Corp.,Industrials,Engineering & Construction,USA,6768.32,18.24,208.77,4.85%,304302
507,BLDE,"Blade Air Mobility, Inc.",Industrials,Airports & Air Services,USA,408.48,,5.55,3.74%,217624
508,BLDP,Ballard Power Systems Inc.,Industrials,Specialty Industrial Machinery,Canada,2499.6,,8.01,13.14%,11080728
509,BLDR,"Builders FirstSource, Inc.",Industrials,Building Products & Equipment,USA,11395.83,5.85,65.83,0.90%,1986765
510,BLE,BlackRock Municipal Income Trust II,Financial,Asset Management,USA,572.35,15.54,11.76,1.91%,292128
511,BLFS,"BioLife Solutions, Inc.",Healthcare,Medical Instruments & Supplies,USA,870.02,,18.67,6.26%,204635
512,BLFY,Blue Foundry Bancorp,Financial,Banks - Regional,USA,341.16,,11.85,-1.17%,50555
513,BLI,"Berkeley Lights, Inc.",Healthcare,Biotechnology,USA,345.62,,4.71,2.17%,431868
514,BLK,"BlackRock, Inc.",Financial,Asset Management,USA,100528.15,17.4,659.98,2.59%,548359
515,BLKB,"Blackbaud, Inc.",Technology,Software - Application,USA,3308.48,,60.84,1.35%,200206
516,BLMN,"Bloomin' Brands, Inc.",Consumer Cyclical,Restaurants,USA,1748.75,9.41,19.78,6.57%,3105189
517,BLND,"Blend Labs, Inc.",Technology,Software - Application,USA,606.87,,2.51,-0.40%,922037
518,BLNK,Blink Charging Co.,Consumer Cyclical,Specialty Retail,USA,1154.44,,21.28,17.76%,3430223
519,BLTE,"Belite Bio, Inc",Healthcare,Biotechnology,USA,936.9,,36.09,6.30%,38854
520,BLU,BELLUS Health Inc.,Healthcare,Biotechnology,Canada,1056.34,,9.78,2.30%,722244
521,BLUE,"bluebird bio, Inc.",Healthcare,Biotechnology,USA,325.24,,4.22,-7.25%,4074159
522,BLW,BlackRock Limited Duration Income Trust,Financial,Closed-End Fund - Debt,USA,470.83,4.95,13.2,1.54%,93839
523,BLX,"Banco Latinoamericano de Comercio Exterior, S. A.",Financial,Banks - Regional,Panama,499.45,8.65,13.92,1.24%,52770
524,BMA,Banco Macro S.A.,Financial,Banks - Regional,Argentina,2012.41,3.46,12.42,8.00%,637177
525,BMBL,Bumble Inc.,Technology,Software - Application,USA,7976.46,,37.6,7.46%,2829551
526,BME,BlackRock Health Sciences Trust,Financial,Closed-End Fund - Equity,USA,551.33,5.06,43.41,-0.18%,34970
527,BMEA,"Biomea Fusion, Inc.",Healthcare,Biotechnology,USA,356.84,,11.43,1.51%,64115
528,BMEZ,BlackRock Health Sciences Trust II,Financial,Closed-End Fund - Equity,USA,1952.57,,17.33,1.70%,346570
529,BMI,"Badger Meter, Inc.",Industrials,Electrical Equipment & Parts,USA,2789.36,42.91,93.76,2.68%,95820
530,BMO,Bank of Montreal,Financial,Banks - Diversified,Canada,67307.01,7.05,99.72,0.41%,526584
531,BMRC,Bank of Marin Bancorp,Financial,Banks - Regional,USA,532.34,14.14,32.8,0.09%,41945
532,BMRN,BioMarin Pharmaceutical Inc.,Healthcare,Biotechnology,USA,16200.36,565.45,87.08,0.07%,568076
533,BMY,Bristol-Myers Squibb Company,Healthcare,Drug Manufacturers - General,USA,159237.24,26.53,74.7,-0.15%,9248205
534,BNFT,"Benefitfocus, Inc.",Technology,Software - Application,USA,302.48,,8.48,0.83%,54916
535,BNGO,"Bionano Genomics, Inc.",Healthcare,Diagnostics & Research,USA,589.72,,1.9,2.70%,4337030
536,BNL,"Broadstone Net Lease, Inc.",Real Estate,REIT - Diversified,USA,3804.08,33.49,22.54,1.44%,636675
537,BNR,Burning Rock Biotech Limited,Healthcare,Diagnostics & Research,China,380.27,,3.32,0.00%,151501
538,BNS,The Bank of Nova Scotia,Financial,Banks - Diversified,Canada,73054,9.38,60.21,0.70%,1048283
539,BNTX,BioNTech SE,Healthcare,Biotechnology,Germany,41507.07,3.15,164.92,5.80%,1080710
540,BOAC,Bluescape Opportunities Acquisition Corp.,Financial,Shell Companies,USA,755.76,8.98,9.96,0.10%,424177
541,BOC,Boston Omaha Corporation,Communication Services,Advertising Agencies,USA,728.29,,24.26,-0.08%,45625
542,BODY,"The Beachbody Company, Inc.",Communication Services,Internet Content & Information,USA,394.56,,1.22,6.09%,524093
543,BOE,BlackRock Enhanced Global Dividend Trust,Financial,Closed-End Fund - Foreign,USA,656.26,3.08,10.25,1.18%,141093
544,BOH,Bank of Hawaii Corporation,Financial,Banks - Regional,USA,3197.44,13.06,79.4,0.19%,131870
545,BOKF,BOK Financial Corporation,Financial,Banks - Regional,USA,5816.44,10.99,85.31,1.19%,283204
546,BOOM,DMC Global Inc.,Energy,Oil & Gas Equipment & Services,USA,404.47,,20.71,-0.91%,44254
547,BOOT,"Boot Barn Holdings, Inc.",Consumer Cyclical,Apparel Retail,USA,1921.18,9.99,63.28,-9.51%,3158668
548,BORR,Borr Drilling Limited,Energy,Oil & Gas Drilling,Bermuda,466.53,,3.41,0.00%,1318772
549,BOWL,Bowlero Corp.,Communication Services,Entertainment,USA,2071.92,,11.61,0.00%,271159
550,BOX,"Box, Inc.",Technology,Software - Infrastructure,USA,4142.25,,28.43,1.50%,803835
551,BP,BP p.l.c.,Energy,Oil & Gas Integrated,United Kingdom,90516.66,,28.47,-1.01%,13431383
552,BPMC,Blueprint Medicines Corporation,Healthcare,Biotechnology,USA,3296.46,,51.97,0.50%,405092
553,BPOP,"Popular, Inc.",Financial,Banks - Regional,USA,5906.67,6.96,76.71,-4.17%,833977
554,BPT,BP Prudhoe Bay Royalty Trust,Energy,Oil & Gas Refining & Marketing,USA,401.82,18.05,17.15,0.06%,198023
555,BR,"Broadridge Financial Solutions, Inc.",Technology,Information Technology Services,USA,18819.89,34.52,160.84,1.67%,418006
556,BRBR,"BellRing Brands, Inc.",Consumer Defensive,Packaged Foods,USA,3379.09,34.37,24.71,0.45%,551415
557,BRC,Brady Corporation,Industrials,Security & Protection Services,USA,2408.94,18.22,47.57,0.40%,186578
558,BRCC,BRC Inc.,Consumer Defensive,Packaged Foods,USA,2000.23,,9.36,4.93%,345883
559,BRDG,Bridge Investment Group Holdings Inc.,Financial,Asset Management,USA,1910.34,3.65,16.59,0.79%,97438
560,BRFS,BRF S.A.,Consumer Defensive,Packaged Foods,Brazil,3276.87,,3.12,1.96%,2891640
561,BRG,"Bluerock Residential Growth REIT, Inc.",Real Estate,REIT - Residential,USA,790.09,,26.31,1.15%,255691
562,BRK-A,Berkshire Hathaway Inc.,Financial,Insurance - Diversified,USA,649740,7.93,442000,1.35%,2189
563,BRK-B,Berkshire Hathaway Inc.,Financial,Insurance - Diversified,USA,714176.99,,293.9,1.24%,3982100
564,BRKL,"Brookline Bancorp, Inc.",Financial,Banks - Regional,USA,1098.73,9.75,14.19,1.87%,345561
565,BRKR,Bruker Corporation,Healthcare,Medical Devices,USA,10384.21,36.82,68.12,3.29%,499649
566,BRLT,"Brilliant Earth Group, Inc.",Consumer Cyclical,Luxury Goods,USA,573.01,,5.8,5.17%,89828
567,BRMK,Broadmark Realty Capital Inc.,Real Estate,REIT - Mortgage,USA,1003.05,12.42,7.5,1.08%,736835
568,BRO,"Brown & Brown, Inc.",Financial,Insurance Brokers,USA,18287.14,29.86,64.38,2.06%,1275025
569,BROG,Brooge Energy Limited,Energy,Oil & Gas Midstream,United Arab Emirates,898.62,59.85,8.2,5.81%,86
570,BROS,Dutch Bros Inc.,Consumer Cyclical,Restaurants,USA,6450.19,,37.8,9.57%,1021840
571,BRP,"BRP Group, Inc.",Financial,Insurance Brokers,USA,3275.91,,26.81,3.96%,518154
572,BRSP,"BrightSpire Capital, Inc.",Real Estate,REIT - Diversified,USA,1170.88,61.38,8.9,2.42%,396941
573,BRT,BRT Apartments Corp.,Real Estate,REIT - Residential,USA,426.94,8.95,22.77,2.25%,64193
574,BRW,Saba Capital Income & Opportunities Fund,Financial,Asset Management,USA,708.54,18.19,8.33,1.34%,36354
575,BRX,Brixmor Property Group Inc.,Real Estate,REIT - Retail,USA,6825.55,23.08,22.87,2.60%,1464208
576,BRY,Berry Corporation,Energy,Oil & Gas E&P,USA,717.47,,8.52,1.67%,907795
577,BRZE,"Braze, Inc.",Technology,Software - Application,USA,4405.81,,42.95,2.46%,1085465
578,BSAC,Banco Santander-Chile,Financial,Banks - Regional,Chile,7478.9,8.37,15.87,-0.81%,287738
579,BSBR,Banco Santander (Brasil) S.A.,Financial,Banks - Regional,Brazil,21221.19,14.73,5.48,3.79%,1154566
580,BSIG,BrightSphere Investment Group Inc.,Financial,Asset Management,USA,787.05,9.9,19.02,0.79%,201762
581,BSM,"Black Stone Minerals, L.P.",Energy,Oil & Gas E&P,USA,3298.48,23.7,15.62,1.83%,529847
582,BSMX,Banco Santander Mexico SA ADR,Financial,Banks - Regional,Mexico,7669.75,8.58,5.66,2.72%,59431
583,BSRR,Sierra Bancorp,Financial,Banks - Regional,USA,342.68,8.75,22.5,1.17%,22118
584,BST,BlackRock Science and Technology Trust,Financial,Closed-End Fund - Equity,USA,1212.08,,35.99,1.81%,182155
585,BSTZ,BlackRock Science and Technology Trust II,Financial,Asset Management,USA,1657.85,,21.23,3.11%,316606
586,BSX,Boston Scientific Corporation,Healthcare,Medical Devices,USA,58841.1,78.4,41.16,2.11%,9068585
587,BSY,"Bentley Systems, Incorporated",Technology,Software - Application,USA,11378.44,136.07,38.78,2.05%,903801
588,BTAI,"BioXcel Therapeutics, Inc.",Healthcare,Biotechnology,USA,468.16,,15.71,-0.51%,167339
589,BTG,B2Gold Corp.,Basic Materials,Gold,Canada,3652.31,8.24,3.46,2.98%,14701072
590,BTI,British American Tobacco p.l.c.,Consumer Defensive,Tobacco,United Kingdom,92906.41,11.82,41,-2.73%,2774863
591,BTO,John Hancock Financial Opportunities Fund,Financial,Closed-End Fund - Equity,USA,51954.23,76.35,37.87,0.64%,21323
592,BTRS,BTRS Holdings Inc.,Technology,Software - Application,USA,1045.48,,6.1,7.39%,1030290
593,BTT,Blackrock Municipal 2030 Target Term Trust,Financial,Closed-End Fund - Debt,USA,1640.67,13.24,23.27,1.17%,113405
594,BTU,Peabody Energy Corporation,Energy,Thermal Coal,USA,3146.16,10.57,22.1,-3.11%,9255144
595,BTWN,Bridgetown Holdings Limited,Financial,Shell Companies,Hong Kong,740.73,13.26,9.96,0.10%,69369
596,BTZ,BlackRock Credit Allocation Income Trust,Financial,Closed-End Fund - Debt,USA,1082.49,5.41,11.58,1.49%,199939
597,BUD,Anheuser-Busch InBev SA/NV,Consumer Defensive,Beverages - Brewers,Belgium,92702.56,26.61,53.3,-5.09%,3105427
598,BUI,"BlackRock Utilities, Infrastructure & Power Opportunities Trust",Financial,Closed-End Fund - Equity,USA,459.83,,22.63,2.82%,32091
599,BUR,Burford Capital Limited,Financial,Asset Management,United Kingdom,2343.83,,10.7,0.28%,116327
600,BURL,"Burlington Stores, Inc.",Consumer Cyclical,Apparel Retail,USA,9467.24,38.6,144.12,-0.17%,1049400
601,BUSE,First Busey Corporation,Financial,Banks - Regional,USA,1346.49,12.01,24.34,-0.45%,164263
602,BV,"BrightView Holdings, Inc.",Industrials,Specialty Business Services,USA,1219.73,46.19,12.98,0.93%,114237
603,BVH,Bluegreen Vacations Holding Corporation,Consumer Cyclical,Resorts & Casinos,USA,531.15,7.89,26.36,0.30%,24917
604,BVN,Compania de Minas Buenaventura S.A.A.,Basic Materials,Other Precious Metals & Mining,Peru,1470.95,5.42,5.59,-4.61%,1948373
605,BVS,Bioventus Inc.,Healthcare,Medical Devices,USA,651.84,,8.31,-0.48%,120405
606,BW,"Babcock & Wilcox Enterprises, Inc.",Industrials,Specialty Industrial Machinery,USA,681.49,27.24,7.6,3.97%,405355
607,BWA,BorgWarner Inc.,Consumer Cyclical,Auto Parts,USA,9187.11,13.69,38.39,3.12%,2103824
608,BWB,"Bridgewater Bancshares, Inc.",Financial,Banks - Regional,USA,482.93,11.05,17.18,0.23%,25230
609,BWMX,"Betterware de Mexico, S.A.P.I. de C.V.",Consumer Cyclical,Specialty Retail,Mexico,376.5,5.36,10,1.11%,50852
610,BWXT,"BWX Technologies, Inc.",Industrials,Aerospace & Defense,USA,5115.93,17.59,55.62,1.98%,678072
611,BX,Blackstone Inc.,Financial,Asset Management,USA,126077.05,18.7,102.48,4.87%,5434309
612,BXC,BlueLinx Holdings Inc.,Industrials,Building Products & Equipment,USA,749.13,2.11,77.31,3.88%,122393
613,BXMT,"Blackstone Mortgage Trust, Inc.",Real Estate,REIT - Mortgage,USA,5358.88,11.18,31.14,3.15%,2121401
614,BXMX,Nuveen S&P 500 Buy-Write Income Fund,Financial,Closed-End Fund - Equity,USA,1386.44,3.97,13.32,0.45%,287185
615,BXP,"Boston Properties, Inc.",Real Estate,REIT - Office,USA,14030.86,25.76,90.08,0.09%,1654958
616,BXSL,Blackstone Secured Lending Fund,Financial,Asset Management,USA,4068.41,8.72,23.81,2.19%,646963
617,BY,"Byline Bancorp, Inc.",Financial,Banks - Regional,USA,954.2,10.4,25.19,-0.79%,292123
618,BYD,Boyd Gaming Corporation,Consumer Cyclical,Resorts & Casinos,USA,6220.02,12.06,55.71,0.13%,921364
619,BYM,BlackRock Municipal Income Quality Trust,Financial,Closed-End Fund - Debt,USA,350.21,12.44,13.26,0.76%,58997
620,BYND,"Beyond Meat, Inc.",Consumer Defensive,Packaged Foods,USA,2090.72,,31.43,-3.11%,2698876
621,BYTS,BYTE Acquisition Corp.,Financial,Shell Companies,USA,407.06,38.4,9.83,-0.20%,66
622,BZ,Kanzhun Limited,Industrials,Staffing & Employment Services,China,11247.4,,24.41,-0.69%,1427534
623,BZH,"Beazer Homes USA, Inc.",Consumer Cyclical,Residential Construction,USA,468.03,2.85,15.3,-0.13%,339653
624,BZUN,Baozun Inc.,Consumer Cyclical,Internet Retail,China,667.12,,9.57,-5.99%,382636
625,C,Citigroup Inc.,Financial,Banks - Diversified,USA,102494.58,6.58,52.23,-0.23%,12688386
626,CAAP,Corporacion America Airports S.A.,Industrials,Airports & Air Services,Luxembourg,863.49,,5.27,-0.57%,85578
627,CABO,"Cable One, Inc.",Communication Services,Telecom Services,USA,8396.49,22.3,1385.56,-3.75%,72331
628,CAC,Camden National Corporation,Financial,Banks - Regional,USA,662.56,10.28,45.35,-1.16%,19182
629,CACC,Credit Acceptance Corporation,Financial,Credit Services,USA,7390.09,8.94,560.28,1.23%,44050
630,CACI,CACI International Inc,Technology,Information Technology Services,USA,7047.47,17.38,300.02,2.70%,181489
631,CADE,Cadence Bank,Financial,Banks - Regional,USA,4714.69,14.84,25.5,-1.70%,1070832
632,CAE,CAE Inc.,Industrials,Aerospace & Defense,Canada,8303.22,72.77,25.76,0.62%,260210
633,CAF,"Morgan Stanley China A Share Fund, Inc.",Financial,Closed-End Fund - Foreign,USA,352.29,,16.1,-0.49%,2358
634,CAG,"Conagra Brands, Inc.",Consumer Defensive,Packaged Foods,USA,16092.91,18.45,33.99,1.83%,2934978
635,CAH,"Cardinal Health, Inc.",Healthcare,Medical Distribution,USA,15798.68,,58.88,1.33%,2196588
636,CAJ,Canon Inc.,Technology,Computer Hardware,Japan,31027.11,15.65,23.56,1.38%,294932
637,CAKE,The Cheesecake Factory Incorporated,Consumer Cyclical,Restaurants,USA,1562.42,20.33,29.58,4.93%,2336643
638,CAL,"Caleres, Inc.",Consumer Cyclical,Footwear & Accessories,USA,931.47,5.26,24.76,0.98%,601303
639,CALM,"Cal-Maine Foods, Inc.",Consumer Defensive,Farm Products,USA,2322.39,19.08,52.65,-3.18%,795375
640,CALT,Calliditas Therapeutics AB (publ),Healthcare,Biotechnology,Sweden,494.82,,18.91,-0.41%,741
641,CALX,"Calix, Inc.",Technology,Software - Application,USA,3832.89,17.13,56.91,3.32%,931040
642,CAMT,Camtek Ltd.,Technology,Semiconductor Equipment & Materials,Israel,1313.34,20.32,28.89,-1.10%,109494
643,CAN,Canaan Inc.,Technology,Computer Hardware,China,857.2,2.09,4.26,1.19%,2382121
644,CANG,Cango Inc.,Communication Services,Internet Content & Information,China,435.97,24.3,2.77,1.09%,46787
645,CANO,"Cano Health, Inc.",Healthcare,Medical Care Facilities,USA,3045.08,,6.35,1.76%,1105304
646,CAPL,CrossAmerica Partners LP,Energy,Oil & Gas Refining & Marketing,USA,833.04,27.17,21.98,0.50%,50487
647,CAR,"Avis Budget Group, Inc.",Industrials,Rental & Leasing Services,USA,8396.32,5.32,171.95,10.02%,1047592
648,CARA,"Cara Therapeutics, Inc.",Healthcare,Biotechnology,USA,493.95,,9.04,-1.09%,295409
649,CARE,"Carter Bankshares, Inc.",Financial,Banks - Regional,USA,363.58,12.61,13.74,-1.36%,21891
650,CARG,"CarGurus, Inc.",Communication Services,Internet Content & Information,USA,3079,,24.63,3.18%,399435
651,CARR,Carrier Global Corporation,Industrials,Building Products & Equipment,USA,33288.35,13.09,39.48,-0.15%,6616275
652,CARS,Cars.com Inc.,Consumer Cyclical,Auto & Truck Dealerships,USA,834.8,123.72,11.63,3.38%,378953
653,CASA,"Casa Systems, Inc.",Technology,Communication Equipment,USA,430.01,,4.49,2.05%,434462
654,CASH,"Meta Financial Group, Inc.",Financial,Banks - Regional,USA,1013.2,6.34,34,-21.15%,1737841
655,CASS,"Cass Information Systems, Inc.",Industrials,Specialty Business Services,USA,499.51,16.05,36.04,-0.91%,46518
656,CASY,"Casey's General Stores, Inc.",Consumer Defensive,Grocery Stores,USA,7547.14,22.3,202.88,2.09%,358208
657,CAT,Caterpillar Inc.,Industrials,Farm & Heavy Construction Machinery,USA,101518.13,15.85,187.84,1.40%,2224282
658,CATC,Cambridge Bancorp,Financial,Banks - Regional,USA,583.11,10.98,83.54,-1.58%,3824
659,CATY,Cathay General Bancorp,Financial,Banks - Regional,USA,3108.21,10.6,41,-0.41%,306236
660,CB,Chubb Limited,Financial,Insurance - Property & Casualty,Switzerland,78497.31,9.87,185.38,-0.87%,2458765
661,CBD,Companhia Brasileira de Distribuicao,Consumer Cyclical,Department Stores,Brazil,847.11,7.81,3.07,0.99%,1176237
662,CBL,"CBL & Associates Properties, Inc.",Real Estate,REIT - Retail,USA,978.18,,30.35,3.73%,130144
663,CBNK,"Capital Bancorp, Inc.",Financial,Banks - Regional,USA,342.61,8.1,24.52,1.81%,28645
664,CBOE,"Cboe Global Markets, Inc.",Financial,Financial Data & Stock Exchanges,USA,13373.8,26.91,125.67,0.42%,915016
665,CBRE,"CBRE Group, Inc.",Real Estate,Real Estate Services,USA,27352.01,14.64,84.71,2.33%,1137948
666,CBRL,"Cracker Barrel Old Country Store, Inc.",Consumer Cyclical,Restaurants,USA,2222.08,16.82,96.57,3.94%,429120
667,CBSH,"Commerce Bancshares, Inc.",Financial,Banks - Regional,USA,8418.16,16.04,69.16,-0.13%,343293
668,CBT,Cabot Corporation,Basic Materials,Specialty Chemicals,USA,4136.26,32.62,73.04,2.15%,336543
669,CBTX,"CBTX, Inc.",Financial,Banks - Regional,USA,743.82,20.44,30.09,0.40%,48888
670,CBU,"Community Bank System, Inc.",Financial,Banks - Regional,USA,3621.23,19.8,66.8,0.54%,157985
671,CBZ,"CBIZ, Inc.",Industrials,Specialty Business Services,USA,2350.04,30.42,45.02,3.59%,497343
672,CC,The Chemours Company,Basic Materials,Specialty Chemicals,USA,5497.1,7.78,34.9,1.99%,1487828
673,CCAP,"Crescent Capital BDC, Inc.",Financial,Asset Management,USA,552.57,4.46,16.66,1.15%,53778
674,CCB,Coastal Financial Corporation,Financial,Banks - Regional,USA,538.84,19.23,41.07,-2.03%,152496
675,CCBG,"Capital City Bank Group, Inc.",Financial,Banks - Regional,USA,544.58,16.71,31.94,-2.41%,22028
676,CCCC,"C4 Therapeutics, Inc.",Healthcare,Biotechnology,USA,527.18,,9.96,-6.83%,276848
677,CCCS,CCC Intelligent Solutions Holdings Inc.,Technology,Software - Infrastructure,USA,6192.76,,9.92,0.40%,814556
678,CCD,Calamos Dynamic Convertible and Income Fund,Financial,Closed-End Fund - Equity,USA,588.9,,23.7,2.64%,40932
679,CCEP,Coca-Cola Europacific Partners PLC,Consumer Defensive,Beverages - Non-Alcoholic,United Kingdom,24866.8,24.47,53.78,1.38%,620073
680,CCF,Chase Corporation,Basic Materials,Specialty Chemicals,USA,853.58,19,90.04,-2.00%,19643
681,CCI,Crown Castle International Corp.,Real Estate,REIT - Specialty,USA,78532.79,50.87,181.21,4.42%,1431757
682,CCJ,Cameco Corporation,Energy,Uranium,Canada,10539.85,,25.54,1.59%,5546954
683,CCK,"Crown Holdings, Inc.",Consumer Cyclical,Packaging & Containers,USA,12445.6,,100.19,2.22%,902227
684,CCL,Carnival Corporation & plc,Consumer Cyclical,Travel Services,USA,10844.02,,9.1,2.82%,58072279
685,CCNE,CNB Financial Corporation,Financial,Banks - Regional,USA,436.82,8.11,25.65,-0.12%,64931
686,CCO,"Clear Channel Outdoor Holdings, Inc.",Communication Services,Advertising Agencies,USA,721.17,,1.45,1.40%,999143
687,CCOI,"Cogent Communications Holdings, Inc.",Communication Services,Telecom Services,USA,3074.12,97.43,63.62,1.00%,122402
688,CCRN,"Cross Country Healthcare, Inc.",Industrials,Staffing & Employment Services,USA,1262.78,5.93,27.41,1.78%,487244
689,CCS,"Century Communities, Inc.",Consumer Cyclical,Residential Construction,USA,1659.88,3.26,51.31,-6.01%,562270
690,CCSI,"Consensus Cloud Solutions, Inc.",Technology,Software - Infrastructure,USA,1044.47,8.77,53.59,-0.04%,52981
691,CCU,Compania Cervecerias Unidas S.A.,Consumer Defensive,Beverages - Brewers,Chile,2149.82,9.87,11.47,-0.61%,280524
692,CCV,Churchill Capital Corp V,Financial,Shell Companies,USA,618.19,38.59,9.88,0.10%,150160
693,CCVI,Churchill Capital Corp VI,Financial,Shell Companies,USA,677.58,48.66,9.83,0.00%,688406
694,CCXI,"ChemoCentryx, Inc.",Healthcare,Biotechnology,USA,1752.94,,23.23,-3.01%,871703
695,CD,Chindata Group Holdings Limited,Technology,Information Technology Services,China,2785.38,51.06,7.25,-1.63%,1643247
696,CDAY,Ceridian HCM Holding Inc.,Technology,Software - Application,USA,8555.93,,54.66,1.22%,786437
697,CDE,"Coeur Mining, Inc.",Basic Materials,Gold,USA,892.7,,3.03,4.84%,6078157
698,CDEV,"Centennial Resource Development, Inc.",Energy,Oil & Gas E&P,USA,2000.99,13.79,6.59,0.76%,5813742
699,CDLX,"Cardlytics, Inc.",Communication Services,Internet Content & Information,USA,458.8,,13.09,0.23%,607753
700,CDMO,"Avid Bioservices, Inc.",Healthcare,Biotechnology,USA,1415.63,13.92,20.36,3.67%,634362
701,CDNA,"CareDx, Inc",Healthcare,Diagnostics & Research,USA,1406.06,,24.36,0.00%,463393
702,CDNS,"Cadence Design Systems, Inc.",Technology,Software - Application,USA,50949.04,68.57,183.62,3.96%,2109237
703,CDR,"Cedar Realty Trust, Inc.",Real Estate,REIT - Retail,USA,398.03,,29.16,0.41%,225534
704,CDRE,"Cadre Holdings, Inc.",Industrials,Aerospace & Defense,USA,873.23,,23.01,1.01%,181984
705,CDW,CDW Corporation,Technology,Information Technology Services,USA,24233.74,24.61,178.15,1.92%,705951
706,CDXS,"Codexis, Inc.",Healthcare,Biotechnology,USA,520.48,,7.34,-3.93%,980459
707,CE,Celanese Corporation,Basic Materials,Chemicals,USA,13185.38,6.34,119.78,1.40%,1451938
708,CEA,China Eastern Airlines Corporation Limited,Industrials,Airlines,China,12224.89,,18.48,-0.11%,2838
709,CEF,Sprott Physical Gold and Silver Trust,Financial,Asset Management,Canada,3656.35,,16.58,2.41%,402339
710,CEG,Constellation Energy Corporation,Utilities,Utilities - Renewable,USA,21164.2,,64.59,16.32%,8454467
711,CEIX,CONSOL Energy Inc.,Energy,Thermal Coal,USA,2193.32,,62.9,-2.34%,722318
712,CELH,"Celsius Holdings, Inc.",Consumer Defensive,Beverages - Non-Alcoholic,USA,6988.87,692.3,87.23,3.86%,727668
713,CELU,Celularity Inc.,Healthcare,Biotechnology,USA,463.52,,3.2,0.31%,300031
714,CEM,ClearBridge MLP and Midstream Fund Inc,Financial,Closed-End Fund - Equity,USA,470.51,,33.41,2.11%,48591
715,CENN,Cenntro Electric Group Limited,Consumer Cyclical,Auto Manufacturers,USA,413.56,,1.49,2.76%,2627855
716,CENT,Central Garden & Pet Company,Consumer Defensive,Packaged Foods,USA,2377.23,16.06,44.17,0.91%,48596
717,CENTA,Central Garden & Pet Company,Consumer Defensive,Packaged Foods,USA,1750.1,15.09,41.51,1.39%,118625
718,CENX,Century Aluminum Company,Basic Materials,Aluminum,USA,694.1,,7.63,2.42%,1319728
719,CEPU,Central Puerto S.A.,Utilities,Utilities - Regulated Electric,Argentina,575.46,,3.83,7.28%,242164
720,CEQP,Crestwood Equity Partners LP,Energy,Oil & Gas Midstream,USA,3076.15,,27.5,2.15%,973962
721,CERE,"Cerevel Therapeutics Holdings, Inc.",Healthcare,Biotechnology,USA,3905.83,,25.5,-2.34%,456187
722,CERS,Cerus Corporation,Healthcare,Biotechnology,USA,1060.72,,5.55,0.00%,876262
723,CERT,"Certara, Inc.",Healthcare,Health Information Services,USA,3780.05,,22.77,1.70%,271108
724,CET,Central Securities Corp.,Financial,Asset Management,USA,960.26,2.19,36.59,0.66%,25603
725,CEVA,"CEVA, Inc.",Technology,Semiconductors,USA,881.65,408,36.72,0.52%,52991
726,CF,"CF Industries Holdings, Inc.",Basic Materials,Agricultural Inputs,USA,19713.53,12.12,93.95,-0.72%,2185986
727,CFB,"CrossFirst Bankshares, Inc.",Financial,Banks - Regional,USA,674.38,9.5,13.76,0.22%,52859
728,CFFN,"Capitol Federal Financial, Inc.",Financial,Banks - Regional,USA,1324.72,16.06,9.54,-0.21%,454540
729,CFG,"Citizens Financial Group, Inc.",Financial,Banks - Regional,USA,18696.66,9.45,37.35,0.05%,3325568
730,CFIV,CF Acquisition Corp. IV,Financial,Shell Companies,USA,627.08,97.82,9.88,0.10%,302904
731,CFLT,"Confluent, Inc.",Technology,Software - Infrastructure,USA,7647.97,,25.27,2.31%,2007716
732,CFR,"Cullen/Frost Bankers, Inc.",Financial,Banks - Regional,USA,8281.19,19.87,128.55,-0.35%,389697
733,CFVI,CF Acquisition Corp. VI,Financial,Shell Companies,USA,384.63,,10.04,0.10%,266275
734,CG,The Carlyle Group Inc.,Financial,Asset Management,USA,13596.87,5.09,37.52,5.54%,2593760
735,CGAU,Centerra Gold Inc.,Basic Materials,Gold,Canada,1867.63,,6.29,2.11%,88263
736,CGBD,"Carlyle Secured Lending, Inc.",Financial,Asset Management,USA,706.38,5.28,13.54,0.97%,176603
737,CGC,Canopy Growth Corporation,Healthcare,Drug Manufacturers - Specialty & Generic,Canada,1007.91,,2.56,4.92%,8848188
738,CGEM,"Cullinan Oncology, Inc.",Healthcare,Biotechnology,USA,645.19,,13.71,-2.07%,115296
739,CGNT,Cognyte Software Ltd.,Technology,Software - Infrastructure,Israel,325.93,,4.61,1.77%,203449
740,CGNX,Cognex Corporation,Technology,Scientific & Technical Instruments,USA,8895.75,32.68,50.59,3.03%,475057
741,CHAA,Catcha Investment Corp,Financial,Shell Companies,Singapore,369.54,21.63,9.86,0.05%,4067
742,CHCO,City Holding Company,Financial,Banks - Regional,USA,1276.21,14.66,85.94,0.89%,41300
743,CHCT,Community Healthcare Trust Incorporated,Real Estate,REIT - Healthcare Facilities,USA,963.91,44.77,38.68,1.84%,33694
744,CHD,"Church & Dwight Co., Inc.",Consumer Defensive,Household & Personal Products,USA,23141.39,29.51,96.21,1.85%,937976
745,CHDN,Churchill Downs Incorporated,Consumer Cyclical,Gambling,USA,8336.24,33.46,216.92,-1.40%,265834
746,CHE,Chemed Corporation,Healthcare,Medical Care Facilities,USA,7191.78,28.24,482.67,-7.90%,151327
747,CHEF,"The Chefs' Warehouse, Inc.",Consumer Defensive,Food Distribution,USA,1422.73,92.83,36.11,-4.62%,590060
748,CHGG,"Chegg, Inc.",Consumer Defensive,Education & Training Services,USA,2732.92,46.47,21.05,0.72%,1210520
749,CHH,"Choice Hotels International, Inc.",Consumer Cyclical,Lodging,USA,6738.83,20.12,119.61,0.42%,207539
750,CHI,Calamos Convertible Opportunities and Income Fund,Financial,Closed-End Fund - Debt,USA,904.04,3.15,12.6,2.27%,141240
751,CHK,Chesapeake Energy Corporation,Energy,Oil & Gas E&P,USA,11993.96,,92.89,0.54%,1401600
752,CHKP,Check Point Software Technologies Ltd.,Technology,Software - Application,Israel,16323.91,20.9,126.18,0.43%,866611
753,CHNG,Change Healthcare Inc.,Healthcare,Health Information Services,USA,7668.73,,24.38,-0.49%,1278926
754,CHPT,"ChargePoint Holdings, Inc.",Consumer Cyclical,Specialty Retail,USA,5486.73,,15.3,16.44%,19002746
755,CHRD,Chord Energy,Energy,Oil & Gas E&P,USA,5280.15,10.09,123.86,2.24%,370595
756,CHRS,"Coherus BioSciences, Inc.",Healthcare,Biotechnology,USA,718.16,,8.44,4.33%,962535
757,CHRW,"C.H. Robinson Worldwide, Inc.",Industrials,Integrated Freight & Logistics,USA,13670.85,15.25,108.07,6.86%,3277688
758,CHS,"Chico's FAS, Inc.",Consumer Cyclical,Apparel Retail,USA,610.75,6.82,4.98,-1.97%,2312586
759,CHSCP,CHS Inc.,Consumer Defensive,Farm Products,USA,356.43,,29.12,0.24%,10277
760,CHT,"Chunghwa Telecom Co., Ltd.",Communication Services,Telecom Services,Taiwan,31254.77,24.42,40.29,-0.15%,165844
761,CHTR,"Charter Communications, Inc.",Communication Services,Entertainment,USA,84620.12,15.77,435.58,-8.48%,3174213
762,CHUY,"Chuy's Holdings, Inc.",Consumer Cyclical,Restaurants,USA,424.46,15.24,22.2,2.54%,51968
763,CHW,Calamos Global Dynamic Income Fund,Financial,Closed-End Fund - Equity,USA,438.85,2.5,7.31,1.81%,190986
764,CHWY,"Chewy, Inc.",Consumer Cyclical,Internet Retail,USA,17487.98,,39.13,0.49%,5113168
765,CHX,ChampionX Corporation,Energy,Oil & Gas Equipment & Services,USA,4060.58,28.65,19.8,-1.88%,3230958
766,CHY,Calamos Convertible and High Income Fund,Financial,Closed-End Fund - Debt,USA,953.58,3.01,12.94,2.70%,178289
767,CI,Cigna Corporation,Healthcare,Healthcare Plans,USA,85766.49,16.94,273.22,-0.55%,1650666
768,CIB,Bancolombia S.A.,Financial,Banks - Regional,Colombia,7661.18,5.97,29.66,2.21%,255182
769,CIEN,Ciena Corporation,Technology,Communication Equipment,USA,7892.49,18.78,51.22,3.16%,1424676
770,CIFR,Cipher Mining Inc.,Financial,Capital Markets,USA,461.82,,1.67,5.03%,174168
771,CIG,Companhia Energetica de Minas Gerais,Utilities,Utilities - Diversified,Brazil,5586.25,4.89,2.22,0.91%,4028616
772,CIGI,Colliers International Group Inc.,Real Estate,Real Estate Services,Canada,5414.13,,124.52,0.28%,90713
773,CII,"BlackRock Enhanced Capital and Income Fund, Inc.",Financial,Closed-End Fund - Equity,USA,837.42,2.95,18.98,1.17%,96408
774,CIIG,"CIIG Capital Partners II, Inc.",Financial,Shell Companies,USA,358.32,,9.97,0.00%,0
775,CIM,Chimera Investment Corporation,Real Estate,REIT - Mortgage,USA,2504.03,14.89,10.42,4.51%,2881764
776,CINC,"CinCor Pharma, Inc.",Healthcare,Biotechnology,USA,893.91,,23.45,2.09%,75772
777,CINF,Cincinnati Financial Corporation,Financial,Insurance - Property & Casualty,USA,15646.38,7.75,97.68,-13.91%,2366913
778,CINT,CI&T Inc.,Technology,Software - Infrastructure,Brazil,1494.99,1,11.14,-0.54%,48562
779,CIO,"City Office REIT, Inc.",Real Estate,REIT - Office,USA,599.22,1.35,13.81,2.22%,421970
780,CION,CION Investment Corporation,Financial,Asset Management,USA,517.1,6.74,9.12,1.22%,179831
781,CIR,"CIRCOR International, Inc.",Industrials,Specialty Industrial Machinery,USA,360.47,,17.19,1.12%,195375
782,CISO,Cerberus Cyber Sentinel Corporation,Technology,Software - Infrastructure,USA,416.07,,3.31,3.76%,153944
783,CIVB,"Civista Bancshares, Inc.",Financial,Banks - Regional,USA,322.44,8.75,22.1,-1.43%,33807
784,CIVI,"Civitas Resources, Inc.",Energy,Oil & Gas E&P,USA,5020.68,14.46,57.57,0.63%,402843
785,CIXX,CI Financial Corp.,Financial,Asset Management,Canada,2254.8,7.71,11.42,1.42%,19418
786,CL,Colgate-Palmolive Company,Consumer Defensive,Household & Personal Products,USA,65234.35,32.8,79.19,0.55%,5071659
787,CLAR,Clarus Corporation,Consumer Cyclical,Leisure,USA,793.29,30.56,20.17,1.77%,793087
788,CLAS,Class Acceleration Corp.,Financial,Shell Companies,USA,319.17,40.08,9.86,0.10%,2990
789,CLB,Core Laboratories N.V.,Energy,Oil & Gas Equipment & Services,Netherlands,840.42,89.57,18.54,-1.01%,669233
790,CLBK,"Columbia Financial, Inc.",Financial,Banks - Regional,USA,2344.73,23.9,21.08,-7.54%,352057
791,CLBT,Cellebrite DI Ltd.,Technology,Software - Infrastructure,Israel,1031.62,7.94,5.19,-3.89%,109543
792,CLDT,Chatham Lodging Trust,Real Estate,REIT - Hotel & Motel,USA,604.34,,12.15,1.76%,110455
793,CLDX,"Celldex Therapeutics, Inc.",Healthcare,Biotechnology,USA,1536.38,,31.24,0.90%,373344
794,CLF,Cleveland-Cliffs Inc.,Basic Materials,Steel,USA,9759.81,2.48,16.95,1.80%,14552131
795,CLFD,"Clearfield, Inc.",Technology,Communication Equipment,USA,1189.9,35.38,84.57,0.45%,221779
796,CLH,"Clean Harbors, Inc.",Industrials,Waste Management,USA,5290.15,23.25,96.43,2.81%,197622
797,CLM,"Cornerstone Strategic Value Fund, Inc.",Financial,Asset Management,USA,1130.46,4.96,9.59,2.13%,1078047
798,CLMT,"Calumet Specialty Products Partners, L.P.",Energy,Oil & Gas E&P,USA,880.72,,11.69,2.36%,95510
799,CLNE,Clean Energy Fuels Corp.,Energy,Oil & Gas Refining & Marketing,USA,1387.87,,6.15,9.24%,4269582
800,CLOV,"Clover Health Investments, Corp.",Healthcare,Healthcare Plans,USA,1380.41,,2.76,3.37%,4903598
801,CLPT,"ClearPoint Neuro, Inc.",Healthcare,Medical Devices,USA,364.85,,14.18,0.78%,79042
802,CLR,"Continental Resources, Inc.",Energy,Oil & Gas E&P,USA,24928.57,12.24,67.26,0.18%,853290
803,CLS,Celestica Inc.,Technology,Electronic Components,Canada,1326.78,11.45,10.5,3.14%,792142
804,CLVT,Clarivate Plc,Technology,Information Technology Services,United Kingdom,9366.14,,13.67,-3.39%,7954628
805,CLW,Clearwater Paper Corporation,Basic Materials,Paper & Paper Products,USA,617.66,,36.29,0.36%,37894
806,CLX,The Clorox Company,Consumer Defensive,Household & Personal Products,USA,17817.56,39.23,144.67,1.68%,1391887
807,CM,Canadian Imperial Bank of Commerce,Financial,Banks - Diversified,Canada,45180.15,9.13,50.06,0.76%,625118
808,CMA,Comerica Incorporated,Financial,Banks - Regional,USA,10318.25,11.33,77.54,-0.68%,973075
809,CMAX,"CareMax, Inc.",Healthcare,Health Information Services,USA,636.3,,7.07,1.58%,170090
810,CMBM,Cambium Networks Corporation,Technology,Communication Equipment,USA,532.89,34.21,18.85,3.63%,70401
811,CMC,Commercial Metals Company,Basic Materials,Steel,USA,4716.64,4.35,38.3,1.97%,808717
812,CMCO,Columbus McKinnon Corporation,Industrials,Farm & Heavy Construction Machinery,USA,926.18,31.75,32.07,0.00%,67932
813,CMCSA,Comcast Corporation,Communication Services,Entertainment,USA,175189.67,12.69,39.41,-9.13%,46570209
814,CME,CME Group Inc.,Financial,Financial Data & Stock Exchanges,USA,72170.38,26.1,199.52,1.80%,1786971
815,CMG,"Chipotle Mexican Grill, Inc.",Consumer Cyclical,Restaurants,USA,43688.8,63.98,1538.88,1.91%,413551
816,CMI,Cummins Inc.,Industrials,Specialty Industrial Machinery,USA,30501.03,16.01,215.19,2.88%,1248047
817,CMP,"Compass Minerals International, Inc.",Basic Materials,Other Industrial Metals & Mining,USA,1268.42,,37.11,1.23%,371212
818,CMPO,"CompoSecure, Inc.",Industrials,Metal Fabrication,USA,420.31,,5.39,2.67%,49084
819,CMPR,Cimpress plc,Communication Services,Advertising Agencies,Ireland,1049.44,,39.1,12.00%,368201
820,CMPS,COMPASS Pathways plc,Healthcare,Medical Care Facilities,United Kingdom,675.52,,16.18,0.75%,386521
821,CMRE,Costamare Inc.,Industrials,Marine Shipping,Monaco,1540.16,3.21,11.93,0.93%,793801
822,CMS,CMS Energy Corporation,Utilities,Utilities - Regulated Electric,USA,19498.16,27.27,68.53,2.73%,1754733
823,CMTG,"Claros Mortgage Trust, Inc.",Real Estate,REIT - Mortgage,USA,2728.59,18.61,19.21,2.34%,456945
824,CNA,CNA Financial Corporation,Financial,Insurance - Property & Casualty,USA,11546.33,9.57,42.22,-1.52%,114255
825,CNC,Centene Corporation,Healthcare,Healthcare Plans,USA,53758.78,36.63,92.35,-0.17%,2606882
826,CND,Concord Acquisition Corp,Financial,Shell Companies,USA,352.55,,10.01,0.10%,93482
827,CNDA,Concord Acquisition Corp II,Financial,Shell Companies,USA,340.04,39.63,9.71,0.00%,107
828,CNDB,Concord Acquisition Corp III,Financial,Shell Companies,USA,344.65,,9.99,0.10%,9407
829,CNDT,Conduent Incorporated,Technology,Information Technology Services,USA,995.83,9.57,4.67,1.97%,608688
830,CNHI,CNH Industrial N.V.,Industrials,Farm & Heavy Construction Machinery,United Kingdom,16769.92,10.02,12.15,1.93%,3814670
831,CNI,Canadian National Railway Company,Industrials,Railroads,Canada,86278.39,23.4,124.29,1.49%,1099519
832,CNK,"Cinemark Holdings, Inc.",Communication Services,Entertainment,USA,2351.21,,18.94,0.96%,1831515
833,CNM,"Core & Main, Inc.",Industrials,Industrial Distribution,USA,5753.46,25.77,23.45,3.81%,286438
834,CNMD,CONMED Corporation,Healthcare,Medical Devices,USA,2943.77,46.81,99.62,-4.14%,663827
835,CNNE,"Cannae Holdings, Inc.",Consumer Cyclical,Restaurants,USA,1775.41,,20.48,0.44%,624476
836,CNO,"CNO Financial Group, Inc.",Financial,Insurance - Life,USA,2161.51,5.79,18.6,-0.16%,768704
837,CNOB,"ConnectOne Bancorp, Inc.",Financial,Banks - Regional,USA,1031.3,8.23,25.86,2.90%,146068
838,CNP,"CenterPoint Energy, Inc.",Utilities,Utilities - Regulated Gas,USA,19573.78,21.88,31.5,3.11%,2451412
839,CNQ,Canadian Natural Resources Limited,Energy,Oil & Gas E&P,Canada,63088.12,8.65,53.31,1.43%,2541036
840,CNR,"Cornerstone Building Brands, Inc.",Industrials,Building Products & Equipment,USA,3139.22,4.12,24.66,0.00%,0
841,CNS,"Cohen & Steers, Inc.",Financial,Asset Management,USA,3530.54,17.05,72.6,2.33%,50273
842,CNSL,"Consolidated Communications Holdings, Inc.",Communication Services,Telecom Services,USA,785.86,,6.62,0.61%,756238
843,CNTA,Centessa Pharmaceuticals plc,Healthcare,Biotechnology,United Kingdom,470.45,,4.33,-4.84%,147958
844,CNVY,"Convey Health Solutions Holdings, Inc.",Healthcare,Health Information Services,USA,763.48,,10.45,0.00%,115293
845,CNX,CNX Resources Corporation,Energy,Oil & Gas E&P,USA,3477.18,,17.55,-10.09%,6167858
846,CNXC,Concentrix Corporation,Technology,Information Technology Services,USA,7015.67,15.41,133.53,1.19%,195841
847,CNXN,"PC Connection, Inc.",Technology,Electronics & Computer Distribution,USA,1283.16,15.47,47.79,0.38%,35342
848,CO,Global Cord Blood Corporation,Healthcare,Diagnostics & Research,Hong Kong,345.5,4.06,2.47,-0.80%,29985
849,COCO,"The Vita Coco Company, Inc.",Consumer Defensive,Beverages - Non-Alcoholic,USA,659.88,16.39,11.75,-0.09%,153490
850,CODI,Compass Diversified,Industrials,Conglomerates,USA,1687.62,,23.86,3.33%,257782
851,COF,Capital One Financial Corporation,Financial,Credit Services,USA,44410.99,4.23,107.71,-1.13%,3336762
852,COGT,"Cogent Biosciences, Inc.",Healthcare,Biotechnology,USA,1062.69,,11.28,1.08%,365770
853,COHU,"Cohu, Inc.",Technology,Semiconductor Equipment & Materials,USA,1445.89,8.89,28.97,-0.17%,423981
854,COIN,"Coinbase Global, Inc.",Technology,Software - Application,USA,14437.02,5.98,62.25,5.81%,13618709
855,COKE,"Coca-Cola Consolidated, Inc.",Consumer Defensive,Beverages - Non-Alcoholic,USA,4789.17,21.63,506.79,-0.07%,46942
856,COLB,"Columbia Banking System, Inc.",Financial,Banks - Regional,USA,2399.57,10.7,29.89,-0.10%,655157
857,COLD,"Americold Realty Trust, Inc.",Real Estate,REIT - Industrial,USA,8798.75,,32.77,4.13%,1284361
858,COLI,Colicity Inc.,Financial,Shell Companies,USA,424.1,30.46,9.84,0.10%,2584
859,COLL,"Collegium Pharmaceutical, Inc.",Healthcare,Drug Manufacturers - Specialty & Generic,USA,606.74,18.81,17.4,-0.23%,146595
860,COLM,Columbia Sportswear Company,Consumer Cyclical,Apparel Manufacturing,USA,4634.58,13.27,73.67,-1.37%,665392
861,COMM,"CommScope Holding Company, Inc.",Technology,Communication Equipment,USA,1832.51,,8.9,5.83%,4046472
862,COMP,"Compass, Inc.",Technology,Software - Application,USA,1736.55,,3.87,3.75%,2301779
863,CONX,CONX Corp.,Financial,Shell Companies,USA,931.78,39.76,9.94,0.00%,610503
864,COO,"The Cooper Companies, Inc.",Healthcare,Medical Instruments & Supplies,USA,16230.1,17.16,326.43,2.47%,232096
865,COOK,"Traeger, Inc.",Consumer Cyclical,"Furnishings, Fixtures & Appliances",USA,386.6,,3.12,1.30%,829498
866,COOL,Corner Growth Acquisition Corp.,Financial,Shell Companies,USA,495.2,37.97,9.91,0.20%,90649
867,COOP,Mr. Cooper Group Inc.,Financial,Mortgage Finance,USA,3423,2.4,45.44,1.97%,813333
868,COP,ConocoPhillips,Energy,Oil & Gas E&P,USA,122766.17,9.68,94.06,0.85%,4646967
869,CORT,Corcept Therapeutics Incorporated,Healthcare,Biotechnology,USA,3198.54,31.89,29.12,0.21%,530275
870,CORZ,"Core Scientific, Inc.",Technology,Software - Infrastructure,USA,764.6,,2.15,7.50%,5474698
871,COST,Costco Wholesale Corporation,Consumer Defensive,Discount Stores,USA,237393.69,42.23,536.18,2.66%,2073819
872,COTY,Coty Inc.,Consumer Defensive,Household & Personal Products,USA,6653.54,62.42,7.74,0.39%,6225421
873,COUP,Coupa Software Incorporated,Technology,Software - Application,USA,5186.32,,65.36,0.05%,1023761
874,COUR,"Coursera, Inc.",Consumer Defensive,Education & Training Services,USA,2031.01,,13.55,-16.67%,7708863
875,COWN,Cowen Inc.,Financial,Capital Markets,USA,905.66,6.07,33.37,0.69%,660305
876,CP,Canadian Pacific Railway Limited,Industrials,Railroads,Canada,92967.13,19.71,77.6,0.83%,2717949
877,CPA,"Copa Holdings, S.A.",Industrials,Airlines,Panama,2817.69,16.17,67.04,0.99%,263296
878,CPAC,Cementos Pacasmayo S.A.A.,Basic Materials,Building Materials,Peru,456.9,10.2,5.1,-0.79%,4509
879,CPAR,Catalyst Partners Acquisition Corp.,Financial,Shell Companies,USA,440.8,26.92,9.8,0.10%,1383
880,CPB,Campbell Soup Company,Consumer Defensive,Packaged Foods,USA,14690.32,15.7,49.12,1.15%,1873560
881,CPE,Callon Petroleum Company,Energy,Oil & Gas E&P,USA,2878.99,5.33,44.9,0.63%,1075366
882,CPF,Central Pacific Financial Corp.,Financial,Banks - Regional,USA,647.3,8.12,23.47,-0.93%,92263
883,CPG,Crescent Point Energy Corp.,Energy,Oil & Gas E&P,Canada,5848.98,1.28,7.73,3.48%,20062141
884,CPK,Chesapeake Utilities Corporation,Utilities,Utilities - Regulated Gas,USA,2393.76,28.15,136.63,3.05%,56995
885,CPLP,Capital Product Partners L.P.,Industrials,Marine Shipping,Greece,303.64,,15.7,5.72%,101821
886,CPNG,"Coupang, Inc.",Consumer Cyclical,Internet Retail,South Korea,32197.35,,16.97,-0.53%,4902444
887,CPRI,Capri Holdings Limited,Consumer Cyclical,Apparel Manufacturing,United Kingdom,7043.57,9.57,48.63,0.60%,2184328
888,CPRT,"Copart, Inc.",Industrials,Specialty Business Services,USA,30320.63,28,125.77,2.39%,688777
889,CPRX,"Catalyst Pharmaceuticals, Inc.",Healthcare,Biotechnology,USA,1125.93,25.48,10.6,1.92%,1687476
890,CPSI,"Computer Programs and Systems, Inc.",Healthcare,Health Information Services,USA,496.71,22.13,33.79,-0.03%,37141
891,CPT,Camden Property Trust,Real Estate,REIT - Residential,USA,14914.56,42.58,141.33,4.06%,862715
892,CPUH,Compute Health Acquisition Corp.,Financial,Shell Companies,USA,1060.94,44.77,9.85,0.10%,86830
893,CPZ,Calamos Long/Short Equity & Dynamic Income Term Trust,Financial,Closed-End Fund - Equity,USA,343.76,,17.51,0.81%,70181
894,CQP,"Cheniere Energy Partners, L.P.",Energy,Oil & Gas Midstream,USA,24966.06,18.16,51.58,0.55%,171608
895,CR,Crane Holdings Co.,Industrials,Specialty Industrial Machinery,USA,5448.93,14.75,96.39,2.84%,173085
896,CRAI,"CRA International, Inc.",Industrials,Consulting Services,USA,738.66,17.21,97.32,0.20%,14841
897,CRBU,"Caribou Biosciences, Inc.",Healthcare,Biotechnology,USA,526.04,,8.24,1.35%,1133910
898,CRC,California Resources Corporation,Energy,Oil & Gas E&P,USA,3555.64,7.21,44.44,2.73%,616746
899,CRCT,"Cricut, Inc.",Technology,Computer Hardware,USA,1528.33,13.07,6.72,-2.33%,35266
900,CRD-B,Crawford & Company,Financial,Insurance Brokers,USA,347.22,12.3,6.75,-0.88%,2882
901,CRDO,Credo Technology Group Holding Ltd,Technology,Communication Equipment,USA,2343.4,,15.21,9.50%,1659464
902,CRESY,"Cresud Sociedad Anonima, Comercial, Inmobiliaria, Financiera y Agropecuaria",Consumer Defensive,Farm Products,Argentina,836.92,4.77,5.73,5.33%,265402
903,CRF,"Cornerstone Total Return Fund, Inc.",Financial,Asset Management,USA,572.48,4.88,9.2,2.00%,585680
904,CRGE,"Charge Enterprises, Inc.",Technology,Information Technology Services,USA,596.64,,2.94,-3.92%,673841
905,CRGY,Crescent Energy Company,Energy,Oil & Gas E&P,USA,2492.27,,14.33,0.92%,393432
906,CRH,CRH plc,Basic Materials,Building Materials,Ireland,28526.77,11.62,37.93,2.07%,429357
907,CRHC,Cohn Robbins Holdings Corp.,Financial,Shell Companies,USA,1032.93,433.91,9.98,0.10%,1938494
908,CRI,"Carter's, Inc.",Consumer Cyclical,Apparel Retail,USA,3358.53,10.81,81.34,5.93%,1520556
909,CRK,"Comstock Resources, Inc.",Energy,Oil & Gas E&P,USA,3688.77,,15.85,-1.86%,2782558
910,CRL,"Charles River Laboratories International, Inc.",Healthcare,Diagnostics & Research,USA,12543.68,29.95,245.81,3.56%,486212
911,CRM,"Salesforce, Inc.",Technology,Software - Application,USA,183229.8,176.01,181.29,0.55%,4543645
912,CRMT,"America's Car-Mart, Inc.",Consumer Cyclical,Auto & Truck Dealerships,USA,675.94,7.53,103.04,1.24%,29473
913,CRNC,Cerence Inc.,Technology,Software - Application,USA,1107.77,33.89,27.42,2.35%,217447
914,CRNX,"Crinetics Pharmaceuticals, Inc.",Healthcare,Biotechnology,USA,1098.8,,19.41,-5.09%,187884
915,CRON,Cronos Group Inc.,Healthcare,Drug Manufacturers - Specialty & Generic,Canada,1617.6,,3.11,4.71%,2295697
916,CROX,"Crocs, Inc.",Consumer Cyclical,Footwear & Accessories,USA,4166.66,5.98,66.56,8.55%,2628013
917,CRS,Carpenter Technology Corporation,Industrials,Metal Fabrication,USA,1542,,31.12,4.89%,385205
918,CRSP,CRISPR Therapeutics AG,Healthcare,Biotechnology,Switzerland,6199.51,21.07,75.9,-3.84%,1199207
919,CRSR,"Corsair Gaming, Inc.",Technology,Computer Hardware,USA,1379.4,28.28,13.83,1.77%,286825
920,CRTO,Criteo S.A.,Communication Services,Advertising Agencies,France,1557.99,11.94,24.73,-2.60%,299041
921,CRU,Crucible Acquisition Corporation,Financial,Shell Companies,USA,318.9,31.63,9.87,0.05%,3616
922,CRUS,"Cirrus Logic, Inc.",Technology,Semiconductors,USA,4683.81,14.99,82.87,1.28%,464550
923,CRVL,CorVel Corporation,Financial,Insurance Brokers,USA,2918.84,44.72,163.98,1.90%,51963
924,CRWD,"CrowdStrike Holdings, Inc.",Technology,Software - Infrastructure,USA,43517.69,,182.09,2.90%,2738828
925,CS,Credit Suisse Group AG,Financial,Banks - Diversified,Switzerland,15484.9,,5.72,3.81%,12036564
926,CSAN,Cosan S.A.,Energy,Oil & Gas Refining & Marketing,Brazil,6871.98,6.16,14.36,3.38%,215355
927,CSCO,"Cisco Systems, Inc.",Technology,Communication Equipment,USA,189420.62,16.01,45.62,2.20%,17539158
928,CSGP,"CoStar Group, Inc.",Real Estate,Real Estate Services,USA,28454.52,90.92,70.92,1.78%,2834099
929,CSGS,"CSG Systems International, Inc.",Technology,Software - Infrastructure,USA,2107.84,35.52,65.4,0.20%,186548
930,CSII,"Cardiovascular Systems, Inc.",Healthcare,Medical Devices,USA,690.21,,16.29,-0.12%,273584
931,CSIQ,Canadian Solar Inc.,Technology,Solar,Canada,2261.88,27.21,36,5.70%,2548536
932,CSL,Carlisle Companies Incorporated,Industrials,Building Products & Equipment,USA,14946.57,28.67,287.6,5.91%,892310
933,CSQ,Calamos Strategic Total Return Fund,Financial,Closed-End Fund - Debt,USA,2367.53,2.34,15.05,2.45%,186068
934,CSR,Centerspace,Real Estate,REIT - Residential,USA,1308.09,,85.44,3.63%,44651
935,CSTE,Caesarstone Ltd.,Industrials,Building Products & Equipment,Israel,311.72,28.4,9.03,-1.10%,44676
936,CSTL,"Castle Biosciences, Inc.",Healthcare,Diagnostics & Research,USA,785.12,,28.01,0.11%,134569
937,CSTM,Constellium SE,Basic Materials,Aluminum,France,2057.7,5.36,14.44,-0.07%,978468
938,CSTR,"CapStar Financial Holdings, Inc.",Financial,Banks - Regional,USA,471.74,9.57,20.8,-1.00%,57720
939,CSV,"Carriage Services, Inc.",Consumer Cyclical,Personal Services,USA,548.18,17.43,36.84,-16.37%,358534
940,CSWC,Capital Southwest Corporation,Financial,Asset Management,USA,507.05,7.56,19.83,1.33%,129066
941,CSWI,"CSW Industrials, Inc.",Industrials,Specialty Industrial Machinery,USA,1832.51,28.21,118.15,2.32%,19222
942,CSX,CSX Corporation,Industrials,Railroads,USA,69169.02,17.72,31.71,-0.38%,13311845
943,CTAQ,Carney Technology Acquisition Corp. II,Financial,Shell Companies,USA,506.48,93.4,9.9,-0.10%,71800
944,CTAS,Cintas Corporation,Industrials,Specialty Business Services,USA,43073.05,36.64,420.02,2.64%,443341
945,CTBI,"Community Trust Bancorp, Inc.",Financial,Banks - Regional,USA,763.66,9.5,42.83,-0.81%,36717
946,CTIC,CTI BioPharma Corp.,Healthcare,Biotechnology,USA,725.65,,6.42,-1.68%,2318795
947,CTKB,"Cytek Biosciences, Inc.",Healthcare,Medical Devices,USA,1751.38,,12.66,1.77%,338197
948,CTLP,"Cantaloupe, Inc.",Technology,Information Technology Services,USA,437.1,177.58,5.86,3.72%,107283
949,CTLT,"Catalent, Inc.",Healthcare,Drug Manufacturers - Specialty & Generic,USA,20514.32,40.27,111.88,2.26%,674073
950,CTO,"CTO Realty Growth, Inc.",Real Estate,Real Estate - Development,USA,405.68,20.68,22,1.62%,99611
951,CTOS,"Custom Truck One Source, Inc.",Industrials,Rental & Leasing Services,USA,1465.79,,5.92,3.86%,413596
952,CTRA,Coterra Energy Inc.,Energy,Oil & Gas E&P,USA,24332.52,14.01,29.82,-0.80%,4714793
953,CTRE,"CareTrust REIT, Inc.",Real Estate,REIT - Healthcare Facilities,USA,1949.56,252.72,20.47,2.09%,469776
954,CTS,CTS Corporation,Technology,Electronic Components,USA,1277.13,,39.65,3.01%,176233
955,CTSH,Cognizant Technology Solutions Corporation,Technology,Information Technology Services,USA,34769.65,16.04,66.83,-4.94%,5431873
956,CTT,"CatchMark Timber Trust, Inc.",Real Estate,REIT - Specialty,USA,544.22,8.62,11.01,0.82%,324101
957,CTV,Innovid Corp.,Communication Services,Advertising Agencies,USA,384.45,,2.77,0.00%,144320
958,CTVA,"Corteva, Inc.",Basic Materials,Agricultural Inputs,USA,41122.84,23.68,56.96,0.62%,2293435
959,CTXS,"Citrix Systems, Inc.",Technology,Software - Application,USA,12915.37,46.44,101.8,0.18%,1087135
960,CUBE,CubeSmart,Real Estate,REIT - Industrial,USA,10165.8,43.39,45.65,3.56%,638638
961,CUBI,"Customers Bancorp, Inc.",Financial,Banks - Regional,USA,1264.95,3.72,37.48,-6.46%,1099408
962,CUK,Carnival Corporation & plc,Consumer Cyclical,Travel Services,USA,10981.07,,8.19,3.15%,2823481
963,CURV,Torrid Holdings Inc.,Consumer Cyclical,Apparel Retail,USA,447.81,,4.05,2.02%,224403
964,CUTR,"Cutera, Inc.",Healthcare,Medical Devices,USA,849.45,,45.04,2.29%,119348
965,CUZ,Cousins Properties Incorporated,Real Estate,REIT - Office,USA,4531.35,16.39,30.51,0.89%,687517
966,CVAC,CureVac N.V.,Healthcare,Biotechnology,Germany,2624.02,,13.48,0.00%,227604
967,CVBF,CVB Financial Corp.,Financial,Banks - Regional,USA,3750.97,16.93,26.46,-0.08%,788824
968,CVCO,"Cavco Industries, Inc.",Consumer Cyclical,Residential Construction,USA,2231.96,11.7,249.66,2.21%,44238
969,CVE,Cenovus Energy Inc.,Energy,Oil & Gas Integrated,Canada,38790.11,25.8,19.17,3.96%,18696872
970,CVEO,Civeo Corporation,Industrials,Specialty Business Services,USA,407.41,39.19,28.53,0.49%,50104
971,CVET,"Covetrus, Inc.",Healthcare,Health Information Services,USA,2886.68,,20.76,0.00%,907889
972,CVGW,"Calavo Growers, Inc.",Consumer Defensive,Packaged Foods,USA,739.76,,41.7,0.12%,104151
973,CVI,"CVR Energy, Inc.",Energy,Oil & Gas Refining & Marketing,USA,3321.08,20.81,32.72,0.80%,883686
974,CVII,Churchill Capital Corp VII,Financial,Shell Companies,USA,1690.56,,9.81,0.10%,3166074
975,CVLG,"Covenant Logistics Group, Inc.",Industrials,Trucking,USA,519.16,7.75,32.9,-2.92%,318602
976,CVLT,"Commvault Systems, Inc.",Technology,Software - Application,USA,2466.26,77.16,54.94,-0.51%,267778
977,CVNA,Carvana Co.,Consumer Cyclical,Internet Retail,USA,5699.1,,27.18,3.11%,6607316
978,CVS,CVS Health Corporation,Healthcare,Healthcare Plans,USA,124110.66,15.88,95.53,-0.35%,4806319
979,CVT,Cvent Holding Corp.,Technology,Software - Application,USA,2947.1,,6.03,0.67%,260833
980,CVX,Chevron Corporation,Energy,Oil & Gas Integrated,USA,297967.71,14.14,150.39,0.76%,6550662
981,CW,Curtiss-Wright Corporation,Industrials,Specialty Industrial Machinery,USA,5441.18,22.84,141.55,2.14%,82394
982,CWAN,"Clearwater Analytics Holdings, Inc.",Technology,Software - Application,USA,3116.63,,12.76,2.16%,217255
983,CWEN,"Clearway Energy, Inc.",Utilities,Utilities - Renewable,USA,3070.45,288.23,37.47,4.66%,1165169
984,CWEN-A,"Clearway Energy, Inc.",Utilities,Utilities - Renewable,USA,7268.52,251.31,34.43,5.16%,253901
985,CWH,"Camping World Holdings, Inc.",Consumer Cyclical,Recreational Vehicles,USA,2260.5,4.89,27.5,5.20%,903987
986,CWK,Cushman & Wakefield plc,Real Estate,Real Estate Services,United Kingdom,3805.45,12.25,16.81,3.26%,748043
987,CWST,"Casella Waste Systems, Inc.",Industrials,Waste Management,USA,4141.3,100.43,79.84,4.69%,221058
988,CWT,California Water Service Group,Utilities,Utilities - Regulated Water,USA,3148.01,186.89,59.43,1.78%,421049
989,CX,"CEMEX, S.A.B. de C.V.",Basic Materials,Building Materials,Mexico,6079.52,18.22,3.99,0.76%,2435011
990,CXM,"Sprinklr, Inc.",Technology,Software - Application,USA,3019.66,,11.28,1.35%,213695
991,CXW,"CoreCivic, Inc.",Real Estate,REIT - Specialty,USA,1348.41,14.42,11.02,-1.69%,1337941
992,CYBE,CyberOptics Corporation,Technology,Scientific & Technical Instruments,USA,300.3,20.02,39.41,3.68%,57189
993,CYBR,CyberArk Software Ltd.,Technology,Software - Infrastructure,Israel,5381.35,,129.08,0.09%,532645
994,CYD,China Yuchai International Limited,Industrials,Specialty Industrial Machinery,Singapore,362.94,8.78,8.66,1.88%,14000
995,CYH,"Community Health Systems, Inc.",Healthcare,Medical Care Facilities,USA,334.42,1.33,2.96,-42.86%,20134268
996,CYRX,"Cryoport, Inc.",Industrials,Integrated Freight & Logistics,USA,1897.51,,37.25,2.90%,365759
997,CYTK,"Cytokinetics, Incorporated",Healthcare,Biotechnology,USA,4058.43,,42.47,0.38%,1016878
998,CYXT,"Cyxtera Technologies, Inc.",Technology,Information Technology Services,USA,2236.38,,12.23,4.26%,166793
999,CZNC,Citizens & Northern Corporation,Financial,Banks - Regional,USA,394.39,13.65,24.68,-0.64%,11215
1000,CZR,"Caesars Entertainment, Inc.",Consumer Cyclical,Resorts & Casinos,USA,9945.38,,44.89,2.33%,2746673
1001,D,"Dominion Energy, Inc.",Utilities,Utilities - Diversified,USA,64786.83,29.12,81.32,2.68%,2849064
1002,DAC,Danaos Corporation,Industrials,Marine Shipping,Greece,1521.46,1.34,70.7,3.64%,308713
1003,DADA,Dada Nexus Limited,Consumer Cyclical,Internet Retail,China,1912.06,,6.93,-5.33%,561290
1004,DAL,"Delta Air Lines, Inc.",Industrials,Airlines,USA,20721.34,34.46,31.7,0.63%,10635636
1005,DAN,Dana Incorporated,Consumer Cyclical,Auto Parts,USA,2380,16.86,16.49,3.32%,759229
1006,DAO,"Youdao, Inc.",Communication Services,Internet Content & Information,China,617.11,,4.58,-1.51%,79079
1007,DAR,Darling Ingredients Inc.,Consumer Defensive,Packaged Foods,USA,11029.08,16.45,67.98,7.50%,2631913
1008,DASH,"DoorDash, Inc.",Communication Services,Internet Content & Information,USA,29428.7,,70.07,-1.89%,5742698
1009,DAVA,Endava plc,Technology,Software - Infrastructure,United Kingdom,5543.85,66.54,99.21,3.67%,110816
1010,DAWN,"Day One Biopharmaceuticals, Inc.",Healthcare,Biotechnology,USA,1334.51,,17.39,-3.01%,317065
1011,DB,Deutsche Bank Aktiengesellschaft,Financial,Banks - Regional,Germany,18260.35,8.39,8.62,3.36%,5143164
1012,DBI,Designer Brands Inc.,Consumer Cyclical,Apparel Retail,USA,1005.34,6.73,14.25,0.71%,754325
1013,DBRG,"DigitalBridge Group, Inc.",Real Estate,REIT - Diversified,USA,3694.23,,5.56,4.71%,3626898
1014,DBVT,DBV Technologies S.A.,Healthcare,Biotechnology,France,464.45,,2.48,-2.36%,93049
1015,DBX,"Dropbox, Inc.",Technology,Software - Infrastructure,USA,8902.02,20.01,23.07,0.39%,2122268
1016,DCBO,Docebo Inc.,Technology,Software - Application,Canada,1323.57,,30.26,-0.85%,35289
1017,DCFC,Tritium DCFC Limited,Industrials,Electrical Equipment & Parts,Australia,961.43,,6.28,1.62%,241099
1018,DCGO,DocGo Inc.,Healthcare,Medical Care Facilities,USA,791.59,21.74,7.61,0.13%,161473
1019,DCI,"Donaldson Company, Inc.",Industrials,Specialty Industrial Machinery,USA,6594.62,21.28,53.32,1.27%,207531
1020,DCO,Ducommun Incorporated,Industrials,Aerospace & Defense,USA,563.76,4.14,46.21,1.81%,22710
1021,DCOM,"Dime Community Bancshares, Inc.",Financial,Banks - Regional,USA,1284.03,8.59,32.54,1.56%,72809
1022,DCP,"DCP Midstream, LP",Energy,Oil & Gas Midstream,USA,7184.48,19.94,34.3,0.73%,237108
1023,DCPH,"Deciphera Pharmaceuticals, Inc.",Healthcare,Biotechnology,USA,869.07,,12.63,-6.17%,714849
1024,DCT,"Duck Creek Technologies, Inc.",Technology,Software - Application,USA,1958.75,,14.11,0.14%,365621
1025,DD,"DuPont de Nemours, Inc.",Basic Materials,Chemicals,USA,30834.06,22.01,60.13,1.18%,1923032
1026,DDD,3D Systems Corporation,Technology,Computer Hardware,USA,1559.74,5.72,11.42,7.63%,1554303
1027,DDI,"DoubleDown Interactive Co., Ltd.",Communication Services,Electronic Gaming & Multimedia,South Korea,468.84,5.81,9.51,0.11%,20056
1028,DDL,Dingdong (Cayman) Limited,Consumer Defensive,Grocery Stores,China,1198.27,,4.81,-9.59%,1016183
1029,DDOG,"Datadog, Inc.",Technology,Software - Application,USA,32545.76,31906.67,95.72,1.76%,4117426
1030,DDS,"Dillard's, Inc.",Consumer Cyclical,Department Stores,USA,4118.95,4.69,229.34,-0.26%,164798
1031,DE,Deere & Company,Industrials,Farm & Heavy Construction Machinery,USA,102745.61,17.3,331.63,1.82%,1291516
1032,DEA,"Easterly Government Properties, Inc.",Real Estate,REIT - Office,USA,1802.5,57.77,19.99,1.16%,446828
1033,DECK,Deckers Outdoor Corporation,Consumer Cyclical,Footwear & Accessories,USA,7823.03,17.63,287.4,2.14%,719343
1034,DEI,"Douglas Emmett, Inc.",Real Estate,REIT - Office,USA,4072.47,52.13,23.25,1.84%,1151163
1035,DELL,Dell Technologies Inc.,Technology,Computer Hardware,USA,33903.22,6.84,44.5,0.47%,1621603
1036,DEN,Denbury Inc.,Energy,Oil & Gas E&P,USA,3637.9,37.02,70,10.01%,1057229
1037,DENN,Denny's Corporation,Consumer Cyclical,Restaurants,USA,599.46,8.06,9.57,4.59%,2785864
1038,DEO,Diageo plc,Consumer Defensive,Beverages - Wineries & Distilleries,United Kingdom,107573.84,34.99,190.44,2.62%,435483
1039,DESP,"Despegar.com, Corp.",Consumer Cyclical,Travel Services,Argentina,542.09,,7.43,-0.27%,139295
1040,DFH,"Dream Finders Homes, Inc.",Consumer Cyclical,Residential Construction,USA,1205.02,9.29,13.21,2.17%,90981
1041,DFIN,"Donnelley Financial Solutions, Inc.",Financial,Capital Markets,USA,1099.59,8.61,33.74,3.12%,127171
1042,DFP,Flaherty & Crumrine Dynamic Preferred and Income Fund Inc.,Financial,Closed-End Fund - Debt,USA,447.43,10.1,22.22,2.21%,85848
1043,DFS,Discover Financial Services,Financial,Credit Services,USA,27357,6.47,99.48,-0.81%,1448972
1044,DG,Dollar General Corporation,Consumer Defensive,Discount Stores,USA,55452.93,25.14,245.15,0.29%,1472089
1045,DGICA,Donegal Group Inc.,Financial,Insurance - Property & Casualty,USA,468.8,16.44,14.65,-10.23%,307110
1046,DGII,Digi International Inc.,Technology,Communication Equipment,USA,1023.38,86.3,28.65,3.09%,274817
1047,DGNU,Dragoneer Growth Opportunities Corp. III,Financial,Shell Companies,USA,527.58,52.35,9.79,-0.10%,24485
1048,DGX,Quest Diagnostics Incorporated,Healthcare,Diagnostics & Research,USA,16301.36,11.25,135.18,0.66%,753081
1049,DH,Definitive Healthcare Corp.,Healthcare,Health Information Services,USA,4317.14,,25.58,3.52%,200228
1050,DHC,Diversified Healthcare Trust,Real Estate,REIT - Healthcare Facilities,USA,437.42,0.9,1.82,0.00%,2414560
1051,DHHC,DiamondHead Holdings Corp.,Financial,Shell Companies,USA,424.73,133.11,9.85,0.00%,384215
1052,DHI,"D.R. Horton, Inc.",Consumer Cyclical,Residential Construction,USA,27011.47,5.03,78.31,0.59%,2974989
1053,DHIL,"Diamond Hill Investment Group, Inc.",Financial,Asset Management,USA,628.81,8.97,195.89,-0.06%,11813
1054,DHR,Danaher Corporation,Healthcare,Diagnostics & Research,USA,214269.13,34.03,289.01,3.20%,2477810
1055,DHT,"DHT Holdings, Inc.",Energy,Oil & Gas Midstream,Bermuda,1177.14,,6.78,-1.60%,1688544
1056,DIAX,Nuveen Dow 30 Dynamic Overwrite Fund,Financial,Closed-End Fund - Equity,USA,575.32,3.85,15.82,0.19%,61927
1057,DICE,"DICE Therapeutics, Inc.",Healthcare,Biotechnology,USA,720.78,,17.08,0.35%,279599
1058,DIN,"Dine Brands Global, Inc.",Consumer Cyclical,Restaurants,USA,1195.21,12.62,70.89,4.16%,188190
1059,DINO,HF Sinclair Corporation,Energy,Oil & Gas Refining & Marketing,USA,10527.8,13.78,46.73,-1.62%,1553993
1060,DIOD,Diodes Incorporated,Technology,Semiconductors,USA,3759.89,14.24,81.33,2.95%,205964
1061,DIS,The Walt Disney Company,Communication Services,Entertainment,USA,193789.12,70.93,104.9,1.35%,7947061
1062,DISH,DISH Network Corporation,Communication Services,Entertainment,USA,9673.9,5.19,18.05,-2.33%,2480685
1063,DJCO,Daily Journal Corporation,Communication Services,Publishing,USA,372.6,18.44,270,0.52%,829
1064,DK,"Delek US Holdings, Inc.",Energy,Oil & Gas Refining & Marketing,USA,1808.43,,25.55,0.16%,676744
1065,DKL,"Delek Logistics Partners, LP",Energy,Oil & Gas Midstream,USA,2430.99,13.73,53.09,0.80%,27607
1066,DKNG,DraftKings Inc.,Consumer Cyclical,Gambling,USA,6333.1,,13.73,0.37%,11560703
1067,DKS,"DICK'S Sporting Goods, Inc.",Consumer Cyclical,Specialty Retail,USA,7528.68,7.25,93.35,2.19%,1159740
1068,DLB,"Dolby Laboratories, Inc.",Communication Services,Entertainment,USA,7827.6,37.12,76.96,0.85%,592738
1069,DLO,DLocal Limited,Technology,Software - Infrastructure,Uruguay,8516.75,98.21,27.5,-0.18%,2347175
1070,DLR,"Digital Realty Trust, Inc.",Real Estate,REIT - Office,USA,38270.56,28.4,136.93,5.97%,2216043
1071,DLTH,Duluth Holdings Inc.,Consumer Cyclical,Apparel Retail,USA,326.44,11.32,9.59,-1.84%,60939
1072,DLTR,"Dollar Tree, Inc.",Consumer Defensive,Discount Stores,USA,36609.39,24.96,163.34,1.37%,2498984
1073,DLX,Deluxe Corporation,Communication Services,Advertising Agencies,USA,1056.37,22.29,24.85,2.52%,165879
1074,DLY,DoubleLine Yield Opportunities Fund,Financial,Closed-End Fund - Debt,USA,720.15,,15.02,1.90%,261482
1075,DM,"Desktop Metal, Inc.",Technology,Computer Hardware,USA,728.73,,2.14,-0.47%,3701803
1076,DMLP,"Dorchester Minerals, L.P.",Energy,Oil & Gas E&P,USA,1165.62,12.67,30.41,0.10%,202827
1077,DMRC,Digimarc Corporation,Technology,Information Technology Services,USA,315.23,,15.09,2.44%,72398
1078,DNA,"Ginkgo Bioworks Holdings, Inc.",Healthcare,Biotechnology,USA,4633.09,,2.84,1.79%,10145004
1079,DNAA,Social Capital Suvretta Holdings Corp. I,Financial,Shell Companies,USA,316.33,,9.96,-0.05%,361752
1080,DNAB,Social Capital Suvretta Holdings Corp. II,Financial,Shell Companies,USA,311.06,,9.74,-0.15%,12966
1081,DNAD,Social Capital Suvretta Holdings Corp. IV,Financial,Shell Companies,USA,310.32,,9.74,0.00%,7268
1082,DNB,"Dun & Bradstreet Holdings, Inc.",Technology,Information Technology Services,USA,6694.54,,15.67,2.42%,1432009
1083,DNLI,Denali Therapeutics Inc.,Healthcare,Biotechnology,USA,4495.85,,35.67,-3.15%,406007
1084,DNMR,"Danimer Scientific, Inc.",Basic Materials,Specialty Chemicals,USA,523.8,61.97,4.71,0.64%,842875
1085,DNN,Denison Mines Corp.,Energy,Uranium,Canada,1086.15,18.36,1.23,1.65%,5761187
1086,DNOW,NOW Inc.,Energy,Oil & Gas Equipment & Services,USA,1201.53,26.56,10.81,1.03%,459928
1087,DNP,DNP Select Income Fund Inc.,Financial,Closed-End Fund - Equity,USA,3850.25,7.38,11.21,0.00%,463858
1088,DNUT,"Krispy Kreme, Inc.",Consumer Defensive,Grocery Stores,USA,2403.86,,14.29,-0.42%,273895
1089,DO,"Diamond Offshore Drilling, Inc.",Energy,Oil & Gas Drilling,USA,676.24,,6.54,-1.51%,698388
1090,DOC,Physicians Realty Trust,Real Estate,REIT - Healthcare Facilities,USA,3891.27,48.26,17.47,1.16%,2752006
1091,DOCN,"DigitalOcean Holdings, Inc.",Technology,Software - Infrastructure,USA,4443.59,,39.81,1.32%,1153376
1092,DOCS,"Doximity, Inc.",Healthcare,Health Information Services,USA,8738.12,65.85,41.62,0.48%,2091544
1093,DOCU,"DocuSign, Inc.",Technology,Software - Application,USA,13479.4,,64.39,0.19%,2391288
1094,DOLE,Dole plc,Consumer Defensive,Farm Products,Ireland,913.84,,9.46,0.96%,194386
1095,DOMO,"Domo, Inc.",Technology,Software - Application,USA,1044.44,,28.49,-0.87%,331794
1096,DOOO,BRP Inc.,Consumer Cyclical,Recreational Vehicles,Canada,2888.89,9.64,73.98,3.76%,54951
1097,DOOR,Masonite International Corporation,Industrials,Building Products & Equipment,USA,2049.24,19.02,91.28,2.30%,149557
1098,DORM,"Dorman Products, Inc.",Consumer Cyclical,Auto Parts,USA,3227.63,24.37,102.66,0.92%,96826
1099,DOUG,Douglas Elliman Inc.,Real Estate,Real Estate Services,USA,489.39,5.06,5.95,1.54%,283932
1100,DOV,Dover Corporation,Industrials,Specialty Industrial Machinery,USA,18823.68,16.76,131.8,1.31%,832339
1101,DOW,Dow Inc.,Basic Materials,Chemicals,USA,38491.75,5.85,52.3,0.11%,6122083
1102,DOX,Amdocs Limited,Technology,Software - Infrastructure,USA,10631.51,19.39,86.71,-0.12%,516048
1103,DOYU,DouYu International Holdings Limited,Communication Services,Internet Content & Information,China,379.63,,1.14,-1.72%,2120003
1104,DPG,Duff & Phelps Utility and Infrastructure Fund Inc.,Financial,Closed-End Fund - Equity,USA,542.91,,14.29,0.78%,127452
1105,DPZ,"Domino's Pizza, Inc.",Consumer Cyclical,Restaurants,USA,14275.21,30.34,389.82,-0.81%,694729
1106,DQ,Daqo New Energy Corp.,Technology,Semiconductor Equipment & Materials,China,5163.77,4.1,64.25,-0.28%,2363560
1107,DRAY,Macondray Capital Acquisition Corp. I,Financial,Shell Companies,USA,358.32,26.95,9.97,0.00%,5507
1108,DRD,DRDGOLD Limited,Basic Materials,Gold,South Africa,525.95,9.14,6.13,0.16%,192982
1109,DRE,Duke Realty Corporation,Real Estate,REIT - Industrial,USA,23772.22,23.3,62.45,3.98%,1901884
1110,DRH,DiamondRock Hospitality Company,Real Estate,REIT - Hotel & Motel,USA,1991.57,,9.21,2.11%,1168022
1111,DRI,"Darden Restaurants, Inc.",Consumer Cyclical,Restaurants,USA,15832.63,17.06,126.58,4.21%,1692407
1112,DRQ,"Dril-Quip, Inc.",Energy,Oil & Gas Equipment & Services,USA,883.73,,25.66,1.42%,322967
1113,DRTS,Alpha Tau Medical Ltd.,Healthcare,Biotechnology,Israel,753.17,67.48,11,1.01%,3882
1114,DRVN,Driven Brands Holdings Inc.,Consumer Cyclical,Auto & Truck Dealerships,USA,5011.29,78.65,29.73,-1.03%,887272
1115,DSEY,"Diversey Holdings, Ltd.",Consumer Cyclical,Personal Services,USA,2445.31,,7.45,0.95%,730303
1116,DSGN,"Design Therapeutics, Inc.",Healthcare,Biotechnology,USA,1161.3,,19.76,0.41%,40935
1117,DSGR,"Distribution Solutions Group, Inc.",Industrials,Industrial Distribution,USA,965.98,31.26,49.36,-3.57%,20813
1118,DSGX,The Descartes Systems Group Inc.,Technology,Software - Application,Canada,5833.88,64.35,67.82,1.04%,68432
1119,DSKE,"Daseke, Inc.",Industrials,Trucking,USA,517.5,7.77,7.98,14.33%,831575
1120,DSL,DoubleLine Income Solutions Fund,Financial,Closed-End Fund - Debt,USA,1286.18,,12.61,2.44%,422296
1121,DSM,"BNY Mellon Strategic Municipal Bond Fund, Inc.",Financial,Closed-End Fund - Debt,USA,325.69,6.16,6.59,1.38%,99870
1122,DSP,Viant Technology Inc.,Technology,Software - Application,USA,320.93,,5.02,-3.09%,51563
1123,DSU,"BlackRock Debt Strategies Fund, Inc.",Financial,Closed-End Fund - Debt,USA,445.88,5.76,9.57,0.74%,100011
1124,DSX,Diana Shipping Inc.,Industrials,Marine Shipping,Greece,489.63,5.72,5.45,5.42%,1007875
1125,DT,"Dynatrace, Inc.",Technology,Software - Application,USA,11569.52,208.11,37.46,-0.69%,2084928
1126,DTC,"Solo Brands, Inc.",Consumer Cyclical,Internet Retail,USA,478.24,,4.89,12.41%,707776
1127,DTE,DTE Energy Company,Utilities,Utilities - Regulated Electric,USA,24582.2,31.73,129.21,2.03%,1275580
1128,DTM,"DT Midstream, Inc.",Energy,Oil & Gas Midstream,USA,5235.22,16.92,54.15,1.10%,424366
1129,DUK,Duke Energy Corporation,Utilities,Utilities - Regulated Electric,USA,82730.09,22.9,108.95,2.28%,2322798
1130,DUOL,"Duolingo, Inc.",Technology,Software - Application,USA,3926.18,,94.95,-2.69%,335855
1131,DV,"DoubleVerify Holdings, Inc.",Technology,Software - Application,USA,3971.83,159.66,23.47,0.95%,386215
1132,DVA,DaVita Inc.,Healthcare,Medical Care Facilities,USA,7806.34,9.93,83.41,-4.04%,1767574
1133,DVAX,Dynavax Technologies Corporation,Healthcare,Biotechnology,USA,1873.3,27.77,14.44,-1.84%,1207477
1134,DVN,Devon Energy Corporation,Energy,Oil & Gas E&P,USA,40573.47,11.31,60.37,1.33%,7605029
1135,DWAC,Digital World Acquisition Corp.,Financial,Shell Companies,USA,1158.69,,30.19,-0.30%,258836
1136,DX,"Dynex Capital, Inc.",Real Estate,REIT - Mortgage,USA,979.58,7.16,16.84,1.63%,1061784
1137,DXC,DXC Technology Company,Technology,Information Technology Services,USA,7331.72,11.13,31.65,-0.13%,797944
1138,DXCM,"DexCom, Inc.",Healthcare,Diagnostics & Research,USA,34229.69,170.23,86.99,1.39%,3935046
1139,DXPE,"DXP Enterprises, Inc.",Industrials,Industrial Distribution,USA,625.44,24.98,33.18,-0.24%,83364
1140,DY,"Dycom Industries, Inc.",Industrials,Engineering & Construction,USA,3046.6,46.81,103.03,1.87%,380505
1141,DYN,"Dyne Therapeutics, Inc.",Healthcare,Biotechnology,USA,615.26,,11.14,1.09%,146280
1142,DZSI,DZS Inc.,Technology,Communication Equipment,USA,492.36,,17.93,-0.72%,48735
1143,E,Eni S.p.A.,Energy,Oil & Gas Integrated,Italy,40589.92,4.62,22.69,-1.09%,437563
1144,EA,Electronic Arts Inc.,Communication Services,Electronic Gaming & Multimedia,USA,37211.82,48.36,133.18,0.76%,1438432
1145,EAC,Edify Acquisition Corp.,Financial,Shell Companies,USA,339.87,37.07,9.86,0.00%,251042
1146,EAD,Allspring Income Opportunities Fund,Financial,Asset Management,USA,426.53,3.09,7.04,1.73%,167075
1147,EAF,GrafTech International Ltd.,Industrials,Electrical Equipment & Parts,USA,2055.33,4.89,7.66,0.66%,1256475
1148,EAT,"Brinker International, Inc.",Consumer Cyclical,Restaurants,USA,1179.35,8.23,26.84,10.32%,1218259
1149,EB,"Eventbrite, Inc.",Technology,Software - Application,USA,1057.29,,10.61,-2.84%,1739123
1150,EBAY,eBay Inc.,Consumer Cyclical,Internet Retail,USA,26972.53,,48.21,2.18%,4893833
1151,EBC,"Eastern Bankshares, Inc.",Financial,Banks - Regional,USA,3665.01,21.59,19.95,0.15%,465925
1152,EBF,"Ennis, Inc.",Industrials,Business Equipment & Supplies,USA,571.46,17.06,21.87,0.64%,186071
1153,EBIX,"Ebix, Inc.",Technology,Software - Application,USA,699.29,10.72,22.95,3.66%,181624
1154,EBR,Centrais Eletricas Brasileiras S.A.,Utilities,Utilities - Regulated Electric,Brazil,13932.1,11.37,8.88,2.19%,1086323
1155,EBR-B,Centrais Eletricas Brasileiras S.A.,Utilities,Utilities - Regulated Electric,Brazil,15532.41,12.68,9.9,4.21%,8826
1156,EBS,Emergent BioSolutions Inc.,Healthcare,Drug Manufacturers - Specialty & Generic,USA,1820.07,12.17,35.8,0.79%,524675
1157,EBTC,"Enterprise Bancorp, Inc.",Financial,Banks - Regional,USA,390.38,9.12,31.79,-1.58%,5131
1158,EC,Ecopetrol S.A.,Energy,Oil & Gas Integrated,Colombia,22460.58,4.67,10.39,2.06%,1692972
1159,ECC,Eagle Point Credit Company Inc.,Financial,Closed-End Fund - Debt,USA,400.77,1.87,11.62,0.87%,330908
1160,ECL,Ecolab Inc.,Basic Materials,Specialty Chemicals,USA,46653.42,42.5,162.97,1.45%,1147928
1161,ECOM,ChannelAdvisor Corporation,Technology,Software - Application,USA,452.89,10.71,14.6,-3.12%,199152
1162,ECPG,"Encore Capital Group, Inc.",Financial,Mortgage Finance,USA,1680.22,4.8,70.42,0.06%,400128
1163,ECVT,Ecovyst Inc.,Basic Materials,Specialty Chemicals,USA,1423.01,112.64,10.25,0.59%,262224
1164,ED,"Consolidated Edison, Inc.",Utilities,Utilities - Regulated Electric,USA,34279.9,22.76,98.48,2.92%,1455131
1165,EDIT,"Editas Medicine, Inc.",Healthcare,Biotechnology,USA,1203.27,,16.4,-2.61%,1249158
1166,EDN,Empresa Distribuidora y Comercializadora Norte SA ADR,Utilities,Utilities - Regulated Electric,Argentina,301.02,,5.6,20.11%,93592
1167,EDR,"Endeavor Group Holdings, Inc.",Communication Services,Entertainment,USA,10281.71,663.94,21.91,-0.41%,568433
1168,EDU,New Oriental Education & Technology Group Inc.,Consumer Defensive,Education & Training Services,China,4934.06,,29,12.67%,8356781
1169,EE,"Excelerate Energy, Inc.",Utilities,Utilities - Regulated Electric,USA,2452.43,151.3,22.09,-1.34%,221481
1170,EEFT,"Euronet Worldwide, Inc.",Technology,Software - Infrastructure,USA,4968.74,59.65,97.35,-5.98%,845663
1171,EFC,Ellington Financial Inc.,Financial,Mortgage Finance,USA,980.1,10.34,16.2,0.50%,762900
1172,EFR,Eaton Vance Senior Floating-Rate Trust,Financial,Closed-End Fund - Debt,USA,2719.75,,12.33,1.48%,36090
1173,EFSC,Enterprise Financial Services Corp,Financial,Banks - Regional,USA,1734.7,11.16,46.37,2.18%,322870
1174,EFT,Eaton Vance Floating-Rate Income Trust,Financial,Closed-End Fund - Debt,USA,348,5.39,12.22,1.75%,63653
1175,EFX,Equifax Inc.,Industrials,Consulting Services,USA,25360.65,34.19,207.5,4.59%,846215
1176,EGBN,"Eagle Bancorp, Inc.",Financial,Banks - Regional,USA,1614.58,10.1,49.21,1.97%,150842
1177,EGHT,"8x8, Inc.",Technology,Software - Application,USA,650.35,,5.23,-2.06%,3229382
1178,EGIO,"Edgio, Inc.",Technology,Software - Infrastructure,USA,351.95,,2.44,2.52%,890151
1179,EGLE,Eagle Bulk Shipping Inc.,Industrials,Marine Shipping,USA,747.6,3.77,53.4,0.07%,202963
1180,EGO,Eldorado Gold Corporation,Basic Materials,Gold,Canada,1104.68,,5.87,1.73%,3912383
1181,EGP,"EastGroup Properties, Inc.",Real Estate,REIT - Industrial,USA,6941,35.57,168.43,2.63%,244502
1182,EGRX,"Eagle Pharmaceuticals, Inc.",Healthcare,Drug Manufacturers - Specialty & Generic,USA,529.44,14.71,40.82,-2.18%,129158
1183,EGY,"VAALCO Energy, Inc.",Energy,Oil & Gas E&P,USA,339.99,3.91,5.58,0.18%,864685
1184,EH,EHang Holdings Limited,Industrials,Aerospace & Defense,China,439.58,,6.89,-0.29%,427695
1185,EHAB,"Enhabit, Inc.",Healthcare,Medical Care Facilities,USA,918.52,8.06,18.25,0.33%,334041
1186,EHC,Encompass Health Corporation,Healthcare,Medical Care Facilities,USA,4905.59,12.75,49.95,1.05%,1146211
1187,EIG,"Employers Holdings, Inc.",Financial,Insurance - Specialty,USA,1140.23,12.3,40.65,-1.38%,121669
1188,EIGR,"Eiger BioPharmaceuticals, Inc.",Healthcare,Biotechnology,USA,392.85,,8.84,-0.90%,290631
1189,EIM,Eaton Vance Municipal Bond Fund,Financial,Asset Management,USA,791.49,22.36,11,1.20%,124725
1190,EIX,Edison International,Utilities,Utilities - Regulated Electric,USA,24732.95,42.64,65.49,3.31%,1648532
1191,EL,The Estee Lauder Companies Inc.,Consumer Defensive,Household & Personal Products,USA,97865.16,29.65,271.29,2.99%,1450186
1192,ELAN,Elanco Animal Health Incorporated,Healthcare,Drug Manufacturers - Specialty & Generic,USA,9723.85,,20.56,-0.10%,5288121
1193,ELD,WisdomTree Emerging Markets Local Debt Fund,Financial,Exchange Traded Fund,USA,6267.37,,25.88,1.43%,22686
1194,ELF,"e.l.f. Beauty, Inc.",Consumer Defensive,Household & Personal Products,USA,1813.83,81.75,33.19,1.47%,473087
1195,ELLO,Ellomay Capital Ltd.,Utilities,Utilities - Renewable,Israel,334.1,,26,2.73%,923
1196,ELP,Companhia Paranaense de Energia - COPEL,Utilities,Utilities - Diversified,Brazil,3535.65,26.8,6.54,1.87%,326740
1197,ELS,"Equity LifeStyle Properties, Inc.",Real Estate,REIT - Residential,USA,13479.41,50.51,72.98,2.33%,1099175
1198,ELV,Elevance Health Inc.,Healthcare,Healthcare Plans,USA,114755.59,19.07,475.73,1.65%,835979
1199,ELY,Callaway Golf Company,Consumer Cyclical,Leisure,USA,4218.15,33.16,22.48,1.95%,947052
1200,EM,Smart Share Global Limited,Consumer Cyclical,Personal Services,China,313.02,,1.15,-1.71%,4748
1201,EMBC,Embecta Corp.,Healthcare,Drug Manufacturers - Specialty & Generic,USA,1730.42,,29.24,5.03%,600033
1202,EMD,Western Asset Emerging Markets Debt Fund Inc.,Financial,Closed-End Fund - Debt,USA,553.4,5.94,9.11,0.44%,144906
1203,EME,"EMCOR Group, Inc.",Industrials,Engineering & Construction,USA,5883.48,16.6,114.71,5.33%,361311
1204,EMN,Eastman Chemical Company,Basic Materials,Chemicals,USA,12270.88,15.67,95.16,0.18%,1421898
1205,EMO,ClearBridge Energy Midstream Opportunity Fund Inc,Financial,Closed-End Fund - Equity,USA,370.2,,27.82,1.64%,18166
1206,EMR,Emerson Electric Co.,Industrials,Specialty Industrial Machinery,USA,52882.85,18.47,88.39,2.35%,2960176
1207,ENB,Enbridge Inc.,Energy,Oil & Gas Midstream,Canada,90727.32,19.95,44.71,0.25%,2817236
1208,ENFN,"Enfusion, Inc.",Technology,Software - Application,USA,1306.22,0.13,11.17,-1.15%,117358
1209,ENIC,Enel Chile S.A.,Utilities,Utilities - Regulated Electric,Chile,2137.66,18.48,1.46,13.18%,880387
1210,ENLC,"EnLink Midstream, LLC",Energy,Oil & Gas Midstream,USA,4837.93,70.72,9.83,0.72%,1740308
1211,ENOV,Enovis Corporation,Industrials,Specialty Industrial Machinery,USA,3227.9,36.9,59.38,1.04%,295005
1212,ENPH,"Enphase Energy, Inc.",Technology,Solar,USA,38464.71,236.16,274.18,7.62%,9404799
1213,ENR,"Energizer Holdings, Inc.",Industrials,Electrical Equipment & Parts,USA,2109.65,11.94,29.81,0.91%,640411
1214,ENS,EnerSys,Industrials,Electrical Equipment & Parts,USA,2692.49,19.29,64.77,1.84%,234018
1215,ENSG,"The Ensign Group, Inc.",Healthcare,Medical Care Facilities,USA,4394.05,23.24,79.95,0.52%,134973
1216,ENTA,"Enanta Pharmaceuticals, Inc.",Healthcare,Biotechnology,USA,1050.16,,49.7,-0.22%,109844
1217,ENTG,"Entegris, Inc.",Technology,Semiconductor Equipment & Materials,USA,16396.25,32.5,107.13,1.33%,1303302
1218,ENV,"Envestnet, Inc.",Technology,Software - Application,USA,3146.34,,57.52,2.26%,254406
1219,ENVA,"Enova International, Inc.",Financial,Credit Services,USA,1136.34,5.4,33.85,0.12%,256318
1220,ENVX,Enovix Corporation,Industrials,Electrical Equipment & Parts,USA,1956.54,,11.86,8.01%,1660518
1221,EOCW,Elliott Opportunity II Corp.,Financial,Shell Companies,USA,743.59,49.34,9.77,-0.10%,57523
1222,EOG,"EOG Resources, Inc.",Energy,Oil & Gas E&P,USA,64494.14,14.33,107.39,-0.74%,2763061
1223,EOI,Eaton Vance Enhanced Equity Income Fund,Financial,Closed-End Fund - Equity,USA,629.33,4.41,15.97,1.40%,96727
1224,EOLS,"Evolus, Inc.",Healthcare,Drug Manufacturers - Specialty & Generic,USA,739.21,,12.15,3.05%,630687
1225,EOS,Eaton Vance Enhanced Equity Income Fund II,Financial,Closed-End Fund - Equity,USA,928.76,2.66,18.27,1.50%,118725
1226,EPAC,Enerpac Tool Group Corp.,Industrials,Specialty Industrial Machinery,USA,1194.95,56.09,20.25,0.60%,374065
1227,EPAM,"EPAM Systems, Inc.",Technology,Information Technology Services,USA,20053.22,43.84,342.79,5.27%,534863
1228,EPC,Edgewell Personal Care Company,Consumer Defensive,Household & Personal Products,USA,2110.8,18.75,40.53,2.53%,314696
1229,EPD,Enterprise Products Partners L.P.,Energy,Oil & Gas Midstream,USA,57901.02,12.78,26.41,-0.38%,6469418
1230,EPHY,Epiphany Technology Acquisition Corp.,Financial,Shell Companies,USA,503.37,89.73,9.87,0.10%,8573
1231,EPR,EPR Properties,Real Estate,REIT - Retail,USA,4012.92,35.22,53.25,0.85%,344190
1232,EPRT,"Essential Properties Realty Trust, Inc.",Real Estate,REIT - Diversified,USA,3146.84,27.49,24.11,2.51%,614463
1233,EPWR,Empowerment & Inclusion Capital I Corp.,Financial,Shell Companies,USA,339.82,42.54,9.87,0.10%,50334
1234,EQBK,"Equity Bancshares, Inc.",Financial,Banks - Regional,USA,516.57,9.69,31.75,0.67%,23900
1235,EQC,Equity Commonwealth,Real Estate,REIT - Office,USA,3119.61,,27.72,0.29%,252291
1236,EQH,"Equitable Holdings, Inc.",Financial,Insurance - Diversified,USA,10728.76,7.27,27.71,1.35%,2023393
1237,EQIX,"Equinix, Inc.",Real Estate,REIT - Specialty,USA,64387.78,131.41,711.31,9.06%,1161049
1238,EQNR,Equinor ASA,Energy,Oil & Gas Integrated,Norway,115184.25,10.56,37.17,0.68%,3003397
1239,EQR,Equity Residential,Real Estate,REIT - Residential,USA,28985.98,21.76,77.75,2.69%,1761594
1240,EQRX,"EQRx, Inc.",Healthcare,Biotechnology,USA,2725.42,,5.2,-0.76%,1205467
1241,EQT,EQT Corporation,Energy,Oil & Gas E&P,USA,15876.07,,42.75,-5.92%,10537376
1242,EQX,Equinox Gold Corp.,Basic Materials,Gold,Canada,1432.28,3.37,4.69,9.07%,3819704
1243,ERAS,"Erasca, Inc.",Healthcare,Biotechnology,USA,1000.06,,7.89,-2.71%,296635
1244,ERF,Enerplus Corporation,Energy,Oil & Gas E&P,Canada,3413.26,13.49,13.72,2.46%,1394735
1245,ERIC,Telefonaktiebolaget LM Ericsson (publ),Technology,Communication Equipment,Sweden,25174.65,10.79,7.4,-0.27%,2998494
1246,ERIE,Erie Indemnity Company,Financial,Insurance Brokers,USA,9084.14,38.92,195.19,0.40%,58890
1247,ERII,"Energy Recovery, Inc.",Industrials,Pollution & Treatment Controls,USA,1255.06,82.86,21.71,2.07%,197181
1248,ERJ,Embraer S.A.,Industrials,Aerospace & Defense,Brazil,1697.65,207.05,9.11,0.11%,1223827
1249,ES,Eversource Energy,Utilities,Utilities - Regulated Electric,USA,30062.24,23.47,88.26,3.58%,1401035
1250,ESAB,ESAB Corporation,Industrials,Metal Fabrication,USA,2528.84,,41.24,0.15%,391550
1251,ESE,ESCO Technologies Inc.,Technology,Scientific & Technical Instruments,USA,1987.53,31.66,76.65,3.20%,49846
1252,ESGR,Enstar Group Limited,Financial,Insurance - Diversified,Bermuda,3551.51,,195.46,-1.58%,35335
1253,ESI,Element Solutions Inc,Basic Materials,Specialty Chemicals,USA,4845.19,27.51,19.59,-0.20%,887745
1254,ESLT,Elbit Systems Ltd.,Industrials,Aerospace & Defense,Israel,10161.41,36.76,228.09,0.70%,21124
1255,ESMT,"EngageSmart, Inc.",Technology,Software - Infrastructure,USA,3071.85,,18.7,0.11%,230837
1256,ESNT,Essent Group Ltd.,Financial,Mortgage Finance,Bermuda,4471.43,5.56,41.36,1.17%,284217
1257,ESPR,"Esperion Therapeutics, Inc.",Healthcare,Biotechnology,USA,394.6,,6.03,-1.63%,347851
1258,ESRT,"Empire State Realty Trust, Inc.",Real Estate,REIT - Diversified,USA,1375.88,,8.2,6.63%,2100275
1259,ESS,"Essex Property Trust, Inc.",Real Estate,REIT - Residential,USA,18321.18,47.19,284.8,2.70%,402905
1260,ESTA,Establishment Labs Holdings Inc.,Healthcare,Medical Devices,Costa Rica,1457.75,,58.31,0.57%,75139
1261,ESTC,Elastic N.V.,Technology,Software - Application,USA,7944.59,,79.09,1.93%,680410
1262,ESTE,"Earthstone Energy, Inc.",Energy,Oil & Gas E&P,USA,1972.55,144.95,13.77,2.84%,1319197
1263,ET,Energy Transfer LP,Energy,Oil & Gas Midstream,USA,34866.4,10.55,11.18,2.10%,23928002
1264,ETAC,E.Merge Technology Acquisition Corp.,Financial,Shell Companies,USA,765.75,52.57,10.04,-0.20%,87233
1265,ETB,Eaton Vance Tax-Managed Buy-Write Income Fund,Financial,Closed-End Fund - Equity,USA,452.48,4.4,16.43,-1.50%,57563
1266,ETD,Ethan Allen Interiors Inc.,Consumer Cyclical,"Furnishings, Fixtures & Appliances",USA,584.15,6.52,22.98,1.37%,184758
1267,ETG,Eaton Vance Tax-Advantaged Global Dividend Income Fund,Financial,Closed-End Fund - Equity,USA,4649.74,,18.24,1.28%,155643
1268,ETJ,Eaton Vance Risk-Managed Diversified Equity Income Fund,Financial,Closed-End Fund - Equity,USA,600.35,,9.37,-0.74%,331520
1269,ETN,Eaton Corporation plc,Industrials,Specialty Industrial Machinery,Ireland,58653.18,26.5,146.26,3.24%,2759902
1270,ETO,Eaton Vance Tax-Advantaged Global Dividend Opportunities Fund,Financial,Closed-End Fund - Equity,USA,428.41,2.52,26.49,6.56%,88870
1271,ETR,Entergy Corporation,Utilities,Utilities - Diversified,USA,22885.5,21.79,114,2.65%,728714
1272,ETRN,Equitrans Midstream Corporation,Energy,Oil & Gas Midstream,USA,3419.06,,7.81,6.99%,10112321
1273,ETSY,"Etsy, Inc.",Consumer Cyclical,Internet Retail,USA,13303.86,35.41,104.92,9.86%,9945720
1274,ETV,Eaton Vance Tax-Managed Buy-Write Opportunities Fund,Financial,Closed-End Fund - Equity,USA,1572.62,4.21,15.03,-0.13%,247999
1275,ETW,Eaton Vance Tax-Managed Global Buy-Write Opportunities Fund,Financial,Closed-End Fund - Foreign,USA,947.64,3.54,8.81,0.80%,303390
1276,ETWO,"E2open Parent Holdings, Inc.",Technology,Software - Infrastructure,USA,2042.88,,6.65,0.15%,2657325
1277,ETY,Eaton Vance Tax-Managed Diversified Equity Income Fund,Financial,Closed-End Fund - Equity,USA,1898.32,3.28,12.28,1.49%,172609
1278,EURN,Euronav NV,Energy,Oil & Gas Midstream,Belgium,2716.6,,13.47,-3.99%,1158682
1279,EVA,Enviva Inc.,Basic Materials,Lumber & Wood Production,USA,4549.71,,68.53,1.80%,419981
1280,EVBG,"Everbridge, Inc.",Technology,Software - Application,USA,1101.38,,26.7,0.23%,321321
1281,EVC,Entravision Communications Corporation,Communication Services,Broadcasting,USA,396.8,17.91,5.23,-0.76%,106622
1282,EVCM,EverCommerce Inc.,Technology,Software - Infrastructure,USA,2252.74,,11.33,0.09%,144384
1283,EVER,"EverQuote, Inc.",Communication Services,Internet Content & Information,USA,341.86,,10.62,-7.41%,324933
1284,EVEX,"Eve Holding, Inc.",Industrials,Aerospace & Defense,USA,1943.95,29.93,8.5,-1.96%,161550
1285,EVGO,"EVgo, Inc.",Consumer Cyclical,Specialty Retail,USA,2530,10.98,8.53,12.98%,5340712
1286,EVH,"Evolent Health, Inc.",Healthcare,Health Information Services,USA,3209.49,,34.22,1.54%,1400198
1287,EVLV,"Evolv Technologies Holdings, Inc.",Industrials,Security & Protection Services,USA,385.7,43.28,2.64,4.76%,269973
1288,EVN,Eaton Vance Municipal Income Trust,Financial,Closed-End Fund - Debt,USA,463.31,8.16,11.68,2.01%,86815
1289,EVO,Evotec SE,Healthcare,Drug Manufacturers - Specialty & Generic,Germany,4573.95,15.55,13.15,-0.68%,11458
1290,EVOP,"EVO Payments, Inc.",Technology,Software - Infrastructure,USA,2211.03,620.93,26.7,0.87%,668570
1291,EVR,Evercore Inc.,Financial,Capital Markets,USA,4246.52,5.57,98.55,2.50%,520288
1292,EVRG,"Evergy, Inc.",Utilities,Utilities - Regulated Electric,USA,15287.97,19.19,67.61,1.82%,990708
1293,EVRI,Everi Holdings Inc.,Consumer Cyclical,Gambling,USA,1761.74,11.73,19.05,0.74%,277332
1294,EVT,Eaton Vance Tax-Advantaged Dividend Income Fund,Financial,Closed-End Fund - Equity,USA,1891.43,2.74,25.68,0.90%,130051
1295,EVTC,"EVERTEC, Inc.",Technology,Software - Infrastructure,USA,2805.48,17.37,39.21,1.03%,147350
1296,EVTL,Vertical Aerospace Ltd.,Industrials,Aerospace & Defense,United Kingdom,2115.7,,8.65,8.26%,1848339
1297,EVV,Eaton Vance Limited Duration Income Fund,Financial,Asset Management,USA,1251.15,3.58,10.77,1.80%,338272
1298,EW,Edwards Lifesciences Corporation,Healthcare,Medical Devices,USA,67481.12,43.97,107.29,1.59%,3012214
1299,EWBC,"East West Bancorp, Inc.",Financial,Banks - Diversified,USA,10247.7,10.73,70.46,-0.47%,603677
1300,EWCZ,"European Wax Center, Inc.",Consumer Defensive,Household & Personal Products,USA,1276.95,,19.81,2.17%,287490
1301,EWTX,"Edgewise Therapeutics, Inc.",Healthcare,Biotechnology,USA,532.4,,10.28,-0.87%,73016
1302,EXAI,Exscientia plc,Healthcare,Biotechnology,United Kingdom,1366.58,,10.19,-2.49%,48488
1303,EXAS,Exact Sciences Corporation,Healthcare,Diagnostics & Research,USA,8572.9,,46.26,-0.09%,1593366
1304,EXC,Exelon Corporation,Utilities,Utilities - Diversified,USA,44571.43,18.33,46.27,4.07%,8168647
1305,EXEL,"Exelixis, Inc.",Healthcare,Biotechnology,USA,6814.57,22.46,20.73,-2.63%,1415254
1306,EXFY,"Expensify, Inc.",Technology,Software - Application,USA,1627.7,155.16,19.24,3.50%,453209
1307,EXG,Eaton Vance Tax-Managed Global Diversified Equity Income Fund,Financial,Closed-End Fund - Foreign,USA,2603.36,,8.55,2.40%,497742
1308,EXK,Endeavour Silver Corp.,Basic Materials,Silver,Canada,698.68,46.97,3.57,6.25%,3383491
1309,EXLS,"ExlService Holdings, Inc.",Technology,Information Technology Services,USA,5492.64,46.88,163.52,10.08%,494075
1310,EXP,Eagle Materials Inc.,Basic Materials,Building Materials,USA,4747.73,13.56,123.8,-1.74%,438864
1311,EXPD,"Expeditors International of Washington, Inc.",Industrials,Integrated Freight & Logistics,USA,17590.13,12.1,104.56,3.97%,775991
1312,EXPE,"Expedia Group, Inc.",Consumer Cyclical,Travel Services,USA,17041.26,83.98,105.31,1.49%,1766455
1313,EXPI,"eXp World Holdings, Inc.",Real Estate,Real Estate Services,USA,2237.96,26.92,14.59,3.04%,764436
1314,EXPO,"Exponent, Inc.",Industrials,Consulting Services,USA,5144.04,52.34,98.3,3.62%,169144
1315,EXR,Extra Space Storage Inc.,Real Estate,REIT - Industrial,USA,24911.62,30.47,188.14,3.94%,560420
1316,EXTR,"Extreme Networks, Inc.",Technology,Communication Equipment,USA,1736.16,35.53,12.97,13.08%,2144728
1317,EYE,"National Vision Holdings, Inc.",Consumer Cyclical,Specialty Retail,USA,2503.48,22.44,29.47,0.07%,1119890
1318,EYPT,"EyePoint Pharmaceuticals, Inc.",Healthcare,Biotechnology,USA,329.1,,9.62,1.58%,129873
1319,EZPW,"EZCORP, Inc.",Financial,Credit Services,USA,445.36,22.23,7.87,3.69%,297648
1320,F,Ford Motor Company,Consumer Cyclical,Auto Manufacturers,USA,57066.94,4.92,14,6.14%,143518474
1321,FA,First Advantage Corporation,Industrials,Specialty Business Services,USA,2192.45,43.68,14.02,1.74%,530619
1322,FACA,Figure Acquisition Corp. I,Financial,Shell Companies,USA,403.65,79.44,9.85,0.10%,200
1323,FAF,First American Financial Corporation,Financial,Insurance - Specialty,USA,6265.49,5.86,58.17,2.32%,769748
1324,FANG,"Diamondback Energy, Inc.",Energy,Oil & Gas E&P,USA,22431.51,8.13,123.61,0.26%,1867940
1325,FARO,"FARO Technologies, Inc.",Technology,Scientific & Technical Instruments,USA,610.2,,32.32,2.77%,177752
1326,FAST,Fastenal Company,Industrials,Industrial Distribution,USA,28854.18,27.94,49.9,3.36%,3453413
1327,FATE,"Fate Therapeutics, Inc.",Healthcare,Biotechnology,USA,3336.85,,32.15,-3.08%,880131
1328,FATH,Fathom Digital Manufacturing Corporation,Technology,Computer Hardware,USA,595.7,,4.14,5.08%,438624
1329,FAX,Abrdn Asia-Pacific Income Fund Inc,Financial,Closed-End Fund - Debt,USA,683.64,3.84,2.76,0.36%,977278
1330,FBC,"Flagstar Bancorp, Inc.",Financial,Banks - Regional,USA,2206.66,5.04,41.1,3.92%,434824
1331,FBHS,"Fortune Brands Home & Security, Inc.",Consumer Cyclical,"Furnishings, Fixtures & Appliances",USA,8984.02,12.36,69.38,3.61%,1891042
1332,FBIOP,"Fortress Biotech, Inc.",Healthcare,Biotechnology,USA,1070.68,,18.89,1.83%,6537
1333,FBK,FB Financial Corporation,Financial,Banks - Regional,USA,2010.83,13.76,42.82,0.78%,137398
1334,FBMS,"The First Bancshares, Inc.",Financial,Banks - Regional,USA,590.75,9.36,28.58,-6.78%,221690
1335,FBNC,First Bancorp,Financial,Banks - Regional,USA,1356.59,11.58,37.61,1.10%,133817
1336,FBP,First BanCorp.,Financial,Banks - Regional,USA,2875.63,10.15,14.74,-2.06%,1555696
1337,FBRT,"Franklin BSP Realty Trust, Inc.",Real Estate,REIT - Mortgage,USA,1331.27,,15.71,2.08%,424277
1338,FC,Franklin Covey Co.,Industrials,Consulting Services,USA,734.29,50.78,52.3,1.53%,96971
1339,FCAX,Fortress Capital Acquisition Corp.,Financial,Shell Companies,USA,494.5,30.24,9.89,0.00%,184861
1340,FCBC,"First Community Bankshares, Inc.",Financial,Banks - Regional,USA,536.62,11.95,31.98,0.19%,21109
1341,FCEL,"FuelCell Energy, Inc.",Industrials,Electrical Equipment & Parts,USA,1467.23,,3.57,5.31%,52124296
1342,FCF,First Commonwealth Financial Corporation,Financial,Banks - Regional,USA,1386.88,11.1,14.69,-0.47%,402929
1343,FCFS,"FirstCash Holdings, Inc",Financial,Credit Services,USA,3438.2,25.71,72.11,10.43%,287115
1344,FCN,"FTI Consulting, Inc.",Industrials,Consulting Services,USA,5776.04,25.56,165.55,-9.05%,733016
1345,FCNCA,"First Citizens BancShares, Inc.",Financial,Banks - Regional,USA,11875.83,13.21,740.85,2.87%,157021
1346,FCPT,"Four Corners Property Trust, Inc.",Real Estate,REIT - Hotel & Motel,USA,2328.89,26.12,29.25,2.02%,193335
1347,FCUV,Focus Universal Inc.,Technology,Scientific & Technical Instruments,USA,646.55,,14.16,3.13%,63921
1348,FCX,Freeport-McMoRan Inc.,Basic Materials,Copper,USA,45022.42,10.3,29.83,1.84%,18793137
1349,FDP,Fresh Del Monte Produce Inc.,Consumer Defensive,Farm Products,Cayman Islands,1411.82,22.95,30.29,1.99%,79435
1350,FDS,FactSet Research Systems Inc.,Financial,Financial Data & Stock Exchanges,USA,16113.2,41.35,421.15,3.02%,181389
1351,FDUS,Fidus Investment Corporation,Financial,Asset Management,USA,457.96,4.8,18.74,0.97%,38330
1352,FDX,FedEx Corporation,Industrials,Integrated Freight & Logistics,USA,59810.35,15.92,229.81,0.96%,1390881
1353,FE,FirstEnergy Corp.,Utilities,Utilities - Diversified,USA,22618.09,18.61,40.14,2.06%,3538653
1354,FEAM,5E Advanced Materials Inc.,Basic Materials,Specialty Chemicals,Australia,1212.57,,16.52,-2.77%,69354
1355,FEI,First Trust MLP and Energy Income Fund,Financial,Closed-End Fund - Equity,USA,371.33,,8.21,2.11%,102233
1356,FELE,"Franklin Electric Co., Inc.",Industrials,Specialty Industrial Machinery,USA,4090.89,26.85,88.49,2.42%,280119
1357,FEN,First Trust Energy Income and Growth Fund,Financial,Asset Management,USA,312.49,7.32,16.07,2.49%,48022
1358,FERG,Ferguson plc,Industrials,Industrial Distribution,United Kingdom,25253.23,12.98,120.46,1.79%,290127
1359,FF,FutureFuel Corp.,Basic Materials,Chemicals,USA,326.65,13.98,7.23,0.42%,116178
1360,FFA,First Trust Enhanced Equity Income Fund,Financial,Closed-End Fund - Equity,USA,344.7,2.78,17.25,0.94%,27026
1361,FFBC,First Financial Bancorp.,Financial,Banks - Regional,USA,2040.49,10.54,22.1,0.09%,238166
1362,FFC,Flaherty & Crumrine Preferred Securities Income Fund Inc.,Financial,Closed-End Fund - Debt,USA,798.04,4.33,17.7,1.55%,108339
1363,FFIC,Flushing Financial Corporation,Financial,Banks - Regional,USA,659.45,8.47,21.8,-2.15%,89265
1364,FFIE,Faraday Future Intelligent Electric Inc.,Consumer Cyclical,Auto Manufacturers,USA,876.18,,2.21,-7.53%,10709082
1365,FFIN,"First Financial Bankshares, Inc.",Financial,Banks - Regional,USA,6082.29,27.07,43.61,0.65%,358708
1366,FFIV,"F5, Inc.",Technology,Software - Infrastructure,USA,10215.98,29.22,165.79,0.66%,577033
1367,FFWM,First Foundation Inc.,Financial,Banks - Regional,USA,1181.95,8.37,20.57,-1.72%,223485
1368,FGEN,"FibroGen, Inc.",Healthcare,Biotechnology,USA,1228.63,,13,2.36%,601604
1369,FHB,"First Hawaiian, Inc.",Financial,Banks - Regional,USA,3149.48,11.89,24.5,0.20%,834193
1370,FHI,"Federated Hermes, Inc.",Financial,Asset Management,USA,3213.44,13.36,35.02,1.48%,1140442
1371,FHN,First Horizon Corporation,Financial,Banks - Regional,USA,12175.2,13.38,22.5,0.09%,2627987
1372,FHTX,Foghorn Therapeutics Inc.,Healthcare,Biotechnology,USA,669.53,,15.3,0.26%,43029
1373,FIBK,"First Interstate BancSystem, Inc.",Financial,Banks - Regional,USA,4393.92,20.96,40.23,-0.52%,787698
1374,FICO,Fair Isaac Corporation,Technology,Software - Application,USA,11794.58,29.98,456.27,4.25%,115638
1375,FIGS,"FIGS, Inc.",Consumer Cyclical,Apparel Manufacturing,USA,1744.08,,10.24,4.92%,2377453
1376,FINM,Marlin Technology Corporation,Financial,Shell Companies,USA,512.84,63.53,9.91,0.20%,197058
1377,FINV,FinVolution Group,Financial,Credit Services,China,1204.7,3.49,4.27,-3.39%,660599
1378,FIPWV,FTAI Infrastructure Inc.,Industrials,Conglomerates,USA,368.98,,3.72,0.71%,225734
1379,FIS,"Fidelity National Information Services, Inc.",Technology,Information Technology Services,USA,61576.38,68.66,100.93,2.54%,2555777
1380,FISI,"Financial Institutions, Inc.",Financial,Banks - Regional,USA,405.13,5.92,26.29,-1.35%,24192
1381,FISV,"Fiserv, Inc.",Technology,Information Technology Services,USA,67839.16,41.31,105.68,1.17%,3081437
1382,FITB,Fifth Third Bancorp,Financial,Banks - Regional,USA,23358.88,10.1,33.43,-0.92%,4126841
1383,FIVE,"Five Below, Inc.",Consumer Cyclical,Specialty Retail,USA,7122.21,27.05,125.99,6.01%,1217405
1384,FIVN,"Five9, Inc.",Technology,Software - Infrastructure,USA,7134.52,,98.38,3.15%,1545106
1385,FIX,"Comfort Systems USA, Inc.",Industrials,Engineering & Construction,USA,3541.15,17.56,98.42,6.30%,303524
1386,FIZZ,National Beverage Corp.,Consumer Defensive,Beverages - Non-Alcoholic,USA,4994.06,31.1,52.68,2.39%,98658
1387,FL,"Foot Locker, Inc.",Consumer Cyclical,Footwear & Accessories,USA,2630.2,3.49,27.88,2.50%,2011418
1388,FLEX,Flex Ltd.,Technology,Electronic Components,Singapore,7711.22,8.48,16.41,5.19%,10500511
1389,FLGT,"Fulgent Genetics, Inc.",Healthcare,Diagnostics & Research,USA,1837.17,4,59.13,0.66%,255616
1390,FLIC,The First of Long Island Corporation,Financial,Banks - Regional,USA,415.09,9.77,18.15,-1.84%,45933
1391,FLME,Flame Acquisition Corp.,Financial,Shell Companies,USA,352.5,,9.83,-0.10%,2520
1392,FLNC,"Fluence Energy, Inc.",Utilities,Utilities - Renewable,USA,2370.9,,12.63,26.17%,1817124
1393,FLNG,FLEX LNG Ltd.,Energy,Oil & Gas Midstream,Bermuda,1670.96,14.22,31.45,1.91%,381672
1394,FLO,"Flowers Foods, Inc.",Consumer Defensive,Packaged Foods,USA,5894.45,27.29,28.16,1.77%,1045169
1395,FLR,Fluor Corporation,Industrials,Engineering & Construction,USA,3700.58,,25.56,2.16%,1689354
1396,FLS,Flowserve Corporation,Industrials,Specialty Industrial Machinery,USA,4298.09,44.55,32.7,4.34%,2803711
1397,FLT,"FLEETCOR Technologies, Inc.",Technology,Information Technology Services,USA,17163.4,20.72,219.79,-0.69%,524935
1398,FLWS,"1-800-FLOWERS.COM, Inc.",Consumer Cyclical,Specialty Retail,USA,652.95,10.26,10.03,1.83%,292713
1399,FLYW,Flywire Corporation,Technology,Information Technology Services,USA,2511.15,,23.34,3.69%,524313
1400,FMAO,"Farmers & Merchants Bancorp, Inc.",Financial,Banks - Regional,USA,400.64,14.16,30.89,-4.07%,30818
1401,FMBH,"First Mid Bancshares, Inc.",Financial,Banks - Regional,USA,784.56,10.96,38.03,-0.94%,24019
1402,FMC,FMC Corporation,Basic Materials,Agricultural Inputs,USA,13865.68,16.93,110.22,0.42%,475226
1403,FMNB,Farmers National Banc Corp.,Financial,Banks - Regional,USA,486.41,8.08,14.21,-4.82%,300487
1404,FMS,Fresenius Medical Care AG & Co. KGaA,Healthcare,Medical Care Facilities,Germany,11321.29,10.91,19.32,-14.10%,1964268
1405,FMTX,"Forma Therapeutics Holdings, Inc.",Healthcare,Biotechnology,USA,437.76,,8.42,-2.09%,238193
1406,FMX,"Fomento Economico Mexicano, S.A.B. de C.V.",Consumer Defensive,Beverages - Brewers,Mexico,21762.47,16.54,62.57,2.51%,716203
1407,FN,Fabrinet,Technology,Electronic Components,Cayman Islands,3522.75,18.89,93.99,2.25%,178621
1408,FNA,"Paragon 28, Inc.",Healthcare,Medical Devices,USA,1471.46,,18.86,-3.38%,183489
1409,FNB,F.N.B. Corporation,Financial,Banks - Regional,USA,4147.2,10.83,11.81,-0.42%,1764125
1410,FND,"Floor & Decor Holdings, Inc.",Consumer Cyclical,Home Improvement Retail,USA,8413.84,30.53,79.07,6.87%,1821750
1411,FNF,"Fidelity National Financial, Inc.",Financial,Insurance - Specialty,USA,11144.54,5.12,39.38,0.97%,1112498
1412,FNKO,"Funko, Inc.",Consumer Cyclical,Leisure,USA,1367.64,23.1,26.19,8.09%,1597288
1413,FNLC,"The First Bancorp, Inc.",Financial,Banks - Regional,USA,333.19,8.78,30.54,-1.17%,8262
1414,FNV,Franco-Nevada Corporation,Basic Materials,Gold,Canada,31259.05,25.31,126.56,0.08%,819172
1415,FOCS,Focus Financial Partners Inc.,Financial,Capital Markets,USA,3086.05,64.89,39.58,2.89%,224999
1416,FOF,"Cohen & Steers Closed-End Opportunity Fund, Inc.",Financial,Closed-End Fund - Equity,USA,324.31,,11.88,3.48%,63806
1417,FOLD,"Amicus Therapeutics, Inc.",Healthcare,Biotechnology,USA,3113.39,,10.42,-1.98%,1431886
1418,FOR,Forestar Group Inc.,Real Estate,Real Estate - Development,USA,691.17,4.05,13.98,0.87%,112334
1419,FORG,"ForgeRock, Inc.",Technology,Software - Infrastructure,USA,1862.05,,21.15,-0.56%,196293
1420,FORM,"FormFactor, Inc.",Technology,Semiconductors,USA,2792.9,29.15,34.66,-13.93%,1314052
1421,FORR,"Forrester Research, Inc.",Industrials,Consulting Services,USA,955.07,39.16,50.64,0.96%,29292
1422,FORTY,Formula Systems (1985) Ltd.,Technology,Information Technology Services,Israel,1528.64,26.61,100.9,0.30%,325
1423,FOSL,"Fossil Group, Inc.",Consumer Cyclical,Luxury Goods,USA,329.7,11.85,6.28,2.28%,402490
1424,FOUN,Founder SPAC,Financial,Shell Companies,USA,367.72,,9.3,-8.26%,103179
1425,FOUR,"Shift4 Payments, Inc.",Technology,Software - Infrastructure,USA,3031.41,,34.9,1.01%,579333
1426,FOX,Fox Corporation,Communication Services,Broadcasting,USA,18998.28,10.94,32.37,0.84%,427096
1427,FOXA,Fox Corporation,Communication Services,Broadcasting,USA,18688.36,17.48,34.88,0.61%,2062531
1428,FOXF,Fox Factory Holding Corp.,Consumer Cyclical,Recreational Vehicles,USA,3911.94,22.59,92.7,3.60%,106995
1429,FPAC,Far Peak Acquisition Corporation,Financial,Shell Companies,USA,686.25,,9.85,0.20%,606115
1430,FPF,First Trust Intermediate Duration Preferred & Income Fund,Financial,Closed-End Fund - Debt,USA,1196.48,,19.69,0.87%,116243
1431,FPH,"Five Point Holdings, LLC",Real Estate,Real Estate - Development,USA,315.68,,4.5,7.14%,65581
1432,FPI,Farmland Partners Inc.,Real Estate,REIT - Specialty,USA,727.02,,14.52,0.76%,561008
1433,FR,"First Industrial Realty Trust, Inc.",Real Estate,REIT - Industrial,USA,6713.35,21.94,51.4,2.55%,983268
1434,FRA,"BlackRock Floating Rate Income Strategies Fund, Inc.",Financial,Closed-End Fund - Debt,USA,426.31,5.59,12.1,1.94%,250528
1435,FRC,First Republic Bank,Financial,Banks - Regional,USA,29429.63,19.77,159.77,1.24%,563541
1436,FREY,FREYR Battery,Industrials,Electrical Equipment & Parts,Luxembourg,1184.92,,9.75,9.67%,2027356
1437,FRG,"Franchise Group, Inc.",Consumer Cyclical,Personal Services,USA,1319.12,5.69,31.94,0.03%,368053
1438,FRGE,"Forge Global Holdings, Inc.",Technology,Software - Application,USA,927.57,29.72,5.38,-0.74%,179671
1439,FRHC,Freedom Holding Corp.,Financial,Capital Markets,Kazakhstan,3311.53,14.74,54.11,6.66%,120834
1440,FRME,First Merchants Corporation,Financial,Banks - Regional,USA,2409.29,10.67,40.54,3.37%,257476
1441,FRO,Frontline Ltd.,Energy,Oil & Gas Midstream,Bermuda,2112.81,,9.48,-4.53%,2643544
1442,FROG,JFrog Ltd.,Technology,Software - Application,USA,2281.72,,22.2,1.14%,500866
1443,FRPH,"FRP Holdings, Inc.",Real Estate,Real Estate Services,USA,565.68,1108.52,59.86,0.17%,6464
1444,FRPT,"Freshpet, Inc.",Consumer Defensive,Packaged Foods,USA,2586.86,,52.06,5.30%,673329
1445,FRSH,Freshworks Inc.,Technology,Software - Application,USA,3864.14,,12.83,2.64%,1563989
1446,FRST,Primis Financial Corp.,Financial,Banks - Regional,USA,332.98,12.06,13.33,0.23%,63710
1447,FRT,Federal Realty Investment Trust,Real Estate,REIT - Retail,USA,8288.08,31.81,104.74,2.21%,639929
1448,FSD,First Trust High Income Long/Short Fund,Financial,Closed-End Fund - Debt,USA,412.02,,12.31,1.32%,61579
1449,FSK,FS KKR Capital Corp.,Financial,Asset Management,USA,6160.97,2.51,21.62,3.00%,867024
1450,FSLR,"First Solar, Inc.",Technology,Solar,USA,9519.94,43.92,88.5,15.29%,7692173
1451,FSLY,"Fastly, Inc.",Technology,Software - Application,USA,1510.11,,11.41,2.79%,2508123
1452,FSM,Fortuna Silver Mines Inc.,Basic Materials,Silver,Canada,816.58,9.89,2.8,6.06%,6137858
1453,FSP,Franklin Street Properties Corp.,Real Estate,REIT - Office,USA,390.04,4.17,3.75,1.35%,361543
1454,FSR,Fisker Inc.,Consumer Cyclical,Auto Manufacturers,USA,2981.2,,9.5,4.63%,4555991
1455,FSS,Federal Signal Corporation,Industrials,Pollution & Treatment Controls,USA,2486.54,25.35,40.59,5.16%,305475
1456,FSSI,Fortistar Sustainable Solutions Corp.,Financial,Shell Companies,USA,318.25,55.34,9.85,0.00%,13800
1457,FSV,FirstService Corporation,Real Estate,Real Estate Services,Canada,7631.48,35.76,131.85,0.18%,41668
1458,FTAI,Fortress Transportation and Infrastructure Investors LLC,Industrials,Rental & Leasing Services,USA,2315.21,,23.03,6.97%,842644
1459,FTCH,Farfetch Limited,Consumer Cyclical,Internet Retail,United Kingdom,3197.77,2.17,7.96,-2.45%,12800241
1460,FTCI,"FTC Solar, Inc.",Technology,Solar,USA,541.88,,4.97,20.05%,2948557
1461,FTCV,Fintech Acquisition Corp. V,Financial,Shell Companies,USA,338.82,35.78,9.91,0.10%,805378
1462,FTDR,"Frontdoor, Inc.",Consumer Cyclical,Personal Services,USA,2196.01,18.39,26.57,2.07%,1032351
1463,FTHY,First Trust High Yield Opportunities 2027 Term Fund,Financial,Closed-End Fund - Debt,USA,563.38,,15.34,0.00%,97595
1464,FTI,TechnipFMC plc,Energy,Oil & Gas Equipment & Services,United Kingdom,3261.41,,7.33,10.06%,8782440
1465,FTNT,"Fortinet, Inc.",Technology,Software - Infrastructure,USA,48166.87,77.55,59.4,2.54%,3876376
1466,FTS,Fortis Inc.,Utilities,Utilities - Regulated Electric,Canada,28479.45,18.22,47.16,-0.34%,776733
1467,FTV,Fortive Corporation,Technology,Scientific & Technical Instruments,USA,22534.18,34.44,62.47,4.99%,3708934
1468,FTVI,FinTech Acquisition Corp. VI,Financial,Shell Companies,USA,338.05,117.5,9.87,-0.10%,7183
1469,FUBO,fuboTV Inc.,Communication Services,Broadcasting,USA,514.39,,2.55,2.82%,7424916
1470,FUL,H.B. Fuller Company,Basic Materials,Specialty Chemicals,USA,3425.94,21.12,64.47,1.43%,165743
1471,FULT,Fulton Financial Corporation,Financial,Banks - Regional,USA,2667.65,10.24,16.47,0.43%,1164716
1472,FUN,"Cedar Fair, L.P.",Consumer Cyclical,Leisure,USA,2359.85,,42.39,0.69%,192560
1473,FUTU,Futu Holdings Limited,Financial,Capital Markets,Hong Kong,6605.69,23.14,42.7,-1.09%,1940007
1474,FVRR,Fiverr International Ltd.,Consumer Cyclical,Internet Retail,Israel,1298.34,,32.41,-6.09%,1637139
1475,FWONA,Formula One Group,Communication Services,Broadcasting,USA,29924.36,,59.82,1.58%,125302
1476,FWONK,Formula One Group,Communication Services,Broadcasting,USA,13294.04,16302.5,65.21,1.70%,773602
1477,FWRD,Forward Air Corporation,Industrials,Integrated Freight & Logistics,USA,2764.18,19.63,102.15,4.23%,193965
1478,FWRG,"First Watch Restaurant Group, Inc.",Consumer Cyclical,Restaurants,USA,947.64,,15.53,0.98%,80843
1479,FYBR,"Frontier Communications Parent, Inc.",Communication Services,Telecom Services,USA,6331.44,1.29,26.08,2.44%,929725
1480,G,Genpact Limited,Technology,Information Technology Services,Bermuda,8758.92,24.1,47,1.08%,1048437
1481,GAB,The Gabelli Equity Trust Inc.,Financial,Closed-End Fund - Equity,USA,1665.4,2.4,6.32,-0.32%,393807
1482,GABC,"German American Bancorp, Inc.",Financial,Banks - Regional,USA,1119.69,13.85,38.02,2.81%,93471
1483,GAIN,Gladstone Investment Corporation,Financial,Asset Management,USA,494.75,4.45,14.9,0.47%,82596
1484,GAM,"General American Investors Company, Inc.",Financial,Closed-End Fund - Equity,USA,908.27,3.07,37.56,0.16%,15864
1485,GATE,Marblegate Acquisition Corp.,Financial,Shell Companies,USA,408.8,,9.92,0.00%,300
1486,GATX,GATX Corporation,Industrials,Rental & Leasing Services,USA,3601.72,19.97,99.55,2.53%,145865
1487,GB,Global Blue Group Holding AG,Technology,Information Technology Services,Switzerland,861.79,,4.8,-1.44%,2051
1488,GBAB,Guggenheim Taxable Municipal Bond & Investment Grade Debt Trust,Financial,Closed-End Fund - Debt,USA,383.31,,18.49,2.55%,81309
1489,GBCI,"Glacier Bancorp, Inc.",Financial,Banks - Regional,USA,5699.9,18.6,49.72,0.67%,175239
1490,GBDC,"Golub Capital BDC, Inc.",Financial,Asset Management,USA,2392.7,8.31,13.95,1.01%,652384
1491,GBIO,Generation Bio Co.,Healthcare,Biotechnology,USA,392.17,,6.58,-3.94%,112068
1492,GBL,"GAMCO Investors, Inc.",Financial,Capital Markets,USA,561.62,7.43,20.77,-0.53%,7080
1493,GBLI,"Global Indemnity Group, LLC",Financial,Insurance - Property & Casualty,USA,386.71,47.09,26.56,-2.78%,1525
1494,GBT,"Global Blood Therapeutics, Inc.",Healthcare,Biotechnology,USA,2204.04,,32.73,-3.82%,714011
1495,GBTG,"Global Business Travel Group, Inc.",Technology,Software - Application,USA,3079.95,,7.02,14.71%,316161
1496,GBX,"The Greenbrier Companies, Inc.",Industrials,Railroads,USA,1050,50.11,32.12,1.13%,332514
1497,GCBC,"Greene County Bancorp, Inc.",Financial,Banks - Regional,USA,412.68,13.93,47.11,-2.38%,36470
1498,GCI,"Gannett Co., Inc.",Communication Services,Publishing,USA,444.41,2980,2.98,0.00%,1524719
1499,GCO,Genesco Inc.,Consumer Cyclical,Apparel Retail,USA,780.87,7.24,56.34,2.05%,163674
1500,GCP,GCP Applied Technologies Inc.,Basic Materials,Specialty Chemicals,USA,2333.72,141.85,31.49,-0.35%,905238
1501,GD,General Dynamics Corporation,Industrials,Aerospace & Defense,USA,62187.31,19.17,223.8,1.80%,1032282
1502,GDDY,GoDaddy Inc.,Technology,Software - Infrastructure,USA,11950.49,40.94,72.59,0.00%,599896
1503,GDEN,"Golden Entertainment, Inc.",Consumer Cyclical,Resorts & Casinos,USA,1275.1,7.42,43.43,1.59%,117491
1504,GDOT,Green Dot Corporation,Financial,Credit Services,USA,1538.16,25.76,27.85,3.00%,423072
1505,GDRX,"GoodRx Holdings, Inc.",Healthcare,Health Information Services,USA,2644.81,,6.22,-1.89%,1594454
1506,GDS,GDS Holdings Limited,Technology,Software - Infrastructure,China,5498.91,,28.07,-1.30%,935636
1507,GDV,The Gabelli Dividend & Income Trust,Financial,Closed-End Fund - Equity,USA,1983.57,2.29,21.94,1.43%,161470
1508,GDYN,"Grid Dynamics Holdings, Inc.",Technology,Information Technology Services,USA,1278.31,,18.47,1.76%,293655
1509,GE,General Electric Company,Industrials,Specialty Industrial Machinery,USA,80432.06,,73.14,2.18%,11226552
1510,GECC,Great Elm Capital Corp.,Financial,Asset Management,USA,333.12,127.64,12.38,-0.15%,4589
1511,GEF,"Greif, Inc.",Consumer Cyclical,Packaging & Containers,USA,3378.03,9.69,70.04,1.52%,126088
1512,GEL,"Genesis Energy, L.P.",Energy,Oil & Gas Midstream,USA,1249.8,,10,14.94%,1909090
1513,GENI,Genius Sports Limited,Communication Services,Internet Content & Information,United Kingdom,534.05,,2.5,0.81%,1249648
1514,GEO,"The GEO Group, Inc.",Real Estate,REIT - Healthcare Facilities,USA,866.8,12.76,6.85,-0.72%,680577
1515,GERN,Geron Corporation,Healthcare,Biotechnology,USA,776.61,,1.97,0.00%,1923421
1516,GES,"Guess', Inc.",Consumer Cyclical,Apparel Retail,USA,1129.61,7.47,18.73,1.08%,663471
1517,GET,Getnet Adquirencia e Servicos para Meios de Pagamento S.A.,Technology,Software - Infrastructure,Brazil,821.22,17.5,1.75,6.06%,32532
1518,GEVO,"Gevo, Inc.",Basic Materials,Specialty Chemicals,USA,622.5,,2.78,7.34%,14888599
1519,GFF,Griffon Corporation,Industrials,Tools & Accessories,USA,1691.14,15.69,29.36,6.03%,605848
1520,GFI,Gold Fields Limited,Basic Materials,Gold,South Africa,8003.49,10.43,9.21,1.77%,7439712
1521,GFL,GFL Environmental Inc.,Industrials,Waste Management,Canada,11798.78,,27.94,1.82%,2046262
1522,GFS,GLOBALFOUNDRIES Inc.,Technology,Semiconductors,USA,25849.59,,47.4,-0.06%,1582163
1523,GFX,Golden Falcon Acquisition Corp.,Financial,Shell Companies,USA,426.56,39.56,9.89,0.00%,1402
1524,GGAL,Grupo Financiero Galicia S.A.,Financial,Banks - Regional,Argentina,2206.06,4.06,7.39,8.36%,2086832
1525,GGB,Gerdau S.A.,Basic Materials,Steel,Brazil,7538.24,2.76,4.7,2.62%,12099377
1526,GGG,Graco Inc.,Industrials,Specialty Industrial Machinery,USA,11152.85,26.38,65.69,2.87%,671918
1527,GGN,"GAMCO Global Gold, Natural Resources & Income Trust",Financial,Asset Management,USA,534.51,9.25,3.47,2.66%,976256
1528,GGR,Gogoro Inc.,Consumer Cyclical,Auto Parts,Taiwan,1557.88,,5.84,1.04%,217114
1529,GH,"Guardant Health, Inc.",Healthcare,Diagnostics & Research,USA,5508.23,,51.58,2.67%,949388
1530,GHC,Graham Holdings Company,Consumer Defensive,Education & Training Services,USA,2934.95,8.86,597.75,1.14%,10737
1531,GHG,GreenTree Hospitality Group Ltd.,Consumer Cyclical,Lodging,China,418.42,23.69,3.98,-0.75%,9533
1532,GHLD,Guild Holdings Company,Financial,Mortgage Finance,USA,743.81,2.25,12.13,1.08%,26041
1533,GHRS,GH Research PLC,Healthcare,Biotechnology,Ireland,655.58,,12.08,-0.66%,15065
1534,GHY,"PGIM Global High Yield Fund, Inc",Financial,Closed-End Fund - Debt,USA,489.86,,11.97,0.76%,96780
1535,GIB,CGI Inc.,Technology,Information Technology Services,Canada,18424.69,19.01,85.13,-0.09%,162209
1536,GIC,Global Industrial Company,Industrials,Industrial Distribution,USA,1365.31,15.59,35.38,3.60%,24541
1537,GIII,"G-III Apparel Group, Ltd.",Consumer Cyclical,Apparel Retail,USA,1066.83,5.4,22.37,2.57%,291523
1538,GIL,Gildan Activewear Inc.,Consumer Cyclical,Apparel Manufacturing,Canada,5407.45,8.56,28.67,2.80%,454036
1539,GILD,"Gilead Sciences, Inc.",Healthcare,Drug Manufacturers - General,USA,76022.46,16.87,60.4,-0.82%,6811109
1540,GILT,Gilat Satellite Networks Ltd.,Technology,Communication Equipment,Israel,382.14,,6.6,-1.05%,160026
1541,GIM,Templeton Global Income Fund,Financial,Closed-End Fund - Debt,USA,470.67,,4.52,3.67%,257771
1542,GIS,"General Mills, Inc.",Consumer Defensive,Packaged Foods,USA,44227.36,16.87,74.6,1.06%,3087539
1543,GKOS,Glaukos Corporation,Healthcare,Medical Instruments & Supplies,USA,2571.69,,53.7,2.07%,314771
1544,GL,Globe Life Inc.,Financial,Insurance - Life,USA,9815.68,13.9,99.5,-1.82%,885285
1545,GLAD,Gladstone Capital Corporation,Financial,Closed-End Fund - Debt,USA,365.68,4.2,10.66,-3.00%,213118
1546,GLBE,Global-E Online Ltd.,Consumer Cyclical,Internet Retail,Israel,3999.64,,23.49,1.73%,1316719
1547,GLDD,Great Lakes Dredge & Dock Corporation,Industrials,Engineering & Construction,USA,858.84,16.49,12.83,1.26%,178408
1548,GLNG,Golar LNG Limited,Energy,Oil & Gas Midstream,Bermuda,2550.97,6.76,22.85,-1.47%,973821
1549,GLOB,Globant S.A.,Technology,Software - Application,Luxembourg,8308.14,75.69,197.86,2.83%,275845
1550,GLP,Global Partners LP,Energy,Oil & Gas Midstream,USA,926.14,12.09,27.49,0.99%,76351
1551,GLPG,Galapagos NV,Healthcare,Biotechnology,Belgium,3410.71,,52.03,-1.53%,156026
1552,GLPI,"Gaming and Leisure Properties, Inc.",Real Estate,REIT - Specialty,USA,13298.86,23.96,52.65,1.62%,1475241
1553,GLUE,"Monte Rosa Therapeutics, Inc.",Healthcare,Biotechnology,USA,471.13,,9.15,-14.80%,194587
1554,GLW,Corning Incorporated,Technology,Electronic Components,USA,31079.12,29.08,36.29,0.95%,4234107
1555,GM,General Motors Company,Consumer Cyclical,Auto Manufacturers,USA,52809.07,5.93,35.74,3.06%,11766803
1556,GMAB,Genmab A/S,Healthcare,Biotechnology,Denmark,23610.46,72.47,35.8,-1.84%,776115
1557,GME,GameStop Corp.,Consumer Cyclical,Specialty Retail,USA,11050.11,,33.84,0.18%,3180022
1558,GMED,"Globus Medical, Inc.",Healthcare,Medical Devices,USA,6158.25,43.07,58.79,-1.74%,686395
1559,GMRE,Global Medical REIT Inc.,Real Estate,REIT - Healthcare Facilities,USA,783.97,60.55,12.05,2.73%,170577
1560,GMS,GMS Inc.,Industrials,Building Products & Equipment,USA,2225.67,8.37,52.16,4.03%,184689
1561,GNK,Genco Shipping & Trading Limited,Industrials,Marine Shipping,USA,838.2,3.71,19.26,-0.93%,588792
1562,GNL,"Global Net Lease, Inc.",Real Estate,REIT - Office,USA,1574.13,,15.13,1.00%,431362
1563,GNRC,Generac Holdings Inc.,Industrials,Specialty Industrial Machinery,USA,17078.05,34.03,256.89,4.79%,1375770
1564,GNTX,Gentex Corporation,Consumer Cyclical,Auto Parts,USA,7191.29,19.96,28.21,0.36%,1465008
1565,GNTY,"Guaranty Bancshares, Inc.",Financial,Banks - Regional,USA,443.42,11.37,37.2,0.38%,10030
1566,GNW,"Genworth Financial, Inc.",Financial,Insurance - Life,USA,2166.69,2.49,4.17,-0.48%,1704185
1567,GO,Grocery Outlet Holding Corp.,Consumer Defensive,Grocery Stores,USA,4277.52,79.37,43.89,-0.11%,849615
1568,GOAC,GO Acquisition Corp.,Financial,Shell Companies,USA,719.52,41.88,10.01,0.00%,171312
1569,GOEV,Canoo Inc.,Consumer Cyclical,Auto Manufacturers,USA,957.76,,3.58,-0.56%,6968387
1570,GOF,Guggenheim Strategic Opportunities Fund,Financial,Closed-End Fund - Debt,USA,908.73,,16.76,3.27%,443248
1571,GOGL,Golden Ocean Group Limited,Industrials,Marine Shipping,Bermuda,2303.03,3.56,11.15,-1.59%,2209540
1572,GOGO,Gogo Inc.,Communication Services,Telecom Services,USA,2200.65,23.84,17.26,1.65%,455737
1573,GOL,Gol Linhas Aereas Inteligentes S.A.,Industrials,Airlines,Brazil,573.71,,3.37,-5.07%,2144424
1574,GOLD,Barrick Gold Corporation,Basic Materials,Gold,Canada,28156.66,14.47,15.63,1.43%,24490209
1575,GOLF,Acushnet Holdings Corp.,Consumer Cyclical,Leisure,USA,3444.66,20.57,48.13,1.97%,228942
1576,GOOD,Gladstone Commercial Corporation,Real Estate,REIT - Diversified,USA,854.16,,20.41,4.94%,312597
1577,GOOG,Alphabet Inc.,Communication Services,Internet Content & Information,USA,1513064.65,19.86,114.59,0.87%,23131544
1578,GOOGL,Alphabet Inc.,Communication Services,Internet Content & Information,USA,1598704.23,21.03,114.22,1.03%,32613813
1579,GOOS,Canada Goose Holdings Inc.,Consumer Cyclical,Apparel Manufacturing,Canada,2607.96,21.29,18.86,3.91%,794675
1580,GOSS,"Gossamer Bio, Inc.",Healthcare,Biotechnology,USA,921.47,,11.77,-1.26%,1247703
1581,GOTU,Gaotu Techedu Inc.,Consumer Defensive,Education & Training Services,China,509.09,,1.87,3.31%,2588015
1582,GPC,Genuine Parts Company,Consumer Cyclical,Specialty Retail,USA,20899.02,23.17,149.61,2.21%,1111886
1583,GPI,"Group 1 Automotive, Inc.",Consumer Cyclical,Auto & Truck Dealerships,USA,2913.96,4.35,176.39,3.18%,136450
1584,GPK,Graphic Packaging Holding Company,Consumer Cyclical,Packaging & Containers,USA,6946.99,26.89,22.48,0.58%,3166339
1585,GPL,Great Panther Mining Limited,Basic Materials,Other Industrial Metals & Mining,Canada,479.61,,1.11,23.75%,1080139
1586,GPMT,Granite Point Mortgage Trust Inc.,Real Estate,REIT - Mortgage,USA,569.46,14.9,10.65,0.95%,272403
1587,GPN,Global Payments Inc.,Industrials,Specialty Business Services,USA,34944.75,35.07,122.51,1.82%,2113178
1588,GPOR,Gulfport Energy Corporation,Energy,Oil & Gas E&P,USA,1946.35,,91.55,-0.22%,114401
1589,GPP,Green Plains Partners LP,Energy,Oil & Gas Midstream,USA,308.87,7.77,13.4,1.36%,101741
1590,GPRE,Green Plains Inc.,Basic Materials,Specialty Chemicals,USA,1883.18,,34.06,4.83%,772279
1591,GPRK,GeoPark Limited,Energy,Oil & Gas E&P,Colombia,745.71,7.41,12.34,1.06%,122932
1592,GPRO,"GoPro, Inc.",Technology,Consumer Electronics,USA,1026.95,2.66,6.31,2.27%,1467701
1593,GPS,"The Gap, Inc.",Consumer Cyclical,Apparel Retail,USA,3499.15,,9.56,7.66%,9765105
1594,GRAB,Grab Holdings Limited,Financial,Asset Management,Singapore,12239.01,,2.97,1.37%,9726379
1595,GRBK,"Green Brick Partners, Inc.",Consumer Cyclical,Residential Construction,USA,1263.19,6.02,26.56,1.65%,612597
1596,GRC,The Gorman-Rupp Company,Industrials,Specialty Industrial Machinery,USA,816.4,27.05,31.03,2.88%,63056
1597,GRFS,"Grifols, S.A.",Healthcare,Drug Manufacturers - General,Spain,8849.7,33.64,9.52,-10.19%,1539530
1598,GRIN,Grindrod Shipping Holdings Ltd.,Industrials,Marine Shipping,Singapore,356.22,2.36,17.82,1.31%,135272
1599,GRMN,Garmin Ltd.,Technology,Scientific & Technical Instruments,Switzerland,19464.86,17.64,98.04,4.79%,1719074
1600,GROV,"Grove Collaborative Holdings, Inc.",Consumer Defensive,Household & Personal Products,USA,682.68,,4.24,-1.85%,94289
1601,GROY,Gold Royalty Corp.,Basic Materials,Other Precious Metals & Mining,Canada,392.98,,2.69,2.28%,368398
1602,GRPN,"Groupon, Inc.",Communication Services,Internet Content & Information,USA,354.64,5.74,10.65,1.24%,435734
1603,GRVY,"Gravity Co., Ltd.",Communication Services,Electronic Gaming & Multimedia,South Korea,366.11,7.86,50.92,1.84%,22130
1604,GRWG,GrowGeneration Corp.,Consumer Cyclical,Home Improvement Retail,USA,308.02,191.2,4.78,2.58%,975884
1605,GS,"The Goldman Sachs Group, Inc.",Financial,Capital Markets,USA,113941.17,7.44,329.11,1.41%,1814678
1606,GSAQ,Global Synergy Acquisition Corp.,Financial,Shell Companies,USA,323.4,33.11,10,0.00%,0
1607,GSAT,"Globalstar, Inc.",Communication Services,Telecom Services,USA,2578.8,,1.36,0.74%,1726615
1608,GSBC,"Great Southern Bancorp, Inc.",Financial,Banks - Regional,USA,777.5,11.58,62.3,-0.88%,22748
1609,GSBD,"Goldman Sachs BDC, Inc.",Financial,Credit Services,USA,1789.49,10.35,17.52,1.51%,476189
1610,GSHD,"Goosehead Insurance, Inc",Financial,Insurance - Diversified,USA,2293.09,363.33,59.95,13.01%,1519435
1611,GSK,GSK plc,Healthcare,Drug Manufacturers - General,United Kingdom,86497.94,14.18,42.93,-1.40%,6320324
1612,GSL,"Global Ship Lease, Inc.",Industrials,Marine Shipping,United Kingdom,692.9,2.91,18.35,2.34%,1468240
1613,GSM,Ferroglobe PLC,Basic Materials,Other Industrial Metals & Mining,United Kingdom,1092.34,10.56,5.81,2.29%,690620
1614,GSQD,G Squared Ascend I Inc.,Financial,Shell Companies,USA,404.57,98.7,9.87,0.30%,68191
1615,GSUN,Golden Sun Education Group Limi,Consumer Defensive,Education & Training Services,China,407.78,508.33,30.5,1.13%,26969
1616,GT,The Goodyear Tire & Rubber Company,Consumer Cyclical,Auto Parts,USA,3447.26,4.01,12.05,6.26%,4748576
1617,GTE,Gran Tierra Energy Inc.,Energy,Oil & Gas E&P,Canada,633.22,,1.28,-2.29%,3428956
1618,GTES,Gates Industrial Corporation plc,Industrials,Specialty Industrial Machinery,USA,3498.07,13.85,12.12,1.25%,969160
1619,GTHX,"G1 Therapeutics, Inc.",Healthcare,Biotechnology,USA,368.71,,8.31,0.85%,497541
1620,GTLB,GitLab Inc.,Technology,Software - Application,USA,8265.61,,55.5,0.96%,902505
1621,GTLS,"Chart Industries, Inc.",Industrials,Specialty Industrial Machinery,USA,6739.71,169.06,179.2,5.80%,396211
1622,GTN,"Gray Television, Inc.",Communication Services,Broadcasting,USA,1840.48,30.22,19.4,2.37%,637514
1623,GTX,Garrett Motion Inc.,Consumer Cyclical,Auto Parts,Switzerland,434.28,3.06,6.6,0.15%,272782
1624,GTY,Getty Realty Corp.,Real Estate,REIT - Retail,USA,1334.29,21.12,28.75,3.75%,227960
1625,GUT,The Gabelli Utility Trust,Financial,Closed-End Fund - Equity,USA,495.38,11,7.82,-0.13%,84072
1626,GVA,Granite Construction Incorporated,Industrials,Engineering & Construction,USA,1372.77,32.08,29.96,-1.71%,662214
1627,GWH,"ESS Tech, Inc.",Industrials,Electrical Equipment & Parts,USA,615.04,,3.68,9.52%,820744
1628,GWRE,"Guidewire Software, Inc.",Technology,Software - Application,USA,6573.44,,77.28,1.87%,220090
1629,GWW,"W.W. Grainger, Inc.",Industrials,Industrial Distribution,USA,25615.96,22.22,501.88,2.93%,479520
1630,GXII,GX Acquisition Corp. II,Financial,Shell Companies,USA,369.55,29.88,9.86,0.51%,18
1631,GXO,"GXO Logistics, Inc.",Industrials,Specialty Business Services,USA,5516.45,30.35,46.31,3.86%,846103
1632,H,Hyatt Hotels Corporation,Consumer Cyclical,Lodging,USA,9208.45,591.29,82.78,-0.34%,476752
1633,HA,"Hawaiian Holdings, Inc.",Industrials,Airlines,USA,759.17,,14.4,-2.17%,1368139
1634,HAAC,Health Assurance Acquisition Corp.,Financial,Shell Companies,USA,547.14,9.72,9.93,0.10%,3989
1635,HAE,Haemonetics Corporation,Healthcare,Medical Instruments & Supplies,USA,3575.23,82.48,69.53,0.99%,424450
1636,HAFC,Hanmi Financial Corporation,Financial,Banks - Regional,USA,773.38,7.49,24.98,-0.87%,146291
1637,HAIN,"The Hain Celestial Group, Inc.",Consumer Defensive,Packaged Foods,USA,2047.11,18.93,22.6,-1.05%,844162
1638,HAL,Halliburton Company,Energy,Oil & Gas Equipment & Services,USA,26472.24,17.94,28.64,-0.87%,7996973
1639,HALO,"Halozyme Therapeutics, Inc.",Healthcare,Biotechnology,USA,7066.23,16.93,50.52,-2.28%,881788
1640,HAS,"Hasbro, Inc.",Consumer Cyclical,Leisure,USA,11608.99,20.53,79.65,1.27%,1135704
1641,HASI,"Hannon Armstrong Sustainable Infrastructure Capital, Inc.",Real Estate,REIT - Specialty,USA,3288.46,27.1,36.51,11.24%,1906388
1642,HAYN,"Haynes International, Inc.",Industrials,Metal Fabrication,USA,433.16,26.75,34.46,1.80%,45707
1643,HAYW,"Hayward Holdings, Inc.",Industrials,Electrical Equipment & Parts,USA,2574.49,11.15,11.21,-18.23%,6654041
1644,HBAN,Huntington Bancshares Incorporated,Financial,Banks - Regional,USA,19228.13,11.59,13.04,-0.38%,13836930
1645,HBCP,"Home Bancorp, Inc.",Financial,Banks - Regional,USA,316.55,7.75,37.91,-0.97%,7993
1646,HBI,Hanesbrands Inc.,Consumer Cyclical,Apparel Manufacturing,USA,3941.11,7.9,11.26,5.63%,7097538
1647,HBM,Hudbay Minerals Inc.,Basic Materials,Copper,Canada,1212,,3.51,1.15%,1263424
1648,HBNC,"Horizon Bancorp, Inc.",Financial,Banks - Regional,USA,820.62,9.12,18.77,0.00%,120095
1649,HBT,"HBT Financial, Inc.",Financial,Banks - Regional,USA,539.58,9.38,18.18,-0.16%,52708
1650,HCA,"HCA Healthcare, Inc.",Healthcare,Medical Care Facilities,USA,55629.46,9.87,209.78,2.50%,1700197
1651,HCAR,Healthcare Services Acquisition Corporation,Financial,Shell Companies,USA,408.64,139.15,9.88,0.00%,20749
1652,HCAT,"Health Catalyst, Inc.",Healthcare,Health Information Services,USA,875.03,,16.51,3.77%,677418
1653,HCC,"Warrior Met Coal, Inc.",Basic Materials,Coking Coal,USA,1614.09,5.03,31.07,-0.58%,2605980
1654,HCCI,"Heritage-Crystal Clean, Inc",Industrials,Waste Management,USA,795.95,11.78,32.29,6.25%,268778
1655,HCI,"HCI Group, Inc.",Financial,Insurance - Property & Casualty,USA,664.73,,66.74,-2.97%,55425
1656,HCIC,Hennessy Capital Investment Corp. V,Financial,Shell Companies,USA,426.12,46.38,9.88,0.20%,154909
1657,HCKT,"The Hackett Group, Inc.",Technology,Information Technology Services,USA,672.77,15.06,21.07,0.48%,53926
1658,HCM,HUTCHMED (China) Limited,Healthcare,Drug Manufacturers - General,Hong Kong,2307.46,,12.7,0.24%,260673
1659,HCMA,HCM Acquisition Corp,Financial,Shell Companies,USA,388.49,,10.01,0.10%,3530
1660,HCP,"HashiCorp, Inc.",Technology,Software - Infrastructure,USA,7185.51,,36.21,2.37%,685563
1661,HCSG,"Healthcare Services Group, Inc.",Healthcare,Medical Care Facilities,USA,1071.67,35.35,14.14,-0.49%,866234
1662,HCVI,Hennessy Capital Investment Corp. VI,Financial,Shell Companies,USA,439.6,161.17,9.67,0.10%,212
1663,HD,"The Home Depot, Inc.",Consumer Cyclical,Home Improvement Retail,USA,306350.71,19.02,299.63,0.24%,3983616
1664,HDB,HDFC Bank Limited,Financial,Banks - Regional,India,113438.17,149.77,62.08,3.55%,1714980
1665,HDSN,"Hudson Technologies, Inc.",Basic Materials,Specialty Chemicals,USA,406.77,6.37,8.56,1.66%,358027
1666,HE,"Hawaiian Electric Industries, Inc.",Utilities,Utilities - Regulated Electric,USA,4596.5,18.48,42.29,2.65%,339715
1667,HEES,"H&E Equipment Services, Inc.",Industrials,Rental & Leasing Services,USA,1193.17,16.6,33.07,6.16%,198451
1668,HEI,HEICO Corporation,Industrials,Aerospace & Defense,USA,18011.99,61.76,149.95,2.85%,453493
1669,HEI-A,HEICO Corporation,Industrials,Aerospace & Defense,USA,9764.52,54.38,120.18,2.83%,104498
1670,HELE,Helen of Troy Limited,Consumer Defensive,Household & Personal Products,USA,3256.82,17.34,136.44,0.10%,219739
1671,HEP,"Holly Energy Partners, L.P.",Energy,Oil & Gas Midstream,USA,2261.46,9.47,17.79,0.85%,127146
1672,HERA,FTAC Hera Acquisition Corp.,Financial,Shell Companies,USA,1069.91,58.98,9.85,0.20%,141778
1673,HES,Hess Corporation,Energy,Oil & Gas E&P,USA,34643.91,46.82,109.18,2.35%,2121892
1674,HESM,Hess Midstream LP,Energy,Oil & Gas Midstream,USA,7992.6,16.22,29.88,-0.03%,196075
1675,HFRO,Highland Funds I - Highland Income Fund,Financial,Asset Management,USA,817.08,,11.44,0.35%,113249
1676,HFWA,Heritage Financial Corporation,Financial,Banks - Regional,USA,927.28,11.82,26.04,0.08%,246242
1677,HGTY,"Hagerty, Inc.",Financial,Insurance - Property & Casualty,USA,3999.14,,11.8,1.46%,122368
1678,HGV,Hilton Grand Vacations Inc.,Consumer Cyclical,Resorts & Casinos,USA,4957.23,19.94,40.76,-0.37%,357173
1679,HHC,The Howard Hughes Corporation,Real Estate,Real Estate - Diversified,USA,3692.34,29.65,71.46,0.20%,237285
1680,HI,"Hillenbrand, Inc.",Industrials,Specialty Industrial Machinery,USA,3239.35,16.84,45.11,1.53%,198855
1681,HIBB,"Hibbett, Inc.",Consumer Cyclical,Specialty Retail,USA,593.05,5.27,45.76,2.65%,190188
1682,HIFS,Hingham Institution for Savings,Financial,Banks - Regional,USA,644.65,13.93,289.08,0.20%,2475
1683,HIG,"The Hartford Financial Services Group, Inc.",Financial,Insurance - Diversified,USA,20435.68,8.64,62.85,-2.32%,3616229
1684,HIGA,H.I.G. Acquisition Corp.,Financial,Shell Companies,USA,452.17,41.42,9.94,0.00%,6386
1685,HII,"Huntington Ingalls Industries, Inc.",Industrials,Aerospace & Defense,USA,8509.82,15.94,212.48,1.00%,237917
1686,HIII,Hudson Executive Investment Corp. III,Financial,Shell Companies,USA,738.38,39.54,9.85,0.05%,8163
1687,HIMS,"Hims & Hers Health, Inc.",Consumer Defensive,Household & Personal Products,USA,1338.74,,6.07,5.20%,1681234
1688,HIMX,"Himax Technologies, Inc.",Technology,Semiconductors,Taiwan,1311.71,2.58,7.18,-0.69%,1330095
1689,HIO,Western Asset High Income Opportunity Fund Inc.,Financial,Closed-End Fund - Debt,USA,395.61,7.02,4.16,0.48%,135979
1690,HIVE,HIVE Blockchain Technologies Ltd.,Financial,Capital Markets,Canada,497.91,0.34,4.16,6.39%,2414055
1691,HIW,"Highwoods Properties, Inc.",Real Estate,REIT - Office,USA,3646.23,12.35,35.07,1.53%,652983
1692,HIX,Western Asset High Income Fund II Inc.,Financial,Closed-End Fund - Debt,USA,317,6.24,5.39,3.85%,195440
1693,HL,Hecla Mining Company,Basic Materials,Gold,USA,2422.18,137.19,4.39,2.33%,9518728
1694,HLAH,"Hamilton Lane Alliance Holdings I, Inc.",Financial,Shell Companies,USA,320.61,57.78,9.88,0.30%,50092
1695,HLF,Herbalife Nutrition Ltd.,Consumer Defensive,Packaged Foods,USA,2705.67,6.63,24.75,3.21%,1006292
1696,HLG,Hailiang Education Group Inc.,Consumer Defensive,Education & Training Services,China,337.32,4.75,13.11,0.00%,522
1697,HLGN,"Heliogen, Inc.",Utilities,Utilities - Renewable,USA,451.02,,2.36,9.77%,1229064
1698,HLI,"Houlihan Lokey, Inc.",Financial,Capital Markets,USA,5660.12,13.3,85.23,3.32%,290623
1699,HLIO,"Helios Technologies, Inc.",Industrials,Specialty Industrial Machinery,USA,2202.28,19.36,67.02,1.42%,71536
1700,HLIT,Harmonic Inc.,Technology,Communication Equipment,USA,1144.86,75.66,10.82,2.46%,1778449
1701,HLLY,Holley Inc.,Consumer Cyclical,Auto Parts,USA,1526.23,,12.67,4.28%,338089
1702,HLMN,Hillman Solutions Corp.,Industrials,Tools & Accessories,USA,2000.43,,10.06,1.62%,1128366
1703,HLN,Haleon plc,Healthcare,Drug Manufacturers - Specialty & Generic,United Kingdom,32321.03,19.44,7,-4.37%,15270465
1704,HLNE,Hamilton Lane Incorporated,Financial,Asset Management,USA,4016.47,18.95,75.37,3.90%,267012
1705,HLT,Hilton Worldwide Holdings Inc.,Consumer Cyclical,Lodging,USA,35962.88,49.36,128,-0.97%,2604361
1706,HLTH,Cue Health Inc.,Healthcare,Health Information Services,USA,518.82,,3.24,1.25%,395480
1707,HLX,"Helix Energy Solutions Group, Inc.",Energy,Oil & Gas Equipment & Services,USA,594.36,,3.86,6.93%,4829110
1708,HMC,"Honda Motor Co., Ltd.",Consumer Cyclical,Auto Manufacturers,Japan,46884.4,8.64,25.85,1.81%,1308232
1709,HMLP,Hoegh LNG Partners LP,Energy,Oil & Gas Midstream,Bermuda,306.7,7.43,9.18,0.11%,63982
1710,HMN,Horace Mann Educators Corporation,Financial,Insurance - Property & Casualty,USA,1442.57,12.31,34.47,-0.03%,241290
1711,HMPT,Home Point Capital Inc.,Financial,Mortgage Finance,USA,489.43,16.75,3.4,-1.73%,54147
1712,HMST,"HomeStreet, Inc.",Financial,Banks - Regional,USA,677.86,7.08,36.23,1.68%,176703
1713,HMTV,"Hemisphere Media Group, Inc.",Communication Services,Entertainment,USA,310.31,,7.7,-0.13%,43426
1714,HMY,Harmony Gold Mining Company Limited,Basic Materials,Gold,South Africa,1921.38,49.85,3.24,1.25%,5348193
1715,HNGR,"Hanger, Inc.",Healthcare,Medical Care Facilities,USA,578.56,19.49,18.52,-0.48%,2074796
1716,HNI,HNI Corporation,Industrials,Business Equipment & Supplies,USA,1535.59,26.95,36.14,-0.17%,163114
1717,HNST,"The Honest Company, Inc.",Consumer Cyclical,Specialty Retail,USA,332.82,,3.35,1.82%,909687
1718,HOG,"Harley-Davidson, Inc.",Consumer Cyclical,Recreational Vehicles,USA,5555.83,9.32,36.96,7.76%,3672861
1719,HOLI,Hollysys Automation Technologies Ltd.,Industrials,Electrical Equipment & Parts,China,1019.13,12.21,16.1,4.21%,440976
1720,HOLX,"Hologic, Inc.",Healthcare,Medical Instruments & Supplies,USA,17988.74,11.65,70.78,-0.23%,2952019
1721,HOMB,"Home Bancshares, Inc. (Conway, AR)",Financial,Banks - Regional,USA,4732.43,16.86,23.18,0.39%,877803
1722,HON,Honeywell International Inc.,Industrials,Specialty Industrial Machinery,USA,128609.85,25.3,190.44,3.69%,3644614
1723,HONE,"HarborOne Bancorp, Inc.",Financial,Banks - Regional,USA,738.11,14.19,14.45,-0.55%,129717
1724,HOOD,"Robinhood Markets, Inc.",Technology,Software - Infrastructure,USA,8231.07,,9.11,2.36%,7357431
1725,HOPE,"Hope Bancorp, Inc.",Financial,Banks - Regional,USA,1774.39,8.18,14.81,-0.94%,416192
1726,HOUS,Anywhere Real Estate Inc.,Real Estate,Real Estate Services,USA,1180.58,3.6,10.01,-4.03%,1969799
1727,HOV,"Hovnanian Enterprises, Inc.",Consumer Cyclical,Residential Construction,USA,336.03,1.88,48.42,-0.37%,53582
1728,HP,"Helmerich & Payne, Inc.",Energy,Oil & Gas Drilling,USA,4713.61,,44.33,-0.74%,1238676
1729,HPE,Hewlett Packard Enterprise Company,Technology,Communication Equipment,USA,18679.94,5.07,14.08,0.64%,6740198
1730,HPF,John Hancock Preferred Income Fund II,Financial,Closed-End Fund - Debt,USA,391.6,4.68,18.29,0.77%,67118
1731,HPI,John Hancock Preferred Income Fund,Financial,Closed-End Fund - Debt,USA,480.81,4.74,18.28,1.67%,50798
1732,HPK,"HighPeak Energy, Inc.",Energy,Oil & Gas E&P,USA,2689.09,72.01,24.7,-2.68%,94345
1733,HPP,"Hudson Pacific Properties, Inc.",Real Estate,REIT - Office,USA,2140.19,,14.88,1.36%,1459741
1734,HPQ,HP Inc.,Technology,Computer Hardware,USA,35049.89,5.9,32.89,0.83%,4690670
1735,HPS,John Hancock Preferred Income Fund III,Financial,Closed-End Fund - Debt,USA,530.12,4.85,16.7,1.83%,32563
1736,HQH,Tekla Healthcare Investors,Financial,Closed-End Fund - Equity,USA,885.34,5.71,19.49,0.52%,110108
1737,HQL,Tekla Life Sciences Investors,Financial,Closed-End Fund - Equity,USA,370.52,5.74,15.02,-0.46%,82280
1738,HQY,"HealthEquity, Inc.",Healthcare,Health Information Services,USA,5010.34,,57.99,-1.28%,705993
1739,HR,Healthcare Realty Trust Incorporated,Real Estate,REIT - Healthcare Facilities,USA,5895.68,61.2,25.58,1.67%,4931253
1740,HRB,"H&R Block, Inc.",Consumer Cyclical,Personal Services,USA,6282.94,33.18,39.62,0.66%,1916837
1741,HRI,Herc Holdings Inc.,Industrials,Rental & Leasing Services,USA,3468.3,14.4,118.13,8.12%,340262
1742,HRL,Hormel Foods Corporation,Consumer Defensive,Packaged Foods,USA,26718.12,28.14,49.25,2.05%,1116883
1743,HRMY,"Harmony Biosciences Holdings, Inc.",Healthcare,Biotechnology,USA,3063.08,62.6,50.33,-1.81%,474159
1744,HRT,HireRight Holdings Corporation,Industrials,Staffing & Employment Services,USA,1204.79,,14.79,-0.40%,117224
1745,HRTX,"Heron Therapeutics, Inc.",Healthcare,Biotechnology,USA,321.88,,2.83,-1.39%,1845462
1746,HSBC,HSBC Holdings plc,Financial,Banks - Diversified,United Kingdom,127275.77,10.99,31.39,-1.75%,2196591
1747,HSC,Harsco Corporation,Industrials,Specialty Industrial Machinery,USA,402.42,29.39,4.82,-0.21%,834529
1748,HSIC,"Henry Schein, Inc.",Healthcare,Medical Distribution,USA,10992.64,17.12,78.71,1.25%,754797
1749,HSII,"Heidrick & Struggles International, Inc.",Industrials,Staffing & Employment Services,USA,637.05,8.2,30.79,0.36%,129901
1750,HSKA,Heska Corporation,Healthcare,Diagnostics & Research,USA,957.69,,89.42,1.04%,61257
1751,HST,"Host Hotels & Resorts, Inc.",Real Estate,REIT - Hotel & Motel,USA,13028.63,50.17,17.91,1.82%,7085618
1752,HSTM,"HealthStream, Inc.",Healthcare,Health Information Services,USA,738.75,118.79,24.47,0.78%,61252
1753,HSY,The Hershey Company,Consumer Defensive,Confectioners,USA,46109.91,30.22,224.27,2.77%,1225949
1754,HT,Hersha Hospitality Trust,Real Estate,REIT - Hotel & Motel,USA,407.31,,10.02,0.80%,164602
1755,HTA,"Healthcare Trust of America, Inc.",Real Estate,REIT - Healthcare Facilities,USA,5381.82,48.74,24.37,0.00%,0
1756,HTBI,"HomeTrust Bancshares, Inc.",Financial,Banks - Regional,USA,362.18,16.57,23.01,-1.54%,59326
1757,HTBK,Heritage Commerce Corp,Financial,Banks - Regional,USA,699.98,14.25,11.57,-0.69%,85392
1758,HTD,John Hancock Tax-Advantaged Dividend Income Fund,Financial,Closed-End Fund - Debt,USA,849.83,4.68,24,2.39%,35773
1759,HTGC,"Hercules Capital, Inc.",Financial,Mortgage Finance,USA,1958.23,16.4,15.56,1.77%,1234088
1760,HTH,Hilltop Holdings Inc.,Financial,Banks - Regional,USA,2236.91,8.29,28.38,0.96%,750607
1761,HTHT,Huazhu Group Limited,Consumer Cyclical,Lodging,China,13055.79,,39.49,-2.93%,2025913
1762,HTLD,"Heartland Express, Inc.",Industrials,Trucking,USA,1262.78,15.33,15.91,3.11%,328462
1763,HTLF,"Heartland Financial USA, Inc.",Financial,Banks - Regional,USA,1902.21,9.36,44.59,-0.22%,127377
1764,HTPA,Highland Transcend Partners I Corp.,Financial,Shell Companies,USA,371.33,36.7,9.91,0.10%,178144
1765,HTZ,"Hertz Global Holdings, Inc.",Industrials,Rental & Leasing Services,USA,8532.92,,20.16,15.73%,15952909
1766,HUBB,Hubbell Incorporated,Industrials,Electrical Equipment & Parts,USA,11737.5,30.54,217.16,3.55%,418222
1767,HUBG,"Hub Group, Inc.",Industrials,Integrated Freight & Logistics,USA,2604.42,10.62,75.6,2.34%,187388
1768,HUBS,"HubSpot, Inc.",Technology,Software - Application,USA,15244,,300.73,1.64%,922720
1769,HUGS,USHG Acquisition Corp.,Financial,Shell Companies,USA,351.13,,9.83,0.00%,254863
1770,HUM,Humana Inc.,Healthcare,Healthcare Plans,USA,60815.86,20.53,484.01,1.18%,1075713
1771,HUMA,"Humacyte, Inc.",Healthcare,Biotechnology,USA,370.4,,3.5,0.00%,156442
1772,HUN,Huntsman Corporation,Basic Materials,Chemicals,USA,6128.33,5.4,29.17,-0.31%,1405192
1773,HURN,Huron Consulting Group Inc.,Industrials,Consulting Services,USA,1418.51,16.8,66.1,0.39%,140607
1774,HUT,Hut 8 Mining Corp.,Financial,Capital Markets,Canada,584.75,,2.17,7.96%,18498517
1775,HUYA,HUYA Inc.,Communication Services,Entertainment,China,831.4,14.17,3.4,-0.87%,662166
1776,HVT,"Haverty Furniture Companies, Inc.",Consumer Cyclical,Home Improvement Retail,USA,462.4,5.39,26.79,1.86%,259576
1777,HWC,Hancock Whitney Corporation,Financial,Banks - Regional,USA,4199.32,9.17,47.85,-0.25%,424707
1778,HWKN,"Hawkins, Inc.",Basic Materials,Specialty Chemicals,USA,838.74,16.08,39.23,2.62%,36698
1779,HWM,Howmet Aerospace Inc.,Industrials,Specialty Industrial Machinery,USA,15232.67,50.62,36.04,2.47%,2425505
1780,HXL,Hexcel Corporation,Industrials,Aerospace & Defense,USA,5182.1,97.69,60.18,3.78%,587923
1781,HY,"Hyster-Yale Materials Handling, Inc.",Industrials,Farm & Heavy Construction Machinery,USA,586.79,,33.84,-1.48%,83742
1782,HYLN,Hyliion Holdings Corp.,Consumer Cyclical,Auto Parts,USA,730.15,,3.91,3.99%,1114674
1783,HYT,"BlackRock Corporate High Yield Fund, Inc.",Financial,Closed-End Fund - Debt,USA,1218.22,4.06,9.99,1.42%,389936
1784,HYZN,Hyzon Motors Inc.,Consumer Cyclical,Auto Manufacturers,USA,1004.99,,3.86,6.63%,1396724
1785,HZNP,Horizon Therapeutics Public Limited Company,Healthcare,Drug Manufacturers - General,Ireland,19480.15,22.93,83.71,2.06%,1408270
1786,HZO,"MarineMax, Inc.",Consumer Cyclical,Specialty Retail,USA,921.47,5.34,42.7,-0.74%,296977
1787,HZON,Horizon Acquisition Corporation II,Financial,Shell Companies,USA,652.32,21.22,9.95,0.00%,306056
1788,IAA,"IAA, Inc.",Industrials,Specialty Business Services,USA,5059.35,16.7,37.51,3.02%,587855
1789,IAC,IAC/InterActiveCorp,Communication Services,Internet Content & Information,USA,6294.73,254.91,68.57,-0.68%,572723
1790,IACC,ION Acquisition Corp 3 Ltd.,Financial,Shell Companies,Israel,317,,9.79,0.00%,0
1791,IAG,IAMGOLD Corporation,Basic Materials,Gold,Canada,773.87,,1.59,10.42%,10995062
1792,IART,Integra LifeSciences Holdings Corporation,Healthcare,Medical Devices,USA,4761.57,30.66,56.29,-0.42%,440397
1793,IAS,Integral Ad Science Holding Corp.,Communication Services,Advertising Agencies,USA,1734.26,,9.99,-0.30%,337394
1794,IAU,iShares Gold Trust,Financial,Exchange Traded Fund,USA,10435.21,,33.35,1.21%,4358056
1795,IAUX,i-80 Gold Corp.,Basic Materials,Gold,USA,454.11,7.56,1.89,3.85%,121822
1796,IBA,"Industrias Bachoco, S.A.B. de C.V.",Consumer Defensive,Farm Products,Mexico,2220.49,9.14,44.94,0.20%,10311
1797,IBCP,Independent Bank Corporation,Financial,Banks - Regional,USA,429.88,7.53,20.48,0.05%,54996
1798,IBEX,IBEX Limited,Technology,Information Technology Services,USA,336.97,15.62,18.02,-4.30%,18959
1799,IBKR,"Interactive Brokers Group, Inc.",Financial,Capital Markets,USA,24525.45,22.68,58.24,1.34%,669024
1800,IBM,International Business Machines Corporation,Technology,Information Technology Services,USA,115228.06,20.47,129.22,0.08%,3907046
1801,IBN,ICICI Bank Limited,Financial,Banks - Regional,India,70272.18,23.27,20.64,2.18%,3821466
1802,IBOC,International Bancshares Corporation,Financial,Banks - Regional,USA,2721.76,10.7,43.23,-0.25%,143224
1803,IBP,"Installed Building Products, Inc.",Industrials,Building Products & Equipment,USA,2879.53,21.78,99.5,4.30%,171935
1804,IBRX,"ImmunityBio, Inc.",Healthcare,Biotechnology,USA,1800.72,,4.28,1.18%,901385
1805,IBTX,"Independent Bank Group, Inc.",Financial,Banks - Regional,USA,2985.22,14,70.29,-0.14%,112709
1806,ICE,"Intercontinental Exchange, Inc.",Financial,Financial Data & Stock Exchanges,USA,57463.34,14.24,102.56,5.18%,3028611
1807,ICFI,"ICF International, Inc.",Industrials,Consulting Services,USA,1798.78,25.83,95.68,1.97%,44723
1808,ICHR,"Ichor Holdings, Ltd.",Technology,Semiconductor Equipment & Materials,USA,927.75,14.14,31.29,3.20%,97442
1809,ICL,ICL Group Ltd,Basic Materials,Agricultural Inputs,Israel,11519.99,20.34,8.95,-0.89%,1397931
1810,ICLR,ICON Public Limited Company,Healthcare,Diagnostics & Research,Ireland,19615.85,95.26,237.48,2.45%,689044
1811,ICNC,Iconic Sports Acquisition Corp.,Financial,Shell Companies,Cayman Islands,435.08,,10.09,0.35%,80
1812,ICPT,"Intercept Pharmaceuticals, Inc.",Healthcare,Biotechnology,USA,419.74,,13.69,-5.59%,622585
1813,ICUI,"ICU Medical, Inc.",Healthcare,Medical Instruments & Supplies,USA,4290.9,86.5,176.29,-0.79%,314742
1814,ICVX,"Icosavax, Inc.",Healthcare,Biotechnology,USA,348.48,,7.72,0.13%,22139
1815,IDA,"IDACORP, Inc.",Utilities,Utilities - Regulated Electric,USA,5525.64,22.71,110.69,2.56%,115865
1816,IDCC,"InterDigital, Inc.",Communication Services,Telecom Services,USA,1902.12,28.1,60.79,1.20%,256516
1817,IDT,IDT Corporation,Communication Services,Telecom Services,USA,632.99,7.94,26.17,-0.87%,130748
1818,IDXX,"IDEXX Laboratories, Inc.",Healthcare,Diagnostics & Research,USA,33893.54,46.78,398.56,3.26%,589513
1819,IDYA,"IDEAYA Biosciences, Inc.",Healthcare,Biotechnology,USA,599.1,,15,-4.28%,807289
1820,IE,Ivanhoe Electric Inc.,Technology,Software - Application,Canada,759.68,,8.53,-3.07%,57974
1821,IEA,"Infrastructure and Energy Alternatives, Inc.",Industrials,Engineering & Construction,USA,667.55,,14.14,1.87%,2174510
1822,IEP,Icahn Enterprises L.P.,Industrials,Conglomerates,USA,16205.69,,52.71,1.04%,372445
1823,IESC,"IES Holdings, Inc.",Industrials,Engineering & Construction,USA,696.06,13.78,33.13,1.78%,13390
1824,IEX,IDEX Corporation,Industrials,Specialty Industrial Machinery,USA,15651.78,33.04,206.08,3.18%,421187
1825,IFF,International Flavors & Fragrances Inc.,Basic Materials,Specialty Chemicals,USA,31696.56,57.13,124.31,2.52%,1206036
1826,IFN,"The India Fund, Inc.",Financial,Asset Management,Singapore,465.45,2.15,17.3,2.73%,105461
1827,IFS,Intercorp Financial Services Inc.,Financial,Banks - Regional,Peru,2751.71,6.47,23.93,1.53%,8146
1828,IGAC,IG Acquisition Corp.,Financial,Shell Companies,USA,372.93,30.9,9.95,0.10%,20963
1829,IGD,Voya Global Equity Dividend and Premium Opportunity Fund,Financial,Closed-End Fund - Foreign,USA,456.13,4.32,5.65,0.36%,170539
1830,IGIC,International General Insurance Holdings Ltd.,Financial,Insurance - Diversified,Bermuda,352.42,6.71,7.25,-7.05%,14442
1831,IGMS,"IGM Biosciences, Inc.",Healthcare,Biotechnology,USA,782.36,,17.44,-1.64%,84715
1832,IGR,CBRE Global Real Estate Income Fund,Financial,Closed-End Fund - Foreign,USA,895.41,2.61,7.68,2.54%,255833
1833,IGT,International Game Technology PLC,Consumer Cyclical,Gambling,United Kingdom,3985.26,59.87,19.04,-0.88%,1168153
1834,IHG,InterContinental Hotels Group PLC,Consumer Cyclical,Lodging,United Kingdom,10908.62,41.5,60.01,-0.73%,94593
1835,IHRT,"iHeartMedia, Inc.",Communication Services,Broadcasting,USA,1129.08,50.06,7.76,-0.89%,365646
1836,IHS,IHS Holding Limited,Communication Services,Telecom Services,United Kingdom,2920.88,26.13,8.31,-1.19%,91103
1837,III,"Information Services Group, Inc.",Technology,Information Technology Services,USA,361.92,22.63,7.49,1.22%,106466
1838,IIII,INSU Acquisition Corp. III,Financial,Shell Companies,USA,337.25,71.15,9.89,0.10%,38
1839,IIIN,"Insteel Industries, Inc.",Industrials,Metal Fabrication,USA,659.51,5.84,31.45,0.03%,143155
1840,IIIV,"i3 Verticals, Inc.",Technology,Software - Infrastructure,USA,911.75,,27.38,1.03%,111464
1841,IIM,Invesco Value Municipal Income Trust,Financial,Closed-End Fund - Debt,USA,652.2,11.78,13.86,0.95%,126738
1842,IIPR,"Innovative Industrial Properties, Inc.",Real Estate,REIT - Industrial,USA,2680.3,19.51,94.41,3.52%,243006
1843,IIVI,II-VI Incorporated,Technology,Scientific & Technical Instruments,USA,5662.24,29.45,52.37,0.65%,1404050
1844,ILMN,"Illumina, Inc.",Healthcare,Diagnostics & Research,USA,34465.05,46.62,213.75,3.18%,1186544
1845,ILPT,Industrial Logistics Properties Trust,Real Estate,REIT - Industrial,USA,647.99,6.98,10.02,4.16%,921681
1846,IMAB,I-Mab,Healthcare,Biotechnology,China,934.75,,10.7,0.00%,327778
1847,IMAX,IMAX Corporation,Communication Services,Entertainment,Canada,1053.21,,17.42,1.22%,671256
1848,IMCR,Immunocore Holdings plc,Healthcare,Biotechnology,United Kingdom,2017.8,,44.99,-3.00%,67923
1849,IMGN,"ImmunoGen, Inc.",Healthcare,Biotechnology,USA,1218.79,,5.25,-1.50%,2591029
1850,IMGO,"Imago BioSciences, Inc.",Healthcare,Biotechnology,USA,603.29,,16.8,-6.04%,60948
1851,IMKTA,"Ingles Markets, Incorporated",Consumer Defensive,Grocery Stores,USA,1793.02,8.45,95.07,0.13%,60649
1852,IMO,Imperial Oil Limited,Energy,Oil & Gas Integrated,Canada,38589.46,82.05,46.11,1.47%,731932
1853,IMOS,ChipMOS TECHNOLOGIES INC.,Technology,Semiconductors,Taiwan,888.48,4.98,24,0.50%,41075
1854,IMPX,AEA-Bridges Impact Corp.,Financial,Shell Companies,Cayman Islands,499,,9.98,0.10%,495226
1855,IMTX,Immatics N.V.,Healthcare,Biotechnology,Germany,706.16,47.66,11.2,-1.15%,259311
1856,IMVT,"Immunovant, Inc.",Healthcare,Biotechnology,USA,527.84,,4.29,1.18%,219696
1857,IMXI,"International Money Express, Inc.",Technology,Information Technology Services,USA,928.41,19.11,24.19,2.33%,506024
1858,INBK,First Internet Bancorp,Financial,Banks - Regional,USA,344.94,7.69,35.27,1.50%,38408
1859,INBX,"Inhibrx, Inc.",Healthcare,Biotechnology,USA,781.94,,19.17,-0.52%,264907
1860,INCY,Incyte Corporation,Healthcare,Biotechnology,USA,17881.89,18.76,78.82,-2.31%,1110263
1861,INDB,Independent Bank Corp.,Financial,Banks - Regional,USA,3920.08,23.98,84.14,0.75%,158440
1862,INDI,"indie Semiconductor, Inc.",Technology,Semiconductor Equipment & Materials,USA,1118.64,,7.02,0.29%,1004391
1863,INDT,"INDUS Realty Trust, Inc.",Real Estate,Real Estate Services,USA,626.28,48.98,61.28,0.71%,19138
1864,INFA,Informatica Inc.,Technology,Software - Infrastructure,USA,6378.74,,21.47,7.03%,1090324
1865,INFN,Infinera Corporation,Technology,Communication Equipment,USA,1388.58,,6.31,0.80%,2155311
1866,INFY,Infosys Limited,Technology,Information Technology Services,India,81529.97,29.15,19.15,2.35%,9641559
1867,ING,ING Groep N.V.,Financial,Banks - Diversified,Netherlands,36563.14,8.64,9.57,0.74%,4358940
1868,INGN,"Inogen, Inc.",Healthcare,Medical Devices,USA,620.46,,26.47,0.11%,131723
1869,INGR,Ingredion Incorporated,Consumer Defensive,Packaged Foods,USA,5911.76,12.32,89.64,0.45%,214207
1870,INMD,InMode Ltd.,Healthcare,Medical Devices,Israel,2893.11,16.97,33.35,13.90%,4756037
1871,INN,"Summit Hotel Properties, Inc.",Real Estate,REIT - Hotel & Motel,USA,858.95,,7.82,1.16%,404689
1872,INNV,InnovAge Holding Corp.,Healthcare,Medical Care Facilities,USA,634.52,49.35,4.59,0.00%,144746
1873,INO,"Inovio Pharmaceuticals, Inc.",Healthcare,Biotechnology,USA,523.81,,2.08,-2.35%,4948685
1874,INSM,Insmed Incorporated,Healthcare,Biotechnology,USA,2791.69,,22.53,-0.40%,723013
1875,INSP,"Inspire Medical Systems, Inc.",Healthcare,Medical Devices,USA,5852.6,,208.5,0.06%,175470
1876,INST,"Instructure Holdings, Inc.",Technology,Software - Application,USA,3451.77,,24.42,0.83%,288805
1877,INSW,"International Seaways, Inc.",Industrials,Marine Shipping,USA,1231.36,,23.68,-0.63%,329854
1878,INT,World Fuel Services Corporation,Energy,Oil & Gas Refining & Marketing,USA,1465.78,18.18,23.27,1.31%,321300
1879,INTA,"Intapp, Inc.",Technology,Software - Application,USA,975.4,,14.99,0.54%,23672
1880,INTC,Intel Corporation,Technology,Semiconductors,USA,168214.73,6.6,39.71,-1.17%,55408781
1881,INTR,Inter & Co. Inc.,Financial,Banks - Regional,Brazil,1366.08,,3.36,6.33%,436873
1882,INTU,Intuit Inc.,Technology,Software - Application,USA,126524.81,50.94,448.59,3.56%,1746201
1883,INVA,"Innoviva, Inc.",Healthcare,Biotechnology,USA,1010.9,6.68,14.24,-3.00%,881653
1884,INVE,"Identiv, Inc.",Technology,Computer Hardware,USA,305.84,,13.02,-1.14%,58702
1885,INVH,Invitation Homes Inc.,Real Estate,REIT - Residential,USA,23421.87,77.09,38.62,4.46%,4036826
1886,INVZ,Innoviz Technologies Ltd.,Consumer Cyclical,Auto Parts,Israel,530.06,,3.75,6.23%,796445
1887,IONQ,"IonQ, Inc.",Technology,Computer Hardware,USA,1129.79,,5.29,3.73%,2207841
1888,IONS,"Ionis Pharmaceuticals, Inc.",Healthcare,Biotechnology,USA,5659.4,,38.99,0.91%,569053
1889,IOSP,Innospec Inc.,Basic Materials,Specialty Chemicals,USA,2526.48,23.7,101.14,0.41%,63543
1890,IOT,Samsara Inc.,Technology,Software - Infrastructure,USA,7885.15,,14.69,5.61%,1575447
1891,IOVA,"Iovance Biotherapeutics, Inc.",Healthcare,Biotechnology,USA,1946.02,,11.65,-4.12%,2857445
1892,IP,International Paper Company,Consumer Cyclical,Packaging & Containers,USA,15974.19,13.74,43.02,0.94%,5153868
1893,IPAR,"Inter Parfums, Inc.",Consumer Defensive,Household & Personal Products,USA,2618.8,27.7,82.56,0.43%,76217
1894,IPG,"The Interpublic Group of Companies, Inc.",Communication Services,Advertising Agencies,USA,11611.64,12.05,29.84,1.08%,2529347
1895,IPGP,IPG Photonics Corporation,Technology,Semiconductor Equipment & Materials,USA,5599.44,20.24,105.61,3.27%,282988
1896,IPI,"Intrepid Potash, Inc.",Basic Materials,Agricultural Inputs,USA,626.9,2.14,44.21,0.48%,239007
1897,IPOD,Social Capital Hedosophia Holdings Corp. IV,Financial,Shell Companies,USA,571.6,24.41,9.96,-0.10%,199652
1898,IPOF,Social Capital Hedosophia Holdings Corp. VI,Financial,Shell Companies,USA,1430.36,27.59,9.96,-0.20%,905700
1899,IPSC,"Century Therapeutics, Inc.",Healthcare,Biotechnology,USA,670.45,,10.84,1.31%,53015
1900,IQ,"iQIYI, Inc.",Communication Services,Internet Content & Information,China,3441.14,,4.18,-1.42%,9961732
1901,IQI,Invesco Quality Municipal Income Trust,Financial,Closed-End Fund - Debt,USA,562.68,11.21,10.64,1.62%,147410
1902,IQV,IQVIA Holdings Inc.,Healthcare,Diagnostics & Research,USA,45455.52,39.42,236.01,4.83%,1315327
1903,IR,Ingersoll Rand Inc.,Industrials,Specialty Industrial Machinery,USA,19734.04,37.54,48.16,2.77%,2729178
1904,IRBT,iRobot Corporation,Technology,Consumer Electronics,USA,1265.36,,45.78,6.39%,477232
1905,IRDM,Iridium Communications Inc.,Communication Services,Telecom Services,USA,5699.37,,44.36,1.26%,544228
1906,IRM,Iron Mountain Incorporated,Real Estate,REIT - Specialty,USA,13914.72,31.29,48,2.02%,2493860
1907,IRMD,IRadimed Corporation,Healthcare,Medical Devices,USA,512.7,47.86,39.53,1.72%,15066
1908,IRS,IRSA Inversiones y Representaciones Sociedad Anonima,Real Estate,Real Estate - Development,Argentina,676.09,,3.96,5.04%,88033
1909,IRT,"Independence Realty Trust, Inc.",Real Estate,REIT - Residential,USA,4873.41,31.63,22.17,3.55%,2228109
1910,IRTC,"iRhythm Technologies, Inc.",Healthcare,Medical Instruments & Supplies,USA,4778.89,,157.98,2.86%,445475
1911,IRWD,"Ironwood Pharmaceuticals, Inc.",Healthcare,Drug Manufacturers - Specialty & Generic,USA,1880.27,3.89,12.38,0.16%,2410419
1912,IS,ironSource Ltd.,Technology,Software - Application,Israel,4346.67,66.1,3.9,0.78%,8218403
1913,ISD,"PGIM High Yield Bond Fund, Inc.",Financial,Closed-End Fund - Debt,USA,431.34,,12.97,0.78%,100820
1914,ISEE,"IVERIC bio, Inc.",Healthcare,Biotechnology,USA,1298.22,,10.67,-1.57%,1878522
1915,ISPO,Inspirato Incorporated,Consumer Cyclical,Leisure,USA,599.95,,4.82,-1.03%,71452
1916,ISRG,"Intuitive Surgical, Inc.",Healthcare,Medical Instruments & Supplies,USA,87791.93,58.89,230.54,2.31%,2210043
1917,IT,"Gartner, Inc.",Technology,Information Technology Services,USA,21601.98,28.01,264.99,1.59%,317394
1918,ITCB,Itau Corpbanca,Financial,Banks - Regional,Chile,2066.74,4.59,3.1,-0.64%,3455
1919,ITCI,"Intra-Cellular Therapies, Inc.",Healthcare,Biotechnology,USA,5126.1,,54.21,1.35%,500717
1920,ITGR,Integer Holdings Corporation,Healthcare,Medical Devices,USA,2372.98,28.12,70.02,-0.30%,238818
1921,ITOS,"iTeos Therapeutics, Inc.",Healthcare,Biotechnology,USA,953.65,3.28,25.39,-1.21%,201965
1922,ITRI,"Itron, Inc.",Technology,Scientific & Technical Instruments,USA,2601.46,,56.85,2.60%,533687
1923,ITRN,Ituran Location and Control Ltd.,Technology,Communication Equipment,Israel,525.71,14.9,25.01,1.75%,23026
1924,ITT,ITT Inc.,Industrials,Specialty Industrial Machinery,USA,6196.95,21.12,73.87,1.99%,298689
1925,ITUB,Itau Unibanco Holding S.A.,Financial,Banks - Regional,Brazil,42346.85,8.89,4.56,2.70%,37439096
1926,ITW,Illinois Tool Works Inc.,Industrials,Specialty Industrial Machinery,USA,63091.1,23.92,203.5,2.87%,1035154
1927,IVR,Invesco Mortgage Capital Inc.,Real Estate,REIT - Mortgage,USA,574.37,,17.4,4.44%,1512895
1928,IVT,InvenTrust Properties Corp.,Real Estate,REIT - Retail,USA,1923.21,455.97,28.27,2.91%,171160
1929,IVZ,Invesco Ltd.,Financial,Asset Management,USA,7881.18,6.06,17.25,3.48%,5416633
1930,IX,ORIX Corporation,Financial,Credit Services,Japan,21507.16,9.19,86.67,1.58%,31908
1931,J,Jacobs Engineering Group Inc.,Industrials,Engineering & Construction,USA,17393.65,47.02,135.75,2.38%,455189
1932,JACK,Jack in the Box Inc.,Consumer Cyclical,Restaurants,USA,1448.42,11.91,69.17,6.89%,546330
1933,JAMF,Jamf Holding Corp.,Technology,Software - Application,USA,3042.04,,24.6,0.24%,300984
1934,JANX,"Janux Therapeutics, Inc.",Healthcare,Biotechnology,USA,598.07,,13.32,-6.06%,64961
1935,JAZZ,Jazz Pharmaceuticals plc,Healthcare,Biotechnology,Ireland,9902.92,,157.74,-1.21%,314238
1936,JBGS,JBG SMITH Properties,Real Estate,REIT - Office,USA,3117.32,,25.16,2.11%,342974
1937,JBHT,"J.B. Hunt Transport Services, Inc.",Industrials,Integrated Freight & Logistics,USA,18601.79,20.22,179.45,4.61%,771964
1938,JBI,"Janus International Group, Inc.",Industrials,Building Products & Equipment,USA,1478.9,27.78,10,-0.40%,308254
1939,JBL,Jabil Inc.,Technology,Electronic Components,USA,8258.46,9.97,58.15,2.90%,854569
1940,JBLU,JetBlue Airways Corporation,Industrials,Airlines,USA,2762.02,,8.37,-0.36%,15241001
1941,JBSS,"John B. Sanfilippo & Son, Inc.",Consumer Defensive,Packaged Foods,USA,862.37,15.44,75.58,1.12%,38103
1942,JBT,John Bean Technologies Corporation,Industrials,Specialty Industrial Machinery,USA,3491.61,29.79,108.57,-7.47%,302768
1943,JCI,Johnson Controls International plc,Industrials,Engineering & Construction,Ireland,36717.12,30.61,52.8,2.11%,2579600
1944,JCIC,Jack Creek Investment Corp.,Financial,Shell Companies,USA,425.99,65.36,9.87,0.20%,27500
1945,JD,"JD.com, Inc.",Consumer Cyclical,Internet Retail,China,100460.48,,62.13,-1.88%,6041448
1946,JEF,Jefferies Financial Group Inc.,Financial,Financial Conglomerates,USA,7471.56,7.34,32.35,1.57%,1652394
1947,JELD,"JELD-WEN Holding, Inc.",Industrials,Building Products & Equipment,USA,1514.09,12.08,17.69,2.73%,1085256
1948,JFR,Nuveen Floating Rate Income Fund,Financial,Closed-End Fund - Debt,USA,495.76,5.5,8.71,1.52%,134543
1949,JGGC,Jaguar Global Growth Corporation I,Financial,Shell Companies,USA,304.55,,9.93,0.40%,1711
1950,JHG,Janus Henderson Group plc,Financial,Asset Management,United Kingdom,4258.73,7.97,25.33,2.88%,2906193
1951,JHX,James Hardie Industries plc,Basic Materials,Building Materials,Ireland,10868.4,23.97,24.66,3.01%,61294
1952,JJSF,J&J Snack Foods Corp.,Consumer Defensive,Packaged Foods,USA,2647.94,42.38,137.27,0.36%,80806
1953,JKHY,"Jack Henry & Associates, Inc.",Technology,Information Technology Services,USA,14957.47,42.35,206.31,1.75%,384869
1954,JKS,"JinkoSolar Holding Co., Ltd.",Technology,Solar,China,3275.65,42.39,65.33,2.70%,2319359
1955,JLL,Jones Lang LaSalle Incorporated,Real Estate,Real Estate Services,USA,9258.89,9.76,189.15,2.00%,267017
1956,JMIA,Jumia Technologies AG,Consumer Cyclical,Internet Retail,Germany,549.16,,5.57,3.15%,2257007
1957,JNJ,Johnson & Johnson,Healthcare,Drug Manufacturers - General,USA,456233.28,25.32,174.2,0.58%,5505908
1958,JNPR,"Juniper Networks, Inc.",Technology,Communication Equipment,USA,9245.88,27.34,28,1.05%,6100584
1959,JOAN,JOANN Inc.,Consumer Cyclical,Specialty Retail,USA,374.1,81.83,8.92,3.48%,104635
1960,JOBY,"Joby Aviation, Inc.",Industrials,Airports & Air Services,USA,3578.12,,5.58,2.95%,3254768
1961,JOE,The St. Joe Company,Real Estate,Real Estate - Diversified,USA,2502.6,29.24,42.11,-2.95%,215715
1962,JOUT,Johnson Outdoors Inc.,Consumer Cyclical,Leisure,USA,697.06,12.2,67.94,1.48%,18762
1963,JPC,Nuveen Preferred & Income Opportunities Fund,Financial,Closed-End Fund - Debt,USA,836.99,4.72,8.06,1.90%,263785
1964,JPI,Nuveen Preferred and Income Term Fund,Financial,Closed-End Fund - Debt,USA,461.02,,20.25,1.45%,39456
1965,JPM,JPMorgan Chase & Co.,Financial,Banks - Diversified,USA,338847.93,9.21,114.81,-0.37%,10357554
1966,JPS,Nuveen Preferred Securities Income Fund,Financial,Closed-End Fund - Debt,USA,1574.61,5.33,7.69,1.85%,405429
1967,JQC,Nuveen Credit Strategies Income Fund,Financial,Closed-End Fund - Debt,USA,735,6.1,5.42,0.93%,328273
1968,JRI,Nuveen Real Asset Income and Growth Fund,Financial,Closed-End Fund - Equity,USA,376.66,,13.72,2.08%,68812
1969,JRO,Nuveen Floating Rate Income Opportunity Fund,Financial,Closed-End Fund - Debt,USA,345.41,5.41,8.52,1.07%,126087
1970,JRVR,"James River Group Holdings, Ltd.",Financial,Insurance - Specialty,Bermuda,854.18,,22.39,0.45%,405157
1971,JUN,Juniper II Corp.,Financial,Shell Companies,USA,372.3,,9.96,0.10%,10275
1972,JWN,"Nordstrom, Inc.",Consumer Cyclical,Department Stores,USA,3792.34,10.5,22.71,1.16%,3835125
1973,JWSM,Jaws Mustang Acquisition Corporation,Financial,Shell Companies,USA,1279.47,65.07,9.89,0.05%,111839
1974,JXN,Jackson Financial Inc.,Financial,Asset Management,USA,2346.86,1.07,27.05,1.01%,890193
1975,K,Kellogg Company,Consumer Defensive,Packaged Foods,USA,24439.54,16.32,73.26,1.45%,1846553
1976,KAHC,KKR Acquisition Holdings I Corp.,Financial,Shell Companies,USA,1697.35,61.44,9.83,0.15%,880935
1977,KAI,Kadant Inc.,Industrials,Specialty Industrial Machinery,USA,2368.73,21.56,200.91,0.76%,35254
1978,KAIR,Kairos Acquisition Corp.,Financial,Shell Companies,USA,341.55,58.58,9.9,0.10%,33155
1979,KALU,Kaiser Aluminum Corporation,Basic Materials,Aluminum,USA,1223.91,,75.55,1.61%,152692
1980,KALV,"KalVista Pharmaceuticals, Inc.",Healthcare,Biotechnology,USA,319.47,,12.83,-1.99%,73278
1981,KAMN,Kaman Corporation,Industrials,Aerospace & Defense,USA,867.27,21.38,30.42,1.47%,93259
1982,KAR,"KAR Auction Services, Inc.",Consumer Cyclical,Specialty Retail,USA,2074.51,,17,2.53%,1161770
1983,KARO,Karooooo Ltd.,Technology,Software - Application,Singapore,810.66,16.16,25.85,-4.19%,11601
1984,KB,KB Financial Group Inc.,Financial,Banks - Regional,South Korea,15455.17,4.21,36.55,0.41%,590321
1985,KBAL,"Kimball International, Inc.",Consumer Cyclical,"Furnishings, Fixtures & Appliances",USA,304.9,,8.17,1.11%,118039
1986,KBH,KB Home,Consumer Cyclical,Residential Construction,USA,2817.72,4.47,32.62,0.43%,1557522
1987,KBR,"KBR, Inc.",Industrials,Engineering & Construction,USA,7297.22,,52.4,2.24%,891464
1988,KC,Kingsoft Cloud Holdings Limited,Technology,Software - Application,China,922.25,,3.5,0.86%,1337414
1989,KCGI,Kensington Capital Acquisition Corp. V,Financial,Shell Companies,USA,343.13,,9.94,-0.05%,6740
1990,KD,"Kyndryl Holdings, Inc.",Technology,Information Technology Services,USA,2399.67,,10.39,0.87%,1465625
1991,KDNY,"Chinook Therapeutics, Inc.",Healthcare,Biotechnology,USA,1178.71,,18.68,-3.11%,460948
1992,KDP,Keurig Dr Pepper Inc.,Consumer Defensive,Beverages - Non-Alcoholic,USA,54389.33,22.81,38.5,3.75%,9047610
1993,KE,"Kimball Electronics, Inc.",Industrials,Electrical Equipment & Parts,USA,552.92,12.12,21.82,3.61%,71329
1994,KELYA,"Kelly Services, Inc.",Industrials,Staffing & Employment Services,USA,831.83,10.54,21.5,0.66%,163959
1995,KEN,Kenon Holdings Ltd.,Utilities,Utilities - Regulated Electric,Singapore,2403.57,1.67,42.99,4.32%,21022
1996,KEP,Korea Electric Power Corporation,Utilities,Utilities - Regulated Electric,South Korea,11184.97,,8.72,1.75%,212544
1997,KEX,Kirby Corporation,Industrials,Marine Shipping,USA,3827.12,,62.75,-5.43%,571438
1998,KEY,KeyCorp,Financial,Banks - Regional,USA,16904.17,7.86,17.91,-0.61%,9106260
1999,KEYS,"Keysight Technologies, Inc.",Technology,Scientific & Technical Instruments,USA,29210.21,28.82,159.34,2.40%,560884
2000,KFRC,Kforce Inc.,Industrials,Staffing & Employment Services,USA,1444.23,16.96,65.35,2.77%,67330
2001,KFY,Korn Ferry,Industrials,Staffing & Employment Services,USA,3512.37,10.83,64.78,1.00%,206338
2002,KGC,Kinross Gold Corporation,Basic Materials,Gold,Canada,4397.38,27.85,3.37,4.33%,34629229
2003,KHC,The Kraft Heinz Company,Consumer Defensive,Packaged Foods,USA,45079.11,46.6,37.19,2.34%,10650598
2004,KIDS,OrthoPediatrics Corp.,Healthcare,Medical Devices,USA,978.24,,48,-1.23%,87103
2005,KIM,Kimco Realty Corporation,Real Estate,REIT - Retail,USA,13484.34,13.86,21.86,1.67%,4022583
2006,KIND,"Nextdoor Holdings, Inc.",Communication Services,Internet Content & Information,USA,1364.09,,3.25,-0.31%,1284995
2007,KINZ,KINS Technology Group Inc.,Financial,Shell Companies,USA,343.6,30.86,10,0.00%,0
2008,KKR,KKR & Co. Inc.,Financial,Asset Management,USA,49185.26,12.41,55.44,5.34%,3366320
2009,KLAC,KLA Corporation,Technology,Semiconductor Equipment & Materials,USA,56229.56,17.95,369.98,2.45%,1309520
2010,KLIC,"Kulicke and Soffa Industries, Inc.",Technology,Semiconductor Equipment & Materials,Singapore,2889.63,6.01,47.17,-1.32%,694317
2011,KLTR,"Kaltura, Inc.",Technology,Software - Infrastructure,USA,311.07,,2.36,-0.84%,242252
2012,KMB,Kimberly-Clark Corporation,Consumer Defensive,Household & Personal Products,USA,44271.64,25.73,133.26,0.92%,1080990
2013,KMF,"Kayne Anderson NextGen Energy & Infrastructure, Inc.",Financial,Closed-End Fund - Equity,USA,392.68,,8.32,1.71%,62729
2014,KMI,"Kinder Morgan, Inc.",Energy,Oil & Gas Midstream,USA,40928.43,23.16,18.04,-0.11%,14644784
2015,KMPR,Kemper Corporation,Financial,Insurance - Property & Casualty,USA,3040.99,,47.36,-0.46%,213280
2016,KMT,Kennametal Inc.,Industrials,Tools & Accessories,USA,2182.22,15.96,26.1,2.51%,603614
2017,KMX,"CarMax, Inc.",Consumer Cyclical,Auto & Truck Dealerships,USA,15869.82,16.63,97.98,3.83%,1433443
2018,KN,Knowles Corporation,Technology,Communication Equipment,USA,1825.94,11.88,19.6,0.51%,411315
2019,KNBE,"KnowBe4, Inc.",Technology,Software - Infrastructure,USA,2657.22,,14.48,-1.63%,564448
2020,KNOP,KNOT Offshore Partners LP,Industrials,Marine Shipping,United Kingdom,605.23,14.97,17.64,0.40%,86610
2021,KNSA,"Kiniksa Pharmaceuticals, Ltd.",Healthcare,Biotechnology,Bermuda,757.04,,10.29,-3.56%,132235
2022,KNSL,"Kinsale Capital Group, Inc.",Financial,Insurance - Property & Casualty,USA,5498.27,35.76,236.18,0.14%,129358
2023,KNTE,Kinnate Biopharma Inc.,Healthcare,Biotechnology,USA,551.64,,11.67,-3.07%,68654
2024,KNTK,Kinetik Holdings Inc.,Energy,Oil & Gas Midstream,USA,5464.56,,39.37,2.10%,347378
2025,KNX,Knight-Swift Transportation Holdings Inc.,Industrials,Trucking,USA,8870.05,9.98,53.28,3.42%,1756265
2026,KO,The Coca-Cola Company,Consumer Defensive,Beverages - Non-Alcoholic,USA,276664.88,27.02,64.06,1.67%,10827643
2027,KOD,Kodiak Sciences Inc.,Healthcare,Biotechnology,USA,533.17,,9.89,1.02%,563467
2028,KODK,Eastman Kodak Company,Industrials,Specialty Business Services,USA,453,5450,5.45,2.64%,588626
2029,KOF,"Coca-Cola FEMSA, S.A.B. de C.V.",Consumer Defensive,Beverages - Non-Alcoholic,Mexico,12723.66,16.98,60.56,-0.51%,185845
2030,KOP,Koppers Holdings Inc.,Basic Materials,Specialty Chemicals,USA,488.25,6.48,23.25,0.87%,68166
2031,KOS,Kosmos Energy Ltd.,Energy,Oil & Gas E&P,USA,2857.37,396.67,5.95,-1.00%,4606156
2032,KPTI,Karyopharm Therapeutics Inc.,Healthcare,Biotechnology,USA,381.24,,4.46,-3.25%,2208090
2033,KR,The Kroger Co.,Consumer Defensive,Grocery Stores,USA,32972.93,15.9,46.04,0.22%,3624893
2034,KRC,Kilroy Realty Corporation,Real Estate,REIT - Office,USA,6350.98,34.82,54.18,-0.68%,999006
2035,KREF,KKR Real Estate Finance Trust Inc.,Real Estate,REIT - Mortgage,USA,1320.71,9.23,19.54,1.56%,458298
2036,KRG,Kite Realty Group Trust,Real Estate,REIT - Retail,USA,4346.48,,19.79,3.56%,1436827
2037,KRNL,"Kernel Group Holdings, Inc.",Financial,Shell Companies,USA,375.48,13.35,9.85,0.05%,263974
2038,KRNT,Kornit Digital Ltd.,Industrials,Specialty Industrial Machinery,Israel,1370.82,238.21,26.68,2.10%,528516
2039,KRNY,Kearny Financial Corp.,Financial,Banks - Regional,USA,814.15,11.36,11.54,-2.29%,196899
2040,KRO,"Kronos Worldwide, Inc.",Basic Materials,Specialty Chemicals,USA,2028.86,13.26,17.32,0.06%,244391
2041,KROS,"Keros Therapeutics, Inc.",Healthcare,Biotechnology,USA,847.1,,33.39,-1.33%,129075
2042,KRP,"Kimbell Royalty Partners, LP",Energy,Oil & Gas E&P,USA,1137.19,42.79,17.33,-0.35%,244890
2043,KRT,Karat Packaging Inc.,Consumer Cyclical,Packaging & Containers,USA,395.73,14.16,18.57,0.92%,2705
2044,KRTX,"Karuna Therapeutics, Inc.",Healthcare,Biotechnology,USA,3892.47,,127.58,-3.80%,206454
2045,KRUS,"Kura Sushi USA, Inc.",Consumer Cyclical,Restaurants,USA,796.39,,79.48,7.41%,105381
2046,KRYS,"Krystal Biotech, Inc.",Healthcare,Biotechnology,USA,1911.3,,73.23,-1.39%,66453
2047,KSS,Kohl's Corporation,Consumer Cyclical,Department Stores,USA,3687.47,4.33,28.11,3.92%,3805958
2048,KT,KT Corporation,Communication Services,Telecom Services,South Korea,7638.27,6.05,14.42,0.28%,707059
2049,KTB,"Kontoor Brands, Inc.",Consumer Cyclical,Apparel Manufacturing,USA,1992.34,10.06,36.33,3.68%,282614
2050,KTF,DWS Municipal Income Trust,Financial,Closed-End Fund - Debt,USA,377.23,7.52,9.55,1.17%,74814
2051,KTOS,"Kratos Defense & Security Solutions, Inc.",Industrials,Aerospace & Defense,USA,1798.32,,14.12,1.15%,678392
2052,KURA,"Kura Oncology, Inc.",Healthcare,Biotechnology,USA,1067.7,,15.86,-2.52%,542085
2053,KVSA,Khosla Ventures Acquisition Co.,Financial,Shell Companies,USA,446.75,,9.81,0.20%,15684
2054,KVSC,Khosla Ventures Acquisition Co. III,Financial,Shell Companies,USA,665.71,26.73,9.81,0.10%,7213
2055,KW,"Kennedy-Wilson Holdings, Inc.",Real Estate,Real Estate Services,USA,2892.72,8.27,20.72,3.08%,395775
2056,KWR,Quaker Chemical Corporation,Basic Materials,Specialty Chemicals,USA,2865.23,27.53,157.43,1.54%,47872
2057,KYMR,"Kymera Therapeutics, Inc.",Healthcare,Biotechnology,USA,1209.2,,22.31,-2.41%,546941
2058,KYN,"Kayne Anderson Energy Infrastructure Fund, Inc.",Financial,Closed-End Fund - Equity,USA,1148.15,2.73,9.08,1.57%,461558
2059,KZR,"Kezar Life Sciences, Inc.",Healthcare,Biotechnology,USA,621.51,,9.82,-1.21%,591010
2060,L,Loews Corporation,Financial,Insurance - Property & Casualty,USA,14297.58,8.97,57.74,-0.47%,575642
2061,LAC,Lithium Americas Corp.,Basic Materials,Other Industrial Metals & Mining,Canada,4534.73,,24.96,4.26%,2671802
2062,LAD,"Lithia Motors, Inc.",Consumer Cyclical,Auto & Truck Dealerships,USA,7706.34,6.05,259.56,1.51%,213129
2063,LADR,Ladder Capital Corp,Real Estate,REIT - Mortgage,USA,1511.78,19.6,11.82,2.16%,856005
2064,LAMR,Lamar Advertising Company,Real Estate,REIT - Specialty,USA,10361.2,22.92,99.79,2.09%,433068
2065,LANC,Lancaster Colony Corporation,Consumer Defensive,Packaged Foods,USA,3646.98,39.76,133.15,1.73%,154986
2066,LAND,Gladstone Land Corporation,Real Estate,REIT - Industrial,USA,914.47,,26.15,4.52%,410034
2067,LASR,"nLIGHT, Inc.",Technology,Semiconductors,USA,554.43,,12.25,4.79%,136621
2068,LAUR,"Laureate Education, Inc.",Consumer Defensive,Education & Training Services,USA,2082.65,,11.95,1.36%,716266
2069,LAW,"CS Disco, Inc.",Technology,Software - Application,USA,1483.28,,24.34,0.70%,279059
2070,LAZ,Lazard Ltd,Financial,Capital Markets,Bermuda,4140.16,7.41,36.59,5.72%,856511
2071,LAZR,"Luminar Technologies, Inc.",Consumer Cyclical,Auto Parts,USA,2704.14,,6.78,7.11%,6208752
2072,LBAI,"Lakeland Bancorp, Inc.",Financial,Banks - Regional,USA,1009.01,9.4,15.4,0.00%,139360
2073,LBC,Luther Burbank Corporation,Financial,Banks - Regional,USA,684.61,7.49,13.4,0.07%,33076
2074,LBRDA,Liberty Broadband Corporation,Communication Services,Entertainment,USA,17846.76,19.5,108.3,-10.31%,424871
2075,LBRDK,Liberty Broadband Corporation,Communication Services,Entertainment,USA,16334.75,33.91,109.68,-9.73%,2231296
2076,LBRT,Liberty Energy Inc.,Energy,Oil & Gas Equipment & Services,USA,2656.58,,14.03,-2.91%,4731083
2077,LBTYA,Liberty Global plc,Communication Services,Entertainment,United Kingdom,10738.37,0.91,20.88,-2.61%,1670498
2078,LBTYK,Liberty Global plc,Communication Services,Entertainment,United Kingdom,7771.93,1.08,22.01,-2.05%,3564936
2079,LC,LendingClub Corporation,Financial,Credit Services,USA,1422.37,14.14,13.87,-8.81%,6268193
2080,LCA,"Landcadia Holdings IV, Inc.",Financial,Shell Companies,USA,611.87,30.12,9.79,0.00%,17892
2081,LCID,"Lucid Group, Inc.",Consumer Cyclical,Auto Manufacturers,USA,33203.91,,18.24,-1.03%,16713362
2082,LCII,LCI Industries,Consumer Cyclical,Recreational Vehicles,USA,3417.24,8.34,134.22,3.45%,133834
2083,LDI,"loanDepot, Inc.",Financial,Mortgage Finance,USA,568.31,6.41,1.77,5.99%,721960
2084,LDOS,"Leidos Holdings, Inc.",Technology,Information Technology Services,USA,14388.79,20.83,105.87,2.54%,655626
2085,LDP,"Cohen & Steers Limited Duration Preferred and Income Fund, Inc.",Financial,Closed-End Fund - Debt,USA,610.06,,21.06,1.69%,45915
2086,LE,"Lands' End, Inc.",Consumer Cyclical,Specialty Retail,USA,436.77,15.17,12.76,0.87%,75273
2087,LEA,Lear Corporation,Consumer Cyclical,Auto Parts,USA,9079.21,41.38,150.02,3.51%,458355
2088,LEAP,"Ribbit LEAP, Ltd.",Financial,Shell Companies,USA,591.52,4.41,9.96,-0.10%,18657
2089,LECO,"Lincoln Electric Holdings, Inc.",Industrials,Tools & Accessories,USA,7989.93,24.84,136.58,2.15%,382288
2090,LEG,"Leggett & Platt, Incorporated",Consumer Cyclical,"Furnishings, Fixtures & Appliances",USA,5345.99,13.54,40.12,3.83%,2018116
2091,LEGA,"Lead Edge Growth Opportunities, Ltd",Financial,Shell Companies,USA,329.4,31.21,9.83,0.10%,4556
2092,LEGH,Legacy Housing Corporation,Consumer Cyclical,Residential Construction,USA,329.44,6.82,13.12,0.38%,23445
2093,LEGN,Legend Biotech Corporation,Healthcare,Biotechnology,USA,7528.23,,48.91,1.45%,687669
2094,LEN,Lennar Corporation,Consumer Cyclical,Residential Construction,USA,23919.05,5.82,85.2,1.94%,3177028
2095,LEN-B,Lennar Corporation,Consumer Cyclical,Residential Construction,USA,2562.38,4.77,68.11,1.95%,130807
2096,LEO,"BNY Mellon Strategic Municipals, Inc.",Financial,Closed-End Fund - Debt,USA,429.71,9.11,6.9,1.32%,190071
2097,LESL,"Leslie's, Inc.",Consumer Cyclical,Home Improvement Retail,USA,2947.24,21.05,15.3,-0.39%,3921904
2098,LEU,Centrus Energy Corp.,Energy,Uranium,USA,513.74,3.35,32.25,4.57%,123113
2099,LEV,The Lion Electric Company,Industrials,Farm & Heavy Construction Machinery,Canada,1026.14,,5.04,7.69%,781312
2100,LEVI,Levi Strauss & Co.,Consumer Cyclical,Apparel Manufacturing,USA,7341.99,12.9,18.7,2.41%,972526
2101,LFAC,LF Capital Acquisition Corp. II,Financial,Shell Companies,USA,324.33,,10.06,-0.20%,6477
2102,LFC,China Life Insurance Company Limited,Financial,Insurance - Life,China,98542.86,5.63,7.49,-1.06%,495376
2103,LFG,Archaea Energy Inc.,Utilities,Utilities - Renewable,USA,1917.08,,15.36,5.28%,1757296
2104,LFST,"LifeStance Health Group, Inc.",Healthcare,Medical Care Facilities,USA,2404.25,,5.91,0.85%,180156
2105,LFUS,"Littelfuse, Inc.",Technology,Electronic Components,USA,6831.8,19.94,274.59,2.47%,54414
2106,LGAC,Lazard Growth Acquisition Corp. I,Financial,Shell Companies,USA,709.36,186.23,9.87,0.20%,893468
2107,LGF-A,Lions Gate Entertainment Corp.,Communication Services,Entertainment,USA,2002.29,,9.15,-0.76%,288763
2108,LGF-B,Lions Gate Entertainment Corp.,Communication Services,Entertainment,USA,1236.09,,8.72,-0.68%,289125
2109,LGIH,"LGI Homes, Inc.",Consumer Cyclical,Residential Construction,USA,2624.06,6.76,111.9,3.19%,287716
2110,LGND,Ligand Pharmaceuticals Incorporated,Healthcare,Biotechnology,USA,1651.82,69.5,93.96,-1.87%,72166
2111,LGO,Largo Inc.,Basic Materials,Other Industrial Metals & Mining,Canada,634.08,22.64,7.29,1.11%,45520
2112,LGTO,Legato Merger Corp. II,Financial,Shell Companies,USA,357.3,,9.95,-0.20%,791300
2113,LGV,Longview Acquisition Corp. II,Financial,Shell Companies,USA,846.97,36.51,9.82,0.05%,1952997
2114,LGVC,LAMF Global Ventures Corp. I,Financial,Shell Companies,USA,349.17,,10.01,0.05%,10500
2115,LH,Laboratory Corporation of America Holdings,Healthcare,Diagnostics & Research,USA,23655.58,11.59,252.38,1.17%,971016
2116,LHC,Leo Holdings Corp. II,Financial,Shell Companies,Bahamas,464.09,84.7,9.91,0.41%,56761
2117,LHCG,"LHC Group, Inc.",Healthcare,Medical Care Facilities,USA,5021.85,50.81,163.1,-0.14%,164726
2118,LHX,"L3Harris Technologies, Inc.",Industrials,Aerospace & Defense,USA,44499.04,24.97,231.79,3.52%,1253944
2119,LI,Li Auto Inc.,Consumer Cyclical,Auto Manufacturers,China,35120.83,16465,32.93,-2.23%,8221441
2120,LICY,Li-Cycle Holdings Corp.,Industrials,Waste Management,Canada,1358.24,,7.14,14.61%,2038300
2121,LIDR,"AEye, Inc.",Consumer Cyclical,Auto Parts,USA,371.87,,2.22,3.74%,532552
2122,LII,Lennox International Inc.,Industrials,Specialty Industrial Machinery,USA,8338.96,18.8,234.57,3.31%,554241
2123,LILA,Liberty Latin America Ltd.,Communication Services,Telecom Services,Bermuda,1667.68,,7.22,0.70%,155403
2124,LILAK,Liberty Latin America Ltd.,Communication Services,Telecom Services,Bermuda,1306.18,11.78,7.14,0.56%,1298441
2125,LILM,Lilium N.V.,Industrials,Aerospace & Defense,Germany,916.04,,2.89,4.33%,1371340
2126,LIN,Linde plc,Basic Materials,Specialty Chemicals,United Kingdom,150053.57,38.25,296.93,2.23%,1941161
2127,LIND,"Lindblad Expeditions Holdings, Inc.",Consumer Cyclical,Travel Services,USA,431.77,,7.68,7.87%,577796
2128,LITE,Lumentum Holdings Inc.,Technology,Communication Equipment,USA,6182.84,35.85,88.15,1.25%,330557
2129,LIVN,LivaNova PLC,Healthcare,Medical Devices,United Kingdom,3462.58,,64.11,0.14%,186664
2130,LKFN,Lakeland Financial Corporation,Financial,Banks - Regional,USA,1921.38,20.38,76.61,2.23%,154337
2131,LKQ,LKQ Corporation,Consumer Cyclical,Auto Parts,USA,15399.18,14.55,54.15,0.89%,1666361
2132,LLAP,Terran Orbital Corporation,Industrials,Aerospace & Defense,USA,603.56,,4.38,-0.23%,160531
2133,LLY,Eli Lilly and Company,Healthcare,Drug Manufacturers - General,USA,312562.98,49.09,330.8,0.57%,2349147
2134,LMACA,Liberty Media Acquisition Corporation,Financial,Shell Companies,USA,709.43,11.87,9.86,-0.10%,33287
2135,LMAT,"LeMaitre Vascular, Inc.",Healthcare,Medical Instruments & Supplies,USA,1078.65,39.25,48.83,1.54%,78387
2136,LMND,"Lemonade, Inc.",Financial,Insurance - Property & Casualty,USA,1329.48,,19.84,1.12%,872892
2137,LMT,Lockheed Martin Corporation,Industrials,Aerospace & Defense,USA,107797.99,23.49,406.08,1.89%,1013559
2138,LNC,Lincoln National Corporation,Financial,Insurance - Life,USA,8819.97,7.06,50.42,0.20%,1274890
2139,LND,Brasilagro - Cia Bras de Prop Agricolas ADR,Consumer Defensive,Farm Products,Brazil,467.19,5.98,4.71,2.39%,93427
2140,LNDC,Landec Corporation,Consumer Defensive,Packaged Foods,USA,313.53,,10.43,1.26%,13585
2141,LNG,"Cheniere Energy, Inc.",Energy,Oil & Gas Midstream,USA,37988.1,,146.08,-0.25%,1967869
2142,LNN,Lindsay Corporation,Industrials,Farm & Heavy Construction Machinery,USA,1664.94,30.82,150.13,2.45%,53926
2143,LNT,Alliant Energy Corporation,Utilities,Utilities - Regulated Electric,USA,14825.61,22.14,60.03,2.25%,1096008
2144,LNTH,"Lantheus Holdings, Inc.",Healthcare,Diagnostics & Research,USA,5444.83,,75.77,2.20%,2012018
2145,LNW,"Light & Wonder, Inc.",Consumer Cyclical,Gambling,USA,4996.18,170.23,51.07,1.67%,292090
2146,LOB,"Live Oak Bancshares, Inc.",Financial,Banks - Regional,USA,1623.48,10.39,37.27,2.11%,607620
2147,LOCL,Local Bounti Corporation,Consumer Defensive,Farm Products,USA,389.37,,3.92,3.43%,128588
2148,LOCO,"El Pollo Loco Holdings, Inc.",Consumer Cyclical,Restaurants,USA,364.71,13.06,9.77,0.93%,106977
2149,LOGI,Logitech International S.A.,Technology,Computer Hardware,Switzerland,9933.09,14.66,55.39,1.60%,678679
2150,LOMA,Loma Negra Compania Industrial Argentina Sociedad Anonima,Basic Materials,Building Materials,Argentina,1706.04,14.66,5.54,7.78%,425650
2151,LOPE,"Grand Canyon Education, Inc.",Consumer Defensive,Education & Training Services,USA,3107.29,16.14,96.38,-0.59%,141334
2152,LOVE,The Lovesac Company,Consumer Cyclical,"Furnishings, Fixtures & Appliances",USA,482.1,10.41,29.45,-0.81%,339575
2153,LOW,"Lowe's Companies, Inc.",Consumer Cyclical,Home Improvement Retail,USA,120686.73,15.55,190.8,0.46%,6027640
2154,LPG,Dorian LPG Ltd.,Energy,Oil & Gas Midstream,USA,661.73,8.89,15.93,-2.98%,574839
2155,LPI,"Laredo Petroleum, Inc.",Energy,Oil & Gas E&P,USA,1509.81,15.91,84.3,-0.07%,453464
2156,LPL,"LG Display Co., Ltd.",Technology,Consumer Electronics,South Korea,4338.38,6.02,6.01,3.09%,232295
2157,LPLA,LPL Financial Holdings Inc.,Financial,Capital Markets,USA,16437.86,35.84,203.59,3.28%,686403
2158,LPRO,Open Lending Corporation,Financial,Credit Services,USA,1305.25,8.26,10.23,0.10%,565934
2159,LPSN,"LivePerson, Inc.",Technology,Software - Application,USA,1135.46,,13.8,0.22%,1010852
2160,LPX,Louisiana-Pacific Corporation,Industrials,Building Products & Equipment,USA,5166.8,3.8,62.91,2.19%,1061367
2161,LQDA,Liquidia Corporation,Healthcare,Biotechnology,USA,318.72,,5.12,-4.66%,769544
2162,LQDT,"Liquidity Services, Inc.",Consumer Cyclical,Internet Retail,USA,709.23,12.1,19.69,1.97%,157390
2163,LRCX,Lam Research Corporation,Technology,Semiconductor Equipment & Materials,USA,69026.36,15.16,484.94,3.69%,2374509
2164,LRN,"Stride, Inc.",Consumer Defensive,Education & Training Services,USA,1951.86,20.77,44.08,1.80%,453658
2165,LSAK,"Lesaka Technologies, Inc.",Technology,Software - Infrastructure,South Africa,330.32,,5.56,-3.30%,75831
2166,LSCC,Lattice Semiconductor Corporation,Technology,Semiconductors,USA,8576.57,75.27,60.14,1.69%,1065548
2167,LSEA,Landsea Homes Corporation,Real Estate,Real Estate - Development,USA,303.45,4.66,7.36,3.81%,63951
2168,LSI,"Life Storage, Inc.",Real Estate,REIT - Industrial,USA,10472.33,36.6,124.73,4.22%,953285
2169,LSPD,Lightspeed Commerce Inc.,Technology,Software - Application,Canada,4229.89,,20.84,7.70%,1144520
2170,LSTR,"Landstar System, Inc.",Industrials,Integrated Freight & Logistics,USA,5775.04,12.96,154.91,4.45%,277897
2171,LSXMA,The Liberty SiriusXM Group,Communication Services,Broadcasting,USA,29285.99,15.13,39.84,1.04%,414543
2172,LSXMK,The Liberty SiriusXM Group,Communication Services,Broadcasting,USA,8908.33,,39.75,1.12%,701622
2173,LTC,"LTC Properties, Inc.",Real Estate,REIT - Healthcare Facilities,USA,1599.04,28.68,40.98,1.89%,233250
2174,LTH,"Life Time Group Holdings, Inc.",Consumer Cyclical,Leisure,USA,2913.77,,14.59,1.96%,207655
2175,LTHM,Livent Corporation,Basic Materials,Specialty Chemicals,USA,4407.44,93.27,24.25,-0.78%,4228956
2176,LU,Lufax Holding Ltd,Financial,Credit Services,China,11118.7,4.71,4.7,-2.49%,4918267
2177,LULU,Lululemon Athletica Inc.,Consumer Cyclical,Apparel Retail,Canada,39148.03,38.61,303.85,2.80%,804061
2178,LUMN,"Lumen Technologies, Inc.",Communication Services,Telecom Services,USA,11122.84,5.27,10.87,-0.91%,10488150
2179,LUNG,Pulmonx Corporation,Healthcare,Medical Devices,USA,668.97,,17.14,3.82%,329348
2180,LUV,Southwest Airlines Co.,Industrials,Airlines,USA,22986.52,40.46,38.15,-6.43%,16557408
2181,LVLU,"Lulu's Fashion Lounge Holdings, Inc.",Consumer Cyclical,Apparel Retail,USA,310.46,44.03,5.9,-23.58%,337127
2182,LVRA,Levere Holdings Corp.,Financial,Shell Companies,Cayman Islands,331.66,29.88,9.83,0.00%,308
2183,LVS,Las Vegas Sands Corp.,Consumer Cyclical,Resorts & Casinos,USA,29833.74,,38.52,-1.15%,4263776
2184,LW,"Lamb Weston Holdings, Inc.",Consumer Defensive,Packaged Foods,USA,11611.33,50,80.15,3.90%,2890431
2185,LWLG,"Lightwave Logic, Inc.",Basic Materials,Specialty Chemicals,USA,1308.28,,10.37,5.92%,576153
2186,LX,LexinFintech Holdings Ltd.,Financial,Credit Services,China,361.98,1.64,1.99,-1.97%,1063335
2187,LXFR,Luxfer Holdings PLC,Industrials,Specialty Industrial Machinery,USA,467.65,15.32,15.95,0.38%,108901
2188,LXP,LXP Industrial Trust,Real Estate,REIT - Diversified,USA,3081.05,9.58,10.84,1.50%,810708
2189,LXRX,"Lexicon Pharmaceuticals, Inc.",Healthcare,Biotechnology,USA,370.68,,2.4,-26.61%,7130536
2190,LXU,"LSB Industries, Inc.",Basic Materials,Chemicals,USA,1248.76,,13.35,3.33%,1089343
2191,LYB,LyondellBasell Industries N.V.,Basic Materials,Specialty Chemicals,USA,29087.53,5.03,88.56,0.18%,3231842
2192,LYEL,"Lyell Immunopharma, Inc.",Healthcare,Biotechnology,USA,1451.08,,5.63,-3.43%,607927
2193,LYFT,"Lyft, Inc.",Technology,Software - Application,USA,5054.68,,13.88,4.28%,11790644
2194,LYG,Lloyds Banking Group plc,Financial,Banks - Regional,United Kingdom,37765.25,6.09,2.18,-1.80%,14019214
2195,LYV,"Live Nation Entertainment, Inc.",Communication Services,Entertainment,USA,21223.17,,93.08,-0.28%,1111186
2196,LZ,"LegalZoom.com, Inc.",Industrials,Specialty Business Services,USA,2103.57,,10.3,0.19%,2686185
2197,LZB,La-Z-Boy Incorporated,Consumer Cyclical,"Furnishings, Fixtures & Appliances",USA,1190.32,8.07,27.49,1.85%,325891
2198,M,"Macy's, Inc.",Consumer Cyclical,Department Stores,USA,4799.45,3.31,17.45,0.00%,9218132
2199,MA,Mastercard Incorporated,Financial,Credit Services,USA,345838.05,36.67,352.45,2.67%,3626156
2200,MAA,"Mid-America Apartment Communities, Inc.",Real Estate,REIT - Residential,USA,21035.58,35.75,183.99,4.54%,876512
2201,MAC,The Macerich Company,Real Estate,REIT - Retail,USA,2319.14,39.09,10.71,2.68%,2442884
2202,MAG,MAG Silver Corp.,Basic Materials,Silver,Canada,1764.67,328.1,13.78,10.68%,1046247
2203,MAIN,Main Street Capital Corporation,Financial,Asset Management,USA,3301.43,9.2,44.62,1.62%,271035
2204,MAN,ManpowerGroup Inc.,Industrials,Staffing & Employment Services,USA,4314.29,10.09,78.2,1.85%,322304
2205,MANH,"Manhattan Associates, Inc.",Technology,Software - Application,USA,8923.48,75.33,139.06,1.18%,599276
2206,MANT,ManTech International Corporation,Technology,Software - Application,USA,3928.21,28.88,95.81,0.02%,148543
2207,MANU,Manchester United plc,Consumer Cyclical,Leisure,United Kingdom,1841.98,,11.15,-1.06%,309508
2208,MAPS,"WM Technology, Inc.",Technology,Software - Application,USA,507.52,4.76,3.31,0.30%,645634
2209,MAR,"Marriott International, Inc.",Consumer Cyclical,Lodging,USA,51772.89,35.05,158.09,0.31%,1708557
2210,MARA,"Marathon Digital Holdings, Inc.",Financial,Capital Markets,USA,1524.2,,13.2,7.14%,36516622
2211,MAS,Masco Corporation,Industrials,Building Products & Equipment,USA,13040.55,24.67,55.28,2.52%,3504536
2212,MASI,Masimo Corporation,Healthcare,Medical Instruments & Supplies,USA,8260.49,37.49,145.15,1.79%,517812
2213,MASS,908 Devices Inc.,Healthcare,Medical Devices,USA,713.9,,22,3.77%,168718
2214,MAT,"Mattel, Inc.",Consumer Cyclical,Leisure,USA,8838.56,7.5,23.29,1.97%,4286369
2215,MATV,"Schweitzer-Mauduit International, Inc.",Basic Materials,Paper & Paper Products,USA,1161.45,10.09,21.75,0.46%,206758
2216,MATW,Matthews International Corporation,Industrials,Conglomerates,USA,862.12,,27.43,-0.11%,136662
2217,MATX,"Matson, Inc.",Industrials,Marine Shipping,USA,3695.61,3.22,89.83,2.62%,241541
2218,MAX,"MediaAlpha, Inc.",Communication Services,Internet Content & Information,USA,788.25,,12.5,4.69%,103787
2219,MAXN,"Maxeon Solar Technologies, Ltd.",Technology,Solar,Singapore,684.64,,14.45,27.20%,1407790
2220,MAXR,Maxar Technologies Inc.,Technology,Communication Equipment,USA,2022.12,17.22,26.67,1.14%,319319
2221,MBI,MBIA Inc.,Financial,Insurance - Specialty,USA,709.57,,12.51,-1.03%,141836
2222,MBIN,Merchants Bancorp,Financial,Banks - Regional,USA,1104.6,4.53,25.3,0.00%,37008
2223,MBUU,"Malibu Boats, Inc.",Consumer Cyclical,Recreational Vehicles,USA,1268.95,9.05,61.54,-0.08%,82187
2224,MBWM,Mercantile Bank Corporation,Financial,Banks - Regional,USA,563.51,11.19,35.33,1.09%,22240
2225,MC,Moelis & Company,Financial,Capital Markets,USA,3131.59,8.54,45.02,2.48%,1269853
2226,MCB,Metropolitan Bank Holding Corp.,Financial,Banks - Regional,USA,754.77,10.56,69.5,-2.09%,87357
2227,MCBC,Macatawa Bank Corporation,Financial,Banks - Regional,USA,317.58,11.61,9.24,-0.43%,36700
2228,MCBS,"MetroCity Bankshares, Inc.",Financial,Banks - Regional,USA,546.18,7.82,20.72,-1.80%,21497
2229,MCD,McDonald's Corporation,Consumer Cyclical,Restaurants,USA,194441.38,27.84,263.46,1.77%,2841400
2230,MCFT,"MasterCraft Boat Holdings, Inc.",Consumer Cyclical,Recreational Vehicles,USA,419.9,7.01,23.59,0.68%,27499
2231,MCG,Membership Collective Group Inc.,Consumer Cyclical,Lodging,USA,1403.27,,6.74,2.12%,154546
2232,MCHP,Microchip Technology Incorporated,Technology,Semiconductors,USA,38072.14,29.67,67.37,1.05%,2921197
2233,MCK,McKesson Corporation,Healthcare,Medical Distribution,USA,48446.69,46.95,340.12,0.15%,711864
2234,MCO,Moody's Corporation,Financial,Financial Data & Stock Exchanges,USA,56603.61,29.02,306.28,4.31%,960284
2235,MCRB,"Seres Therapeutics, Inc.",Healthcare,Biotechnology,USA,522.79,,4.17,-3.02%,1090843
2236,MCRI,"Monarch Casino & Resort, Inc.",Consumer Cyclical,Resorts & Casinos,USA,1213.82,15.68,64.02,0.39%,46504
2237,MCS,The Marcus Corporation,Communication Services,Entertainment,USA,524.36,,16.71,-0.77%,187195
2238,MCW,"Mister Car Wash, Inc.",Consumer Cyclical,Personal Services,USA,3504.81,,11.38,0.44%,665577
2239,MCY,Mercury General Corporation,Financial,Insurance - Property & Casualty,USA,2358.56,,41.93,0.53%,253737
2240,MD,"Pediatrix Medical Group, Inc.",Healthcare,Medical Care Facilities,USA,1987.02,23.9,22.8,0.22%,637327
2241,MDB,"MongoDB, Inc.",Technology,Software - Infrastructure,USA,21325.32,,297.01,2.45%,1151241
2242,MDC,"M.D.C. Holdings, Inc.",Consumer Cyclical,Residential Construction,USA,2543.03,4.34,36.21,-0.66%,1058159
2243,MDGL,"Madrigal Pharmaceuticals, Inc.",Healthcare,Biotechnology,USA,1162.25,,64.93,-2.76%,169053
2244,MDLZ,"Mondelez International, Inc.",Consumer Defensive,Confectioners,USA,87930.88,21.55,64.2,0.90%,5222890
2245,MDRX,"Allscripts Healthcare Solutions, Inc.",Healthcare,Health Information Services,USA,1798.71,13.87,15.66,0.19%,732476
2246,MDT,Medtronic plc,Healthcare,Medical Devices,Ireland,123564.54,25.02,93.47,0.27%,4718891
2247,MDU,"MDU Resources Group, Inc.",Basic Materials,Building Materials,USA,5675.74,15.97,28.12,1.41%,975695
2248,MDXG,"MiMedx Group, Inc.",Healthcare,Medical Devices,USA,414.32,,3.53,-1.67%,223405
2249,ME,23andMe Holding Co.,Healthcare,Diagnostics & Research,USA,1373.15,,2.87,1.06%,1743396
2250,MED,"Medifast, Inc.",Consumer Cyclical,Personal Services,USA,2004.08,12.17,170.56,0.84%,100619
2251,MEDP,"Medpace Holdings, Inc.",Healthcare,Diagnostics & Research,USA,5395.07,31,165.9,2.48%,252954
2252,MEG,"Montrose Environmental Group, Inc.",Industrials,Waste Management,USA,1174.31,,38.54,3.32%,82431
2253,MEI,"Methode Electronics, Inc.",Technology,Electronic Components,USA,1552.37,14.93,40.29,2.75%,97857
2254,MEKA,MELI Kaszek Pioneer Corp,Financial,Shell Companies,USA,419.56,,9.9,-0.10%,82235
2255,MELI,"MercadoLibre, Inc.",Consumer Cyclical,Internet Retail,Uruguay,41835.19,219.9,803.75,1.53%,626397
2256,MEOH,Methanex Corporation,Basic Materials,Chemicals,Canada,2693.76,5.6,36.79,-7.12%,1373610
2257,MERC,Mercer International Inc.,Basic Materials,Paper & Paper Products,Canada,1084.93,4.21,16.14,1.13%,596569
2258,MESO,Mesoblast Limited,Healthcare,Biotechnology,Australia,461.52,,3.48,8.07%,81402
2259,MET,"MetLife, Inc.",Financial,Insurance - Life,USA,50511.66,8.02,61.85,-0.64%,4418119
2260,META,"Meta Platforms, Inc.",Communication Services,Internet Content & Information,USA,470678.17,12.16,160.72,-5.22%,72998996
2261,METC,"Ramaco Resources, Inc.",Basic Materials,Coking Coal,USA,523.44,6.72,11.56,-6.02%,809020
2262,MFA,"MFA Financial, Inc.",Real Estate,REIT - Mortgage,USA,1325.73,11.65,12.85,5.41%,1606379
2263,MFC,Manulife Financial Corporation,Financial,Insurance - Life,Canada,34820.4,4.98,18.06,0.67%,1962884
2264,MFG,"Mizuho Financial Group, Inc.",Financial,Banks - Regional,Japan,29641.4,7.2,2.39,-0.42%,1088755
2265,MFGP,Micro Focus International plc,Technology,Software - Infrastructure,United Kingdom,1143.49,,3.33,-1.19%,233559
2266,MGA,Magna International Inc.,Consumer Cyclical,Auto Parts,Canada,18883.7,15.22,63.82,2.62%,1434912
2267,MGEE,"MGE Energy, Inc.",Utilities,Utilities - Diversified,USA,2887.33,27.62,80.36,3.18%,79370
2268,MGI,"MoneyGram International, Inc.",Financial,Credit Services,USA,981.04,,10.2,0.29%,286992
2269,MGIC,Magic Software Enterprises Ltd.,Technology,Software - Application,Israel,963.96,30.14,19.26,0.10%,14388
2270,MGM,MGM Resorts International,Consumer Cyclical,Resorts & Casinos,USA,14118.17,10.6,32.61,3.82%,4226965
2271,MGNI,"Magnite, Inc.",Communication Services,Advertising Agencies,USA,1148.01,,8.1,0.62%,913997
2272,MGPI,"MGP Ingredients, Inc.",Consumer Defensive,Packaged Foods,USA,2399.65,20.86,105.34,0.68%,95197
2273,MGRC,McGrath RentCorp,Industrials,Rental & Leasing Services,USA,2042.85,22.27,82.74,1.92%,83783
2274,MGTX,MeiraGTx Holdings plc,Healthcare,Biotechnology,USA,381.76,,8.37,-2.11%,110387
2275,MGU,Macquarie Global Infrastructure Total Return Fund Inc.,Financial,Closed-End Fund - Foreign,USA,302.25,3.42,24.29,2.45%,25723
2276,MGY,Magnolia Oil & Gas Corporation,Energy,Oil & Gas E&P,USA,5335.01,8.07,23.35,0.04%,1040124
2277,MHD,"BlackRock MuniHoldings Fund, Inc.",Financial,Closed-End Fund - Debt,USA,711.25,22.55,13.33,0.38%,146334
2278,MHK,"Mohawk Industries, Inc.",Consumer Cyclical,"Furnishings, Fixtures & Appliances",USA,8662.67,8.9,136.42,0.80%,812359
2279,MHN,"BlackRock MuniHoldings New York Quality Fund, Inc.",Financial,Closed-End Fund - Debt,USA,348.68,11.97,11.2,0.90%,80812
2280,MHO,"M/I Homes, Inc.",Consumer Cyclical,Residential Construction,USA,1303.3,3.44,46.73,0.56%,375872
2281,MIC,"Macquarie Infrastructure Holdings, LLC",Industrials,Airports & Air Services,USA,359.61,0.13,4.09,0.00%,0
2282,MIDD,The Middleby Corporation,Industrials,Specialty Industrial Machinery,USA,7787.86,16.66,142.27,0.80%,414961
2283,MIN,MFS Intermediate Income Trust,Financial,Closed-End Fund - Debt,USA,343.34,155.79,2.96,0.34%,1507945
2284,MIR,"Mirion Technologies, Inc.",Industrials,Specialty Industrial Machinery,USA,1396.85,,6.43,3.54%,926966
2285,MIRM,"Mirum Pharmaceuticals, Inc.",Healthcare,Biotechnology,USA,804.1,,25.05,0.20%,75727
2286,MITK,"Mitek Systems, Inc.",Technology,Software - Application,USA,411.58,42.15,9.02,-1.53%,370517
2287,MIY,"BlackRock MuniYield Michigan Quality Fund, Inc.",Financial,Closed-End Fund - Debt,USA,405.17,16.7,13.73,0.44%,80083
2288,MKC,"McCormick & Company, Incorporated",Consumer Defensive,Packaged Foods,USA,23159.56,34.6,87.53,2.49%,1178545
2289,MKFG,Markforged Holding Corporation,Technology,Computer Hardware,USA,421.87,8.33,2.1,-2.78%,643608
2290,MKL,Markel Corporation,Financial,Insurance - Property & Casualty,USA,17444.21,9.96,1274.23,-1.79%,54592
2291,MKSI,"MKS Instruments, Inc.",Technology,Scientific & Technical Instruments,USA,6682.22,11.45,117.5,4.91%,1140163
2292,MKTW,"MarketWise, Inc.",Technology,Software - Application,USA,905.36,,2.66,-2.92%,117425
2293,MKTX,MarketAxess Holdings Inc.,Financial,Capital Markets,USA,10085.95,41.88,267.39,3.55%,405031
2294,ML,MoneyLion Inc.,Technology,Software - Application,USA,403.29,,1.51,-0.66%,396095
2295,MLAB,"Mesa Laboratories, Inc.",Technology,Scientific & Technical Instruments,USA,1136.75,620.97,210.51,2.78%,20410
2296,MLCO,Melco Resorts & Entertainment Limited,Consumer Cyclical,Resorts & Casinos,Hong Kong,2665.11,,5.44,-5.23%,1976226
2297,MLI,"Mueller Industries, Inc.",Industrials,Metal Fabrication,USA,3870.1,5.75,66.98,3.03%,464713
2298,MLKN,"MillerKnoll, Inc.",Consumer Cyclical,"Furnishings, Fixtures & Appliances",USA,2294.86,,29.68,2.52%,407937
2299,MLM,"Martin Marietta Materials, Inc.",Basic Materials,Building Materials,USA,21647.65,32.52,343.45,2.21%,662230
2300,MLNK,"MeridianLink, Inc.",Technology,Software - Application,USA,1427.35,,16.97,-2.53%,75467
2301,MLTX,MoonLake Immunotherapeutics,Healthcare,Biotechnology,Switzerland,353.6,,7.02,-8.95%,44345
2302,MMC,"Marsh & McLennan Companies, Inc.",Financial,Insurance Brokers,USA,81857.24,24.41,161.77,2.31%,2164845
2303,MMD,MainStay MacKay DefinedTerm Municipal Opportunities Fund,Financial,Closed-End Fund - Debt,USA,516.25,7.46,18.58,0.92%,64540
2304,MMI,"Marcus & Millichap, Inc.",Real Estate,Real Estate Services,USA,1583.69,10.16,40.39,1.74%,66254
2305,MMM,3M Company,Industrials,Specialty Industrial Machinery,USA,79777.88,14.62,140.37,1.09%,3089761
2306,MMP,"Magellan Midstream Partners, L.P.",Energy,Oil & Gas Midstream,USA,10997.86,12.64,51.21,0.69%,1737352
2307,MMS,"Maximus, Inc.",Industrials,Specialty Business Services,USA,4088.89,16.75,67.02,2.46%,311764
2308,MMSI,"Merit Medical Systems, Inc.",Healthcare,Medical Instruments & Supplies,USA,3287.28,68.85,57.49,1.55%,465790
2309,MMU,Western Asset Managed Municipals Fund Inc.,Financial,Closed-End Fund - Debt,USA,474.44,6.49,10.94,0.74%,117572
2310,MMX,Maverix Metals Inc.,Basic Materials,Other Precious Metals & Mining,Canada,646.16,50,4.3,3.61%,79757
2311,MMYT,MakeMyTrip Limited,Consumer Cyclical,Travel Services,India,3373.2,,31.54,4.37%,444984
2312,MNDT,"Mandiant, Inc.",Technology,Software - Infrastructure,USA,5375.78,,22.8,0.13%,2474439
2313,MNDY,monday.com Ltd.,Technology,Software - Application,Israel,4897.38,,102.05,1.87%,296067
2314,MNKD,MannKind Corporation,Healthcare,Biotechnology,USA,931.77,,3.5,0.29%,2606340
2315,MNRL,"Brigham Minerals, Inc.",Energy,Oil & Gas E&P,USA,1609.12,16.94,25.75,1.34%,267402
2316,MNRO,"Monro, Inc.",Consumer Cyclical,Auto Parts,USA,1661.65,27.72,49.75,4.32%,417190
2317,MNSO,MINISO Group Holding Limited,Consumer Cyclical,Specialty Retail,China,2415.68,19.9,5.87,3.71%,2216367
2318,MNST,Monster Beverage Corporation,Consumer Defensive,Beverages - Non-Alcoholic,USA,52775.41,39.06,98.91,1.56%,1928478
2319,MNTK,"Montauk Renewables, Inc.",Utilities,Utilities - Diversified,USA,1735.11,191.8,11.7,4.19%,167945
2320,MNTV,Momentive Global Inc.,Technology,Software - Application,USA,1337.28,,8.58,-2.39%,1425817
2321,MO,"Altria Group, Inc.",Consumer Defensive,Tobacco,USA,79072.84,26.8,44,-0.16%,7073152
2322,MOD,Modine Manufacturing Company,Consumer Cyclical,Auto Parts,USA,659.15,7.82,12.72,0.08%,220722
2323,MODN,"Model N, Inc.",Technology,Software - Application,USA,947.34,,25.33,0.76%,44826
2324,MODV,ModivCare Inc.,Healthcare,Medical Care Facilities,USA,1404.45,,99.89,1.09%,52798
2325,MOFG,"MidWestOne Financial Group, Inc.",Financial,Banks - Regional,USA,494.97,7.99,31.13,-1.33%,10134
2326,MOG-A,Moog Inc.,Industrials,Aerospace & Defense,USA,2735.15,18.84,85.34,1.80%,99959
2327,MOH,"Molina Healthcare, Inc.",Healthcare,Healthcare Plans,USA,18667.09,26.97,317.09,3.68%,440977
2328,MOMO,Hello Group Inc.,Communication Services,Internet Content & Information,China,950.74,,4.57,-0.65%,1213668
2329,MOND,"Mondee Holdings, Inc.",Consumer Cyclical,Travel Services,USA,746.15,73.85,8.64,17.55%,134657
2330,MOR,MorphoSys AG,Healthcare,Biotechnology,Germany,778.28,,5.41,-8.31%,23919
2331,MORF,"Morphic Holding, Inc.",Healthcare,Biotechnology,USA,1115.03,,26.81,1.32%,183360
2332,MORN,"Morningstar, Inc.",Financial,Financial Data & Stock Exchanges,USA,11061.94,59.96,254.59,2.55%,250241
2333,MOS,The Mosaic Company,Basic Materials,Agricultural Inputs,USA,18597.88,7.19,50.8,-0.63%,4686345
2334,MOV,"Movado Group, Inc.",Consumer Cyclical,Luxury Goods,USA,784.31,8.15,34.75,1.37%,52080
2335,MP,MP Materials Corp.,Basic Materials,Other Industrial Metals & Mining,USA,6090.53,31.14,32.92,5.55%,2978614
2336,MPB,"Mid Penn Bancorp, Inc.",Financial,Banks - Regional,USA,455.15,11.21,28.5,-0.35%,8910
2337,MPC,Marathon Petroleum Corporation,Energy,Oil & Gas Refining & Marketing,USA,48920.62,20.79,89.59,-0.43%,3800139
2338,MPLN,MultiPlan Corporation,Healthcare,Health Information Services,USA,3441.13,33.53,5.23,-0.57%,682685
2339,MPLX,MPLX LP,Energy,Oil & Gas Midstream,USA,33203.76,10.99,32.51,1.63%,1073215
2340,MPW,"Medical Properties Trust, Inc.",Real Estate,REIT - Healthcare Facilities,USA,9963.51,9.01,16.92,0.65%,6843721
2341,MPWR,"Monolithic Power Systems, Inc.",Technology,Semiconductors,USA,22425.76,80.05,460.11,2.02%,362944
2342,MPX,Marine Products Corporation,Consumer Cyclical,Recreational Vehicles,USA,376.21,13.21,10.87,3.03%,22261
2343,MQ,"Marqeta, Inc.",Technology,Software - Infrastructure,USA,5402.44,,9.55,2.14%,5612828
2344,MQY,"BlackRock MuniYield Quality Fund, Inc.",Financial,Closed-End Fund - Debt,USA,952.92,12.32,13.02,2.12%,164327
2345,MRC,MRC Global Inc.,Energy,Oil & Gas Equipment & Services,USA,934.7,,11.29,-0.88%,478505
2346,MRCY,"Mercury Systems, Inc.",Industrials,Aerospace & Defense,USA,3332.56,260.41,57.29,0.10%,490152
2347,MRK,"Merck & Co., Inc.",Healthcare,Drug Manufacturers - General,USA,227516.73,16.4,89.94,-1.41%,13897599
2348,MRNA,"Moderna, Inc.",Healthcare,Biotechnology,USA,64938.32,4.65,158.07,0.03%,3483120
2349,MRO,Marathon Oil Corporation,Energy,Oil & Gas E&P,USA,19232.09,8.35,23.95,0.29%,11408879
2350,MRSN,"Mersana Therapeutics, Inc.",Healthcare,Biotechnology,USA,523.67,,5.1,-9.89%,707496
2351,MRTN,"Marten Transport, Ltd.",Industrials,Trucking,USA,1732.89,16.85,21.37,5.06%,535615
2352,MRTX,"Mirati Therapeutics, Inc.",Healthcare,Biotechnology,USA,3790.97,,66.59,-2.10%,672742
2353,MRUS,Merus N.V.,Healthcare,Biotechnology,Netherlands,1092.55,,24.36,-0.85%,84482
2354,MRVI,"Maravai LifeSciences Holdings, Inc.",Healthcare,Biotechnology,USA,6695.17,14.21,25.72,1.14%,1239396
2355,MRVL,"Marvell Technology, Inc.",Technology,Semiconductors,USA,47939.18,,53.77,1.47%,6688303
2356,MS,Morgan Stanley,Financial,Capital Markets,USA,143945.62,11.21,82.95,0.53%,6311435
2357,MSA,MSA Safety Incorporated,Industrials,Security & Protection Services,USA,4859.28,243.15,123.52,-5.88%,149521
2358,MSB,Mesabi Trust,Basic Materials,Steel,USA,352.64,4.61,25.91,-11.27%,192251
2359,MSBI,"Midland States Bancorp, Inc.",Financial,Banks - Regional,USA,589.5,7.25,26.65,-0.45%,35687
2360,MSC,Studio City International Holdings Limited,Consumer Cyclical,Resorts & Casinos,Hong Kong,442.78,,2.12,-2.75%,1254
2361,MSCI,MSCI Inc.,Financial,Financial Data & Stock Exchanges,USA,39138.41,52.03,474.29,4.71%,499740
2362,MSDA,MSD Acquisition Corp.,Financial,Shell Companies,USA,707.2,109.33,9.84,0.00%,1100
2363,MSEX,Middlesex Water Company,Utilities,Utilities - Regulated Water,USA,1658.39,40.3,95.31,3.32%,51310
2364,MSFT,Microsoft Corporation,Technology,Software - Infrastructure,USA,2102849.91,28.84,276.41,2.85%,33353128
2365,MSGE,Madison Square Garden Entertainment Corp.,Communication Services,Entertainment,USA,2027.28,,58.44,-1.10%,88181
2366,MSGS,Madison Square Garden Sports Corp.,Communication Services,Entertainment,USA,3769.03,51.27,155.36,-1.59%,82162
2367,MSI,"Motorola Solutions, Inc.",Technology,Communication Equipment,USA,39725.39,32.37,236.32,2.64%,945234
2368,MSM,"MSC Industrial Direct Co., Inc.",Industrials,Industrial Distribution,USA,4513.72,15.02,80.92,1.49%,216645
2369,MSPR,"MSP Recovery, Inc.",Healthcare,Health Information Services,USA,5063.06,,1.5,4.90%,75594
2370,MSTR,MicroStrategy Incorporated,Technology,Software - Application,USA,3201.11,,275.72,5.08%,589991
2371,MT,ArcelorMittal S.A.,Basic Materials,Steel,Luxembourg,20906.46,1.47,23.52,-0.21%,2380199
2372,MTAC,MedTech Acquisition Corporation,Financial,Shell Companies,USA,308.83,38.71,9.87,-0.15%,393984
2373,MTB,M&T Bank Corporation,Financial,Banks - Regional,USA,30646.37,12.61,173.89,0.53%,757996
2374,MTCH,"Match Group, Inc.",Communication Services,Internet Content & Information,USA,21415.16,80.22,72.52,0.78%,1738016
2375,MTD,Mettler-Toledo International Inc.,Healthcare,Diagnostics & Research,USA,29850.1,38.14,1298.96,1.99%,138386
2376,MTDR,Matador Resources Company,Energy,Oil & Gas E&P,USA,6843.27,9.25,56.57,1.54%,1456663
2377,MTG,MGIC Investment Corporation,Financial,Insurance - Specialty,USA,4325.76,7.07,13.89,0.87%,1874396
2378,MTH,Meritage Homes Corporation,Consumer Cyclical,Residential Construction,USA,3165.03,4.08,88.31,-0.36%,682446
2379,MTLS,Materialise NV,Technology,Software - Application,Belgium,879,47.48,14.15,-2.95%,136315
2380,MTN,"Vail Resorts, Inc.",Consumer Cyclical,Resorts & Casinos,USA,9488.63,30.58,235.45,0.36%,172202
2381,MTOR,"Meritor, Inc.",Consumer Cyclical,Auto Parts,USA,2582.52,11.87,36.43,0.05%,807977
2382,MTRN,Materion Corporation,Basic Materials,Other Industrial Metals & Mining,USA,1701.09,24.19,81.47,1.72%,85444
2383,MTSI,"MACOM Technology Solutions Holdings, Inc.",Technology,Semiconductors,USA,4040.61,20.15,56.79,4.09%,783788
2384,MTTR,"Matterport, Inc.",Technology,Software - Application,USA,1266.97,,4.2,2.19%,3294206
2385,MTVC,Motive Capital Corp II,Financial,Shell Companies,USA,422.52,,9.93,0.00%,1670
2386,MTW,"The Manitowoc Company, Inc.",Industrials,Farm & Heavy Construction Machinery,USA,396.83,23.08,11.1,-1.42%,365635
2387,MTX,Minerals Technologies Inc.,Basic Materials,Chemicals,USA,2208.89,13.4,67.16,1.21%,89565
2388,MTZ,"MasTec, Inc.",Industrials,Engineering & Construction,USA,6055.44,25.55,78.96,6.65%,1418700
2389,MU,"Micron Technology, Inc.",Technology,Semiconductors,USA,71097.46,7.08,62.07,0.29%,10073974
2390,MUA,"BlackRock MuniAssets Fund, Inc.",Financial,Closed-End Fund - Debt,USA,472.4,7.91,12.34,1.98%,59306
2391,MUC,"BlackRock MuniHoldings California Quality Fund, Inc.",Financial,Closed-End Fund - Debt,USA,1215.2,,12.46,1.14%,234594
2392,MUDS,Mudrick Capital Acquisition Corporation II,Financial,Shell Companies,USA,399.65,,10.11,0.00%,5543
2393,MUFG,"Mitsubishi UFJ Financial Group, Inc.",Financial,Banks - Diversified,Japan,72315.45,8.61,5.51,0.00%,1607523
2394,MUI,"BlackRock Municipal Income Fund, Inc.",Financial,Closed-End Fund - Debt,USA,920.43,22.25,12.46,1.88%,134243
2395,MUJ,"BlackRock MuniHoldings New Jersey Quality Fund, Inc.",Financial,Closed-End Fund - Debt,USA,721.91,,13.25,0.84%,122160
2396,MUR,Murphy Oil Corporation,Energy,Oil & Gas E&P,USA,5322.29,50.68,33.4,0.54%,1201920
2397,MUSA,Murphy USA Inc.,Consumer Cyclical,Specialty Retail,USA,6910.55,15.09,287.7,7.77%,887554
2398,MUX,McEwen Mining Inc.,Basic Materials,Other Precious Metals & Mining,Canada,1804.99,,3.75,4.17%,325551
2399,MVBF,MVB Financial Corp.,Financial,Banks - Regional,USA,404.09,12.31,32.72,-0.15%,46425
2400,MVF,"BlackRock MuniVest Fund, Inc.",Financial,Asset Management,USA,498.59,153.8,7.69,1.85%,108040
2401,MVIS,"MicroVision, Inc.",Technology,Scientific & Technical Instruments,USA,881.06,,5.01,9.87%,3769019
2402,MVST,"Microvast Holdings, Inc.",Industrials,Electrical Equipment & Parts,USA,829.6,,2.69,28.10%,5945827
2403,MWA,"Mueller Water Products, Inc.",Industrials,Specialty Industrial Machinery,USA,2028.96,26.98,12.87,-0.31%,1075305
2404,MX,Magnachip Semiconductor Corporation,Technology,Semiconductors,Luxembourg,691.75,10.66,15.23,-1.04%,380353
2405,MXCT,"MaxCyte, Inc.",Healthcare,Medical Devices,USA,570.79,,5.46,1.11%,126641
2406,MXL,"MaxLinear, Inc.",Technology,Semiconductors,USA,3165.24,44.32,39.31,-4.40%,1492947
2407,MYD,"BlackRock MuniYield Fund, Inc.",Financial,Closed-End Fund - Debt,USA,547.08,10.5,11.66,1.92%,136768
2408,MYE,"Myers Industries, Inc.",Consumer Cyclical,Packaging & Containers,USA,890.33,20.25,24.22,0.12%,54472
2409,MYGN,"Myriad Genetics, Inc.",Healthcare,Diagnostics & Research,USA,2230.58,,26.46,2.80%,445890
2410,MYI,"BlackRock MuniYield Quality Fund III, Inc.",Financial,Closed-End Fund - Debt,USA,828.03,,12.15,1.50%,133550
2411,MYN,"BlackRock MuniYield New York Quality Fund, Inc.",Financial,Closed-End Fund - Debt,USA,428.72,,10.83,1.69%,87765
2412,MYOV,Myovant Sciences Ltd.,Healthcare,Biotechnology,United Kingdom,1310.43,,13.21,8.01%,1057405
2413,MYPS,"PLAYSTUDIOS, Inc.",Communication Services,Electronic Gaming & Multimedia,USA,546.56,,4.13,1.98%,178736
2414,MYRG,MYR Group Inc.,Industrials,Engineering & Construction,USA,1644.34,19.25,96.16,2.69%,110035
2415,MYTE,MYT Netherlands Parent B.V.,Consumer Cyclical,Luxury Goods,Germany,1162.1,,13.14,2.58%,155030
2416,NA,Nano Labs Ltd,Technology,Semiconductors,China,418.59,,7.8,-12.36%,185501
2417,NAAC,North Atlantic Acquisition Corporation,Financial,Shell Companies,USA,468.25,156.51,9.86,-0.10%,2450
2418,NAAS,NaaS Technology Inc.,Consumer Cyclical,Specialty Retail,China,1352.96,0.07,6.06,-0.98%,19998
2419,NABL,"N-able, Inc.",Technology,Information Technology Services,USA,1780.01,183.58,9.73,1.57%,129298
2420,NAC,Nuveen California Quality Municipal Income Fund,Financial,Closed-End Fund - Debt,USA,1816.42,,12.55,1.95%,209683
2421,NAD,Nuveen Quality Municipal Income Fund,Financial,Asset Management,USA,3012.55,,13.06,0.93%,879766
2422,NAN,Nuveen New York Quality Municipal Income Fund,Financial,Closed-End Fund - Debt,USA,369.6,,11.98,1.35%,91223
2423,NAPA,"The Duckhorn Portfolio, Inc.",Consumer Defensive,Beverages - Wineries & Distilleries,USA,2233.11,34.73,18.72,1.13%,391478
2424,NARI,"Inari Medical, Inc.",Healthcare,Medical Devices,USA,4420.25,,77.63,1.13%,634342
2425,NAT,Nordic American Tankers Limited,Industrials,Marine Shipping,Bermuda,482.02,,2.42,-7.63%,3131094
2426,NATI,National Instruments Corporation,Technology,Software - Application,USA,4722.72,43.05,35.56,1.86%,891020
2427,NAUT,"Nautilus Biotechnology, Inc.",Healthcare,Biotechnology,USA,389.55,,2.83,0.71%,114862
2428,NAVI,Navient Corporation,Financial,Credit Services,USA,2407.76,4.41,16.25,-3.33%,1673651
2429,NBB,Nuveen Taxable Municipal Income Fund,Financial,Asset Management,USA,524.13,,18.19,1.96%,87377
2430,NBHC,National Bank Holdings Corporation,Financial,Banks - Regional,USA,1250.5,13.63,41,-0.77%,86425
2431,NBIX,"Neurocrine Biosciences, Inc.",Healthcare,Biotechnology,USA,9191.87,128.81,93.9,-1.73%,537886
2432,NBN,Northeast Bank,Financial,Banks - Regional,USA,304.82,5.98,39.03,-1.59%,89434
2433,NBR,Nabors Industries Ltd.,Energy,Oil & Gas Drilling,Bermuda,1286.98,,134.06,2.06%,116801
2434,NBTB,NBT Bancorp Inc.,Financial,Banks - Regional,USA,1716.69,11.39,40.26,0.10%,125323
2435,NBXG,Neuberger Berman Next Generation Connectivity Fund Inc.,Financial,Closed-End Fund - Equity,USA,841.96,,10.69,1.33%,285708
2436,NC,"NACCO Industries, Inc.",Energy,Thermal Coal,USA,306.07,5.61,40.22,1.00%,20173
2437,NCLH,Norwegian Cruise Line Holdings Ltd.,Consumer Cyclical,Travel Services,USA,5291.59,,12.11,5.30%,24726006
2438,NCNO,"nCino, Inc.",Technology,Software - Application,USA,3639.83,,31.67,0.80%,272880
2439,NCR,NCR Corporation,Technology,Information Technology Services,USA,4607.63,323.96,32.72,4.30%,3482350
2440,NCV,Virtus Convertible & Income Fund,Financial,Closed-End Fund - Debt,USA,347.94,2.52,3.85,2.39%,363645
2441,NDAC,NightDragon Acquisition Corp.,Financial,Shell Companies,USA,433.7,73.91,9.83,0.10%,7450
2442,NDAQ,"Nasdaq, Inc.",Financial,Financial Data & Stock Exchanges,USA,29785.51,26.49,179.42,3.12%,1073706
2443,NDSN,Nordson Corporation,Industrials,Specialty Industrial Machinery,USA,13021.45,27.47,225.91,1.86%,170905
2444,NE,Noble Corporation,Energy,Oil & Gas Drilling,USA,1907.58,34.01,29.11,0.97%,753657
2445,NEA,Nuveen AMT-Free Quality Municipal Income Fund,Financial,Asset Management,USA,3758.89,13.81,12.57,1.86%,1144627
2446,NEE,"NextEra Energy, Inc.",Utilities,Utilities - Regulated Electric,USA,163223.07,114.71,84.54,5.18%,13552332
2447,NEGG,"Newegg Commerce, Inc.",Consumer Cyclical,Internet Retail,USA,1368.54,40.36,3.39,1.50%,265441
2448,NEM,Newmont Corporation,Basic Materials,Gold,USA,36852.31,36.53,45.81,0.44%,18085191
2449,NEO,"NeoGenomics, Inc.",Healthcare,Diagnostics & Research,USA,1211.66,,9.9,-0.90%,1536316
2450,NEOG,Neogen Corporation,Healthcare,Diagnostics & Research,USA,2537.94,50.26,22.77,-2.06%,3373262
2451,NEP,"NextEra Energy Partners, LP",Utilities,Utilities - Renewable,USA,6601.39,95.27,82.6,3.25%,980047
2452,NESR,National Energy Services Reunited Corp.,Energy,Oil & Gas Equipment & Services,USA,657.65,17.07,7,-1.69%,233361
2453,NET,"Cloudflare, Inc.",Technology,Software - Infrastructure,USA,17153.02,,48.65,-0.06%,3614398
2454,NEU,NewMarket Corporation,Basic Materials,Specialty Chemicals,USA,3159.59,18.26,309.46,-0.17%,29714
2455,NEWP,New Pacific Metals Corp.,Basic Materials,Other Precious Metals & Mining,Canada,463.23,,2.97,3.03%,150880
2456,NEWR,"New Relic, Inc.",Technology,Software - Infrastructure,USA,4159.67,,61.57,1.12%,539172
2457,NEWT,Newtek Business Services Corp.,Financial,Asset Management,USA,506.65,7.56,20.79,-0.19%,145659
2458,NEX,NexTier Oilfield Solutions Inc.,Energy,Oil & Gas Equipment & Services,USA,2449.78,,9.75,-2.60%,4090935
2459,NEXA,Nexa Resources S.A.,Basic Materials,Other Industrial Metals & Mining,Luxembourg,804.75,5.16,6.02,3.97%,55203
2460,NEXT,NextDecade Corporation,Energy,Oil & Gas E&P,USA,905.32,,6.94,9.64%,1111391
2461,NFBK,"Northfield Bancorp, Inc. (Staten Island, NY)",Financial,Banks - Regional,USA,717.63,10.63,14.58,3.26%,139593
2462,NFE,New Fortress Energy Inc.,Utilities,Utilities - Regulated Gas,USA,10069.35,27.48,47.89,3.23%,626992
2463,NFG,National Fuel Gas Company,Energy,Oil & Gas Integrated,USA,6600.74,13.97,71.88,0.97%,453468
2464,NFGC,New Found Gold Corp.,Basic Materials,Gold,Canada,687.31,,4.16,11.00%,333814
2465,NFJ,"Virtus Dividend, Interest & Premium Strategy Fund",Financial,Closed-End Fund - Equity,USA,1200.19,6.27,12.66,0.48%,222063
2466,NFLX,"Netflix, Inc.",Communication Services,Entertainment,USA,101982.49,21.15,226.02,-0.32%,8939183
2467,NG,NovaGold Resources Inc.,Basic Materials,Gold,Canada,1614.29,,4.8,2.35%,1273198
2468,NGG,National Grid plc,Utilities,Utilities - Diversified,United Kingdom,48739.9,19.09,68.7,1.03%,250304
2469,NGM,"NGM Biopharmaceuticals, Inc.",Healthcare,Biotechnology,USA,1219.82,,14.98,-0.60%,208344
2470,NGMS,NeoGames S.A.,Consumer Cyclical,Gambling,Israel,404.97,,15.54,-3.06%,64491
2471,NGVC,"Natural Grocers by Vitamin Cottage, Inc.",Consumer Defensive,Grocery Stores,USA,377.11,13.74,16.62,-2.86%,51815
2472,NGVT,Ingevity Corporation,Basic Materials,Specialty Chemicals,USA,2631.37,20.41,66.99,1.47%,148182
2473,NHC,National HealthCare Corporation,Healthcare,Medical Care Facilities,USA,1112.65,8.35,71.83,-0.26%,16239
2474,NHI,"National Health Investors, Inc.",Real Estate,REIT - Healthcare Facilities,USA,2906.43,34.57,63.99,0.95%,148878
2475,NI,NiSource Inc.,Utilities,Utilities - Regulated Gas,USA,11996.24,19.68,29.93,2.12%,2637562
2476,NIC,"Nicolet Bankshares, Inc.",Financial,Banks - Regional,USA,1059.47,14.7,79.48,-2.72%,29292
2477,NICE,NICE Ltd.,Technology,Software - Application,Israel,13637.85,68.25,209.33,1.35%,240868
2478,NID,Nuveen Intermediate Duration Municipal Term Fund,Financial,Asset Management,USA,626.24,8.23,13.35,0.91%,118945
2479,NIE,AllianzGI Equity & Convertible Income Fund,Financial,Asset Management,USA,624.56,,22.54,1.44%,43158
2480,NIO,NIO Inc.,Consumer Cyclical,Auto Manufacturers,China,34993.9,,19.49,0.57%,30836457
2481,NIU,Niu Technologies,Consumer Cyclical,Auto Manufacturers,China,555.8,20.15,6.59,0.46%,291118
2482,NJR,New Jersey Resources Corporation,Utilities,Utilities - Regulated Gas,USA,4427.82,47.39,46.35,2.57%,466545
2483,NKE,"NIKE, Inc.",Consumer Cyclical,Footwear & Accessories,USA,180670.1,29.9,112.23,4.05%,6753088
2484,NKLA,Nikola Corporation,Industrials,Farm & Heavy Construction Machinery,USA,2882.99,,6.38,7.77%,12166836
2485,NKTR,Nektar Therapeutics,Healthcare,Biotechnology,USA,813.85,,4.05,-1.70%,1702100
2486,NKTX,"Nkarta, Inc.",Healthcare,Biotechnology,USA,680.12,,13.32,3.74%,413533
2487,NKX,Nuveen California AMT-Free Quality Municipal Income Fund,Financial,Asset Management,USA,658.16,16.01,13.85,2.90%,91979
2488,NL,"NL Industries, Inc.",Industrials,Security & Protection Services,USA,457.24,8.08,9.36,-4.78%,48628
2489,NLOK,NortonLifeLock Inc.,Technology,Software - Infrastructure,USA,14046.18,17.36,24.57,-0.49%,5357259
2490,NLSN,Nielsen Holdings plc,Industrials,Consulting Services,USA,8701.05,15.89,24.05,-0.70%,8285435
2491,NLY,"Annaly Capital Management, Inc.",Real Estate,REIT - Mortgage,USA,10648.69,3.9,6.79,3.66%,50027645
2492,NMFC,New Mountain Finance Corporation,Financial,Asset Management,USA,1241.38,6.16,12.81,1.18%,142167
2493,NMIH,"NMI Holdings, Inc.",Financial,Insurance - Property & Casualty,USA,1594.21,6.63,18.74,0.70%,287181
2494,NML,Neuberger Berman MLP and Energy Income Fund Inc.,Financial,Asset Management,USA,386.98,,6.83,1.94%,98533
2495,NMM,Navios Maritime Partners L.P.,Industrials,Marine Shipping,Monaco,883.71,1.7,28.72,15.57%,697147
2496,NMR,"Nomura Holdings, Inc.",Financial,Capital Markets,Japan,12079.41,11.39,3.78,1.34%,635734
2497,NMRK,"Newmark Group, Inc.",Real Estate,Real Estate Services,USA,2152.21,3.3,11.7,1.74%,864837
2498,NMZ,Nuveen Municipal High Income Opportunity Fund,Financial,Asset Management,USA,1188.11,4.23,12.14,1.42%,527446
2499,NNDM,Nano Dimension Ltd.,Technology,Computer Hardware,Israel,885.21,,3.32,2.15%,1377267
2500,NNI,"Nelnet, Inc.",Financial,Credit Services,USA,3598.75,8.18,95.89,2.21%,70100
2501,NNN,"National Retail Properties, Inc.",Real Estate,REIT - Retail,USA,8234.9,28.1,47.07,-0.15%,1272160
2502,NNOX,Nano-X Imaging Ltd.,Healthcare,Medical Devices,Israel,731.6,,13.13,1.78%,210421
2503,NOA,North American Construction Group Ltd.,Energy,Oil & Gas Equipment & Services,Canada,331.09,10.05,11.04,-6.04%,156355
2504,NOAH,Noah Holdings Limited,Financial,Asset Management,China,1171.91,7.02,17.9,0.45%,162097
2505,NOC,Northrop Grumman Corporation,Industrials,Aerospace & Defense,USA,70950.29,12.53,454.46,1.94%,1016625
2506,NODK,"NI Holdings, Inc.",Financial,Insurance - Property & Casualty,USA,319.41,546.67,14.76,-5.02%,6127
2507,NOG,"Northern Oil and Gas, Inc.",Energy,Oil & Gas E&P,USA,2331.49,,28.07,1.34%,530546
2508,NOK,Nokia Oyj,Technology,Communication Equipment,Finland,29624.61,19.05,5.2,0.58%,18576869
2509,NOMD,Nomad Foods Limited,Consumer Defensive,Packaged Foods,United Kingdom,3235.16,17.18,18.64,0.22%,294092
2510,NOTV,"Inotiv, Inc.",Healthcare,Diagnostics & Research,USA,470.32,,18.02,5.50%,140847
2511,NOV,NOV Inc.,Energy,Oil & Gas Equipment & Services,USA,6691.01,,16.92,7.91%,7806316
2512,NOVA,Sunnova Energy International Inc.,Technology,Solar,USA,2948.04,,24.92,27.93%,15695968
2513,NOVT,Novanta Inc.,Technology,Scientific & Technical Instruments,USA,4926.21,93.54,151.25,1.65%,216205
2514,NOW,"ServiceNow, Inc.",Technology,Software - Application,USA,90150.35,397.18,436.5,-2.70%,3906663
2515,NPK,"National Presto Industries, Inc.",Industrials,Aerospace & Defense,USA,499.27,25.37,70.32,1.66%,24334
2516,NPO,"EnPro Industries, Inc.",Industrials,Specialty Industrial Machinery,USA,1914.99,10.87,91.67,0.76%,57369
2517,NPTN,NeoPhotonics Corporation,Technology,Semiconductors,USA,844.92,,15.79,0.57%,401910
2518,NQP,Nuveen Pennsylvania Quality Municipal Income Fund,Financial,Closed-End Fund - Debt,USA,462.43,10.66,12.37,0.57%,51933
2519,NR,"Newpark Resources, Inc.",Energy,Oil & Gas Equipment & Services,USA,324.2,,3.5,2.34%,373098
2520,NRC,National Research Corporation,Healthcare,Diagnostics & Research,USA,979.58,26.62,38.25,-1.26%,18970
2521,NRDS,"NerdWallet, Inc.",Financial,Credit Services,USA,607.86,,8.68,-2.80%,147190
2522,NRDY,"Nerdy, Inc.",Technology,Software - Application,USA,427.51,,2.49,17.45%,1391379
2523,NREF,"NexPoint Real Estate Finance, Inc.",Real Estate,REIT - Diversified,USA,305.87,7.61,20.85,-7.42%,174778
2524,NRG,"NRG Energy, Inc.",Utilities,Utilities - Independent Power Producers,USA,9002.77,2.28,37.51,2.82%,2972428
2525,NRGV,"Energy Vault Holdings, Inc.",Utilities,Utilities - Renewable,USA,666.88,,4.54,-2.37%,612187
2526,NRGX,PIMCO Energy and Tactical Credit Opportunities Fund,Financial,Asset Management,USA,658.53,,14.73,2.29%,52027
2527,NRIX,"Nurix Therapeutics, Inc.",Healthcare,Biotechnology,USA,817.34,,15.97,-0.62%,203347
2528,NRK,Nuveen New York AMT-Free Quality Municipal Income Fund,Financial,Asset Management,USA,1000.59,11.55,11.47,1.50%,187290
2529,NRP,Natural Resource Partners L.P.,Energy,Thermal Coal,USA,504.7,4.44,40.8,-1.52%,6926
2530,NRZ,New Residential Investment Corp.,Real Estate,REIT - Mortgage,USA,5049.47,4.94,10.86,2.26%,4140004
2531,NS,NuStar Energy L.P.,Energy,Oil & Gas Midstream,USA,1750.04,,15.52,0.84%,646357
2532,NSA,National Storage Affiliates Trust,Real Estate,REIT - Industrial,USA,4973.69,53.5,54.68,3.76%,617638
2533,NSC,Norfolk Southern Corporation,Industrials,Railroads,USA,58112.85,19.77,244.83,0.65%,1257062
2534,NSIT,"Insight Enterprises, Inc.",Technology,Information Technology Services,USA,3278.04,14.69,92.6,0.51%,196478
2535,NSP,"Insperity, Inc.",Industrials,Staffing & Employment Services,USA,4234.81,31.99,108.78,2.23%,103768
2536,NSR,Nomad Royalty Company Ltd.,Basic Materials,Other Precious Metals & Mining,Canada,550.47,372.63,7.08,3.21%,11701
2537,NSSC,"Napco Security Technologies, Inc.",Industrials,Security & Protection Services,USA,985.21,53.74,25.69,0.78%,129792
2538,NSTB,Northern Star Investment Corp. II,Financial,Shell Companies,USA,492.01,33.85,9.85,-0.10%,6735
2539,NSTC,Northern Star Investment Corp. III,Financial,Shell Companies,USA,491.51,51.79,9.84,-0.10%,251320
2540,NSTD,Northern Star Investment Corp. IV,Financial,Shell Companies,USA,491,64.61,9.82,0.00%,105824
2541,NSTG,"NanoString Technologies, Inc.",Healthcare,Biotechnology,USA,666.67,,12.89,2.63%,467716
2542,NTAP,"NetApp, Inc.",Technology,Computer Hardware,USA,16150.53,17.52,71.71,1.62%,1133415
2543,NTB,The Bank of N.T. Butterfield & Son Limited,Financial,Banks - Diversified,Bermuda,1722.25,10.42,34.05,-0.87%,176692
2544,NTCO,Natura &Co Holding S.A.,Consumer Defensive,Household & Personal Products,Brazil,4326.83,46.25,6.29,7.52%,719020
2545,NTCT,"NetScout Systems, Inc.",Technology,Software - Infrastructure,USA,2519.97,74.11,35.2,1.62%,251864
2546,NTES,"NetEase, Inc.",Communication Services,Internet Content & Information,China,67846.3,25.85,96.12,0.01%,1615945
2547,NTGR,"NETGEAR, Inc.",Technology,Communication Equipment,USA,728.94,,24.87,22.57%,927504
2548,NTLA,"Intellia Therapeutics, Inc.",Healthcare,Biotechnology,USA,5213.4,,65.66,-2.77%,612761
2549,NTNX,"Nutanix, Inc.",Technology,Software - Infrastructure,USA,3509.06,,14.95,1.70%,2288140
2550,NTR,Nutrien Ltd.,Basic Materials,Agricultural Inputs,Canada,59875.04,8.33,83.41,-0.12%,2086617
2551,NTRA,"Natera, Inc.",Healthcare,Diagnostics & Research,USA,4781.57,,47.83,1.70%,756549
2552,NTRS,Northern Trust Corporation,Financial,Asset Management,USA,20438.5,13.34,97.97,1.04%,722483
2553,NTST,NETSTREIT Corp.,Real Estate,REIT - Retail,USA,988.2,225.33,20.73,0.48%,372604
2554,NTUS,Natus Medical Incorporated,Healthcare,Medical Devices,USA,1125.66,66.59,32.96,0.00%,0
2555,NU,Nu Holdings Ltd.,Financial,Banks - Diversified,Brazil,20952.41,,4.21,4.21%,26829405
2556,NUAG,Nuveen Enhanced Yield U.S. Aggregate Bond ETF,Financial,Exchange Traded Fund,USA,4466.31,,22.07,0.78%,12113
2557,NUE,Nucor Corporation,Basic Materials,Steel,USA,37201.81,5.55,130.4,2.41%,2418750
2558,NUS,"Nu Skin Enterprises, Inc.",Consumer Defensive,Household & Personal Products,USA,2209.95,16.25,43.77,0.95%,221934
2559,NUTX,"Nutex Health, Inc.",Healthcare,Health Information Services,USA,2011.74,,3.03,9.78%,865808
2560,NUV,"Nuveen Municipal Value Fund, Inc.",Financial,Closed-End Fund - Debt,USA,1924,18.8,9.25,1.87%,308432
2561,NUVA,"NuVasive, Inc.",Healthcare,Medical Devices,USA,2781.99,,52.95,0.49%,372081
2562,NUVB,Nuvation Bio Inc.,Healthcare,Biotechnology,USA,686.17,,2.98,-4.79%,791181
2563,NUVL,"Nuvalent, Inc.",Healthcare,Biotechnology,USA,884.86,,17.01,-0.41%,52381
2564,NVAX,"Novavax, Inc.",Healthcare,Biotechnology,USA,4795.53,,57.11,1.24%,4099379
2565,NVCR,NovoCure Limited,Healthcare,Medical Instruments & Supplies,USA,7698.3,,70.24,-5.03%,1190273
2566,NVDA,NVIDIA Corporation,Technology,Semiconductors,USA,468576.71,48.25,179.84,1.09%,47258231
2567,NVEE,"NV5 Global, Inc.",Industrials,Engineering & Construction,USA,2137.66,40.83,136.07,4.98%,54838
2568,NVEI,Nuvei Corporation,Technology,Software - Infrastructure,Canada,6254.77,47.44,33.21,0.03%,197075
2569,NVG,Nuveen AMT-Free Municipal Credit Income Fund,Financial,Asset Management,USA,2928.59,4.65,13.72,1.03%,756660
2570,NVGS,Navigator Holdings Ltd.,Energy,Oil & Gas Midstream,United Kingdom,862.91,,11.13,-2.54%,41035
2571,NVMI,Nova Ltd.,Technology,Semiconductor Equipment & Materials,Israel,3078.21,29.06,104.24,0.13%,80325
2572,NVO,Novo Nordisk A/S,Healthcare,Drug Manufacturers - General,Denmark,203315.87,39.49,116.39,-0.46%,769440
2573,NVR,"NVR, Inc.",Consumer Cyclical,Residential Construction,USA,14442.57,11.72,4389.84,0.40%,19749
2574,NVRO,Nevro Corp.,Healthcare,Medical Devices,USA,1563.07,,44.8,1.01%,380726
2575,NVS,Novartis AG,Healthcare,Drug Manufacturers - General,Switzerland,208653.5,8.55,87.26,0.59%,2012189
2576,NVSA,New Vista Acquisition Corp,Financial,Shell Companies,USA,340,32.7,9.88,0.00%,4370
2577,NVST,Envista Holdings Corporation,Healthcare,Medical Instruments & Supplies,USA,6925.14,26.69,40.6,2.27%,2283395
2578,NVT,nVent Electric plc,Industrials,Electrical Equipment & Parts,United Kingdom,5817.26,21.53,34.97,3.13%,882173
2579,NVTA,Invitae Corporation,Healthcare,Diagnostics & Research,USA,489.6,,1.99,-2.45%,9585462
2580,NVTS,Navitas Semiconductor Corporation,Technology,Semiconductors,Ireland,669.28,,5.09,-0.78%,848131
2581,NWBI,"Northwest Bancshares, Inc.",Financial,Banks - Regional,USA,1801.15,12.62,14.15,2.24%,954582
2582,NWE,NorthWestern Corporation,Utilities,Utilities - Diversified,USA,3002.5,16.23,55.85,1.40%,491743
2583,NWG,NatWest Group plc,Financial,Banks - Diversified,United Kingdom,29419.06,9.25,5.71,-1.89%,1278046
2584,NWL,Newell Brands Inc.,Consumer Defensive,Household & Personal Products,USA,8483.31,12.32,20.69,2.99%,5349451
2585,NWLI,"National Western Life Group, Inc.",Financial,Insurance - Life,USA,740.68,4.74,201.82,-1.55%,4744
2586,NWN,Northwest Natural Holding Company,Utilities,Utilities - Regulated Gas,USA,1827.86,22.19,53.65,0.94%,142449
2587,NWPX,Northwest Pipe Company,Industrials,Metal Fabrication,USA,311.64,23.91,31.04,0.98%,21657
2588,NWS,News Corporation,Communication Services,Broadcasting,USA,10142.29,20.77,17.24,0.12%,601659
2589,NWSA,News Corporation,Communication Services,Broadcasting,USA,10046.42,20.36,17.1,0.29%,2401438
2590,NX,Quanex Building Products Corporation,Industrials,Building Products & Equipment,USA,823.03,16.1,24.59,0.78%,98268
2591,NXDT,NexPoint Diversified Real Estate Trust,Financial,Asset Management,USA,575.88,2.35,15.56,0.65%,99987
2592,NXE,NexGen Energy Ltd.,Energy,Uranium,Canada,2786.64,,4.27,2.64%,1511543
2593,NXGN,"NextGen Healthcare, Inc.",Healthcare,Health Information Services,USA,1150.72,734.78,16.9,-1.46%,346961
2594,NXJ,Nuveen New Jersey Quality Municipal Income Fund,Financial,Asset Management,USA,528.91,10.64,12.75,0.95%,60401
2595,NXP,Nuveen Select Tax-Free Income Portfolio,Financial,Closed-End Fund - Debt,USA,670.61,,14.32,1.99%,126268
2596,NXPI,NXP Semiconductors N.V.,Technology,Semiconductors,Netherlands,49402.11,22.74,183.12,0.94%,2267977
2597,NXRT,"NexPoint Residential Trust, Inc.",Real Estate,REIT - Residential,USA,1657.78,75.22,65.37,5.49%,111848
2598,NXST,"Nexstar Media Group, Inc.",Communication Services,Broadcasting,USA,7797.95,9.36,192.78,4.06%,329709
2599,NYCB,"New York Community Bancorp, Inc.",Financial,Banks - Regional,USA,4997.9,8.73,10.6,4.54%,9692174
2600,NYMT,"New York Mortgage Trust, Inc.",Real Estate,REIT - Mortgage,USA,1208.53,67.45,3.17,4.28%,2770037
2601,NYT,The New York Times Company,Communication Services,Publishing,USA,5299.55,29.29,31.9,0.98%,1043900
2602,NZF,Nuveen Municipal Credit Income Fund,Financial,Asset Management,USA,1880.33,4.4,13.23,1.22%,861311
2603,O,Realty Income Corporation,Real Estate,REIT - Retail,USA,43764.39,72.1,73.54,2.32%,2737910
2604,OB,Outbrain Inc.,Communication Services,Internet Content & Information,USA,342.97,30.55,5.53,1.84%,156744
2605,OBE,Obsidian Energy Ltd.,Energy,Oil & Gas E&P,Canada,885.95,1.49,8.03,3.48%,1024499
2606,OBNK,"Origin Bancorp, Inc.",Financial,Banks - Regional,USA,1022.77,9.74,42.74,1.64%,73761
2607,OC,Owens Corning,Industrials,Building Products & Equipment,USA,8798.48,8.5,90.01,6.50%,1577430
2608,OCFC,OceanFirst Financial Corp.,Financial,Banks - Regional,USA,1234.41,12.38,20.67,-0.48%,268185
2609,OCFT,"OneConnect Financial Technology Co., Ltd.",Technology,Software - Application,China,586.17,,1.44,-2.70%,403998
2610,OCGN,"Ocugen, Inc.",Healthcare,Biotechnology,USA,616.62,,2.62,-0.38%,4097970
2611,OCN,Ocwen Financial Corporation,Financial,Mortgage Finance,USA,317.56,2.73,34.63,3.68%,67751
2612,OCSL,Oaktree Specialty Lending Corporation,Financial,Credit Services,USA,1255.31,4.75,6.96,1.61%,715341
2613,OCUL,"Ocular Therapeutix, Inc.",Healthcare,Biotechnology,USA,341.46,,4.3,-3.37%,299910
2614,ODFL,"Old Dominion Freight Line, Inc.",Industrials,Trucking,USA,33613.73,29.94,293.16,7.20%,1169642
2615,ODP,The ODP Corporation,Consumer Cyclical,Specialty Retail,USA,1806.55,10.53,36.16,-0.33%,609326
2616,ODV,Osisko Development Corp.,Basic Materials,Gold,Canada,316.99,,4.05,4.92%,61065
2617,OEC,Orion Engineered Carbons S.A.,Basic Materials,Specialty Chemicals,Luxembourg,1070.1,7.33,17.31,0.82%,425989
2618,OFC,Corporate Office Properties Trust,Real Estate,REIT - Office,USA,3050.07,27.99,27.35,1.30%,334856
2619,OFG,OFG Bancorp,Financial,Banks - Regional,USA,1342.39,9.07,27.34,1.18%,205725
2620,OFIX,Orthofix Medical Inc.,Healthcare,Medical Devices,USA,515,,25.66,-1.04%,34449
2621,OFLX,"Omega Flex, Inc.",Industrials,Specialty Industrial Machinery,USA,1157.93,45.65,114.76,-1.72%,13002
2622,OGE,OGE Energy Corp.,Utilities,Utilities - Regulated Electric,USA,8061.38,8.43,40.54,2.68%,831751
2623,OGI,OrganiGram Holdings Inc.,Healthcare,Drug Manufacturers - Specialty & Generic,Canada,449.75,,1.06,3.92%,1435403
2624,OGN,Organon & Co.,Healthcare,Drug Manufacturers - General,USA,8179.02,6.33,32.45,-0.58%,1153446
2625,OGS,"ONE Gas, Inc.",Utilities,Utilities - Regulated Gas,USA,4553.99,21.79,84.82,3.02%,279715
2626,OHI,"Omega Healthcare Investors, Inc.",Real Estate,REIT - Healthcare Facilities,USA,7337.04,17.38,31.48,0.90%,1971997
2627,OI,"O-I Glass, Inc.",Consumer Cyclical,Packaging & Containers,USA,2185.54,6.91,14.19,1.07%,663156
2628,OIA,Invesco Municipal Income Opportunities Trust,Financial,Closed-End Fund - Debt,USA,313.58,7.51,6.59,1.70%,157654
2629,OII,"Oceaneering International, Inc.",Energy,Oil & Gas Equipment & Services,USA,1003.5,,10.03,-11.00%,2353187
2630,OIS,"Oil States International, Inc.",Energy,Oil & Gas Equipment & Services,USA,309,,4.94,-7.14%,861321
2631,OKE,"ONEOK, Inc.",Energy,Oil & Gas Midstream,USA,27152.61,17.98,60.37,0.13%,2201143
2632,OKTA,"Okta, Inc.",Technology,Software - Infrastructure,USA,15898.49,,98.4,2.05%,1634584
2633,OLED,Universal Display Corporation,Technology,Semiconductor Equipment & Materials,USA,5573.14,29.95,114.65,-0.19%,370832
2634,OLK,Olink Holding AB (publ),Healthcare,Diagnostics & Research,Sweden,1798.73,,13.56,-2.09%,100636
2635,OLLI,"Ollie's Bargain Outlet Holdings, Inc.",Consumer Defensive,Discount Stores,USA,3758.47,33.17,59.31,-3.69%,1450295
2636,OLN,Olin Corporation,Basic Materials,Specialty Chemicals,USA,7626.94,5.56,49.59,0.26%,1687932
2637,OLO,Olo Inc.,Technology,Software - Application,USA,1746.71,,10.68,0.75%,860942
2638,OLP,"One Liberty Properties, Inc.",Real Estate,REIT - Diversified,USA,582.88,12.92,27.73,1.39%,21280
2639,OLPX,"Olaplex Holdings, Inc.",Consumer Cyclical,Specialty Retail,USA,11591.56,49.4,17.19,0.12%,1552321
2640,OM,"Outset Medical, Inc.",Healthcare,Medical Devices,USA,799.26,,16.15,-4.66%,604951
2641,OMAB,"Grupo Aeroportuario del Centro Norte, S.A.B. de C.V.",Industrials,Airports & Air Services,Mexico,2073.29,15.36,49.13,3.28%,43570
2642,OMC,Omnicom Group Inc.,Communication Services,Advertising Agencies,USA,14323.52,11.68,69.65,0.90%,933883
2643,OMCL,"Omnicell, Inc.",Healthcare,Health Information Services,USA,5003.08,73.96,110.2,-0.10%,364947
2644,OMF,"OneMain Holdings, Inc.",Financial,Credit Services,USA,4683.58,4.07,37.26,-6.26%,4007904
2645,OMI,"Owens & Minor, Inc.",Healthcare,Medical Distribution,USA,2661.82,14.17,35.71,1.08%,282015
2646,ON,ON Semiconductor Corporation,Technology,Semiconductors,USA,28877.69,19.83,64.56,3.28%,6414330
2647,ONB,Old National Bancorp,Financial,Banks - Regional,USA,5000.36,16.77,17.09,0.59%,1662063
2648,ONEM,"1Life Healthcare, Inc.",Healthcare,Health Information Services,USA,3310.25,,16.96,0.36%,6500423
2649,ONEW,OneWater Marine Inc.,Consumer Cyclical,Recreational Vehicles,USA,540.22,4.26,35.8,-0.94%,85846
2650,ONL,Orion Office REIT Inc.,Real Estate,REIT - Office,USA,604.82,,10.72,1.42%,299594
2651,ONON,On Holding AG,Consumer Cyclical,Apparel Retail,Switzerland,6802.34,,21.17,10.78%,3454598
2652,ONTF,"ON24, Inc.",Technology,Software - Application,USA,463.11,,9.64,0.21%,159536
2653,ONTO,Onto Innovation Inc.,Technology,Semiconductors,USA,4192.17,23.9,82.28,1.96%,160512
2654,ONYX,Onyx Acquisition Co. I,Financial,Shell Companies,USA,332.58,,10.06,0.30%,2
2655,OOMA,"Ooma, Inc.",Communication Services,Telecom Services,USA,303.81,,12.58,2.03%,30333
2656,OPAD,Offerpad Solutions Inc.,Real Estate,Real Estate Services,USA,570.79,37.86,2.12,0.47%,944270
2657,OPCH,"Option Care Health, Inc.",Healthcare,Medical Care Facilities,USA,6027.66,35.6,33.93,2.32%,1517428
2658,OPEN,Opendoor Technologies Inc.,Real Estate,Real Estate Services,USA,3416.77,,5.04,6.11%,22419755
2659,OPFI,OppFi Inc.,Technology,Software - Application,USA,375.73,34.51,3.14,2.95%,87509
2660,OPI,Office Properties Income Trust,Real Estate,REIT - Office,USA,1012,,20.24,0.70%,184075
2661,OPK,"OPKO Health, Inc.",Healthcare,Diagnostics & Research,USA,1739.37,,2.43,-1.62%,1998066
2662,OPRA,Opera Limited,Technology,Software - Infrastructure,Norway,618.04,,5.43,10.59%,313119
2663,OPRX,OptimizeRx Corporation,Healthcare,Health Information Services,USA,485.71,,22.57,-1.48%,274648
2664,OPTN,"OptiNose, Inc.",Healthcare,Drug Manufacturers - Specialty & Generic,USA,305.18,,3.65,-1.35%,40443
2665,OPY,Oppenheimer Holdings Inc.,Financial,Capital Markets,USA,457.55,3.94,37.29,2.61%,137280
2666,OR,Osisko Gold Royalties Ltd,Basic Materials,Gold,Canada,2520.26,,10.38,3.28%,813252
2667,ORA,"Ormat Technologies, Inc.",Utilities,Utilities - Renewable,USA,4722.69,73.32,84.91,3.85%,598811
2668,ORAN,Orange S.A.,Communication Services,Telecom Services,France,27324.44,2517.5,10.07,-2.52%,981432
2669,ORC,"Orchid Island Capital, Inc.",Real Estate,REIT - Mortgage,USA,577.49,,3.25,1.56%,2780221
2670,ORCC,Owl Rock Capital Corporation,Financial,Credit Services,USA,5106.45,9.88,12.86,1.34%,1513447
2671,ORCL,Oracle Corporation,Technology,Software - Infrastructure,USA,204319.33,32.1,77.04,1.54%,5674414
2672,ORGN,"Origin Materials, Inc.",Basic Materials,Chemicals,USA,832.49,7.49,5.62,3.50%,1041389
2673,ORGO,Organogenesis Holdings Inc.,Healthcare,Drug Manufacturers - Specialty & Generic,USA,780.28,9.26,5.9,0.34%,476714
2674,ORI,Old Republic International Corporation,Financial,Insurance - Diversified,USA,7034.88,5.22,22.9,0.39%,1819174
2675,ORLA,Orla Mining Ltd.,Basic Materials,Gold,Canada,753.94,,3.05,6.10%,187845
2676,ORLY,"O'Reilly Automotive, Inc.",Consumer Cyclical,Specialty Retail,USA,46309.16,22.65,707.01,2.55%,852391
2677,ORMP,Oramed Pharmaceuticals Inc.,Healthcare,Biotechnology,USA,361.41,,8.47,5.35%,442332
2678,OSBC,"Old Second Bancorp, Inc.",Financial,Banks - Regional,USA,642.69,24.15,14.2,-4.44%,384008
2679,OSCR,"Oscar Health, Inc.",Healthcare,Healthcare Plans,USA,1164.33,,5.34,-1.66%,896464
2680,OSH,"Oak Street Health, Inc.",Healthcare,Medical Care Facilities,USA,6890.11,,29,1.12%,1430355
2681,OSIS,"OSI Systems, Inc.",Technology,Electronic Components,USA,1634.37,16.09,95.41,1.76%,63903
2682,OSK,Oshkosh Corporation,Industrials,Farm & Heavy Construction Machinery,USA,5553.78,18.95,83.97,-6.19%,1266942
2683,OSPN,OneSpan Inc.,Technology,Software - Application,USA,446.89,,11.1,1.00%,119773
2684,OSTK,"Overstock.com, Inc.",Consumer Cyclical,Internet Retail,USA,1355,9.36,30.32,7.21%,2705300
2685,OSW,OneSpaWorld Holdings Limited,Consumer Cyclical,Leisure,Bahamas,584.36,,7.32,2.52%,483643
2686,OTEX,Open Text Corporation,Technology,Software - Application,Canada,11047.7,23.18,40.49,0.85%,515044
2687,OTIS,Otis Worldwide Corporation,Industrials,Specialty Industrial Machinery,USA,32966.34,26.45,76.85,0.54%,2118314
2688,OTLY,Oatly Group AB,Consumer Defensive,Beverages - Non-Alcoholic,Sweden,2418.75,,3.75,4.75%,2600548
2689,OTTR,Otter Tail Corporation,Utilities,Utilities - Diversified,USA,2898.28,13.34,69.62,2.85%,151104
2690,OUST,"Ouster, Inc.",Technology,Electronic Components,USA,327.3,,1.75,2.94%,1023771
2691,OUT,Outfront Media Inc.,Real Estate,REIT - Specialty,USA,3039.84,35.06,18.09,2.43%,616010
2692,OVV,Ovintiv Inc.,Energy,Oil & Gas E&P,USA,12799.01,15.25,48.84,0.29%,2193283
2693,OWL,Blue Owl Capital Inc.,Financial,Asset Management,USA,16250.7,,11.35,4.03%,2519675
2694,OXLC,Oxford Lane Capital Corp.,Financial,Closed-End Fund - Debt,USA,804.34,2.12,6.55,2.02%,920934
2695,OXM,"Oxford Industries, Inc.",Consumer Cyclical,Apparel Manufacturing,USA,1516.22,9.98,95.24,1.38%,106247
2696,OXY,Occidental Petroleum Corporation,Energy,Oil & Gas E&P,USA,59609.48,9.49,62.64,-0.22%,14494761
2697,OZK,Bank OZK,Financial,Banks - Regional,USA,5185,9.22,39.55,0.00%,511310
2698,PAA,"Plains All American Pipeline, L.P.",Energy,Oil & Gas Midstream,USA,7869.07,47.01,11,0.00%,7453816
2699,PAAS,Pan American Silver Corp.,Basic Materials,Silver,Canada,4284.72,23.29,20.1,3.93%,3449378
2700,PAC,"Grupo Aeroportuario del Pacifico, S.A.B. de C.V.",Industrials,Airports & Air Services,Mexico,5762.42,20.03,137.07,2.34%,57975
2701,PACB,"Pacific Biosciences of California, Inc.",Healthcare,Diagnostics & Research,USA,1081.82,,4.49,0.00%,4497077
2702,PACK,Ranpak Holdings Corp.,Consumer Cyclical,Packaging & Containers,USA,402.47,,4.82,-29.74%,5062827
2703,PACW,PacWest Bancorp,Financial,Banks - Regional,USA,3433.7,6.2,27.81,2.09%,1279232
2704,PAG,"Penske Automotive Group, Inc.",Consumer Cyclical,Auto & Truck Dealerships,USA,8500.96,6.5,113.15,2.89%,555165
2705,PAGP,"Plains GP Holdings, L.P.",Energy,Oil & Gas Midstream,USA,2740.54,166.12,11.13,-0.36%,1918407
2706,PAGS,PagSeguro Digital Ltd.,Technology,Software - Infrastructure,Brazil,3715.76,17.08,10.93,-0.09%,3856894
2707,PAHC,Phibro Animal Health Corporation,Healthcare,Drug Manufacturers - Specialty & Generic,USA,799.9,13.62,19.78,2.33%,156121
2708,PAM,Pampa Energia S.A.,Utilities,Utilities - Regulated Electric,Argentina,3356.17,4.12,23.65,5.86%,201905
2709,PANW,"Palo Alto Networks, Inc.",Technology,Software - Infrastructure,USA,49344.05,,492.21,2.96%,1231524
2710,PAR,PAR Technology Corporation,Technology,Software - Application,USA,1151.76,,41.61,4.00%,187036
2711,PARA,Paramount Global,Communication Services,Entertainment,USA,16399.97,4.28,24.35,-0.73%,9313290
2712,PARR,"Par Pacific Holdings, Inc.",Energy,Oil & Gas Refining & Marketing,USA,1007.6,,16.15,1.13%,728566
2713,PATH,UiPath Inc.,Technology,Software - Infrastructure,USA,10973.88,,18.62,0.59%,4373360
2714,PATK,"Patrick Industries, Inc.",Industrials,Building Products & Equipment,USA,1410.15,5.03,60.94,3.34%,277004
2715,PAX,Patria Investments Limited,Financial,Asset Management,Cayman Islands,777.46,15.95,14.31,3.55%,119704
2716,PAY,"Paymentus Holdings, Inc.",Technology,Information Technology Services,USA,1819.09,287.25,14.65,3.02%,410275
2717,PAYA,Paya Holdings Inc.,Technology,Software - Infrastructure,USA,906.05,6850,6.85,-0.29%,367158
2718,PAYC,"Paycom Software, Inc.",Technology,Software - Application,USA,20067.73,85.09,326.57,1.99%,758281
2719,PAYO,Payoneer Global Inc.,Technology,Software - Infrastructure,USA,1846.07,,5.39,1.13%,1343361
2720,PAYX,"Paychex, Inc.",Industrials,Staffing & Employment Services,USA,46018.15,33.44,128.27,2.28%,1231151
2721,PB,"Prosperity Bancshares, Inc.",Financial,Banks - Regional,USA,6676.1,13.21,72.59,-1.09%,505102
2722,PBA,Pembina Pipeline Corporation,Energy,Oil & Gas Midstream,Canada,20423.97,,37.11,-0.13%,771415
2723,PBF,PBF Energy Inc.,Energy,Oil & Gas Refining & Marketing,USA,3792.9,15.54,31.38,0.77%,4704111
2724,PBFX,PBF Logistics LP,Energy,Oil & Gas Midstream,USA,1124.45,7.45,18.02,-1.37%,1963911
2725,PBH,Prestige Consumer Healthcare Inc.,Healthcare,Medical Distribution,USA,3047.01,15.04,60.77,0.60%,307589
2726,PBI,Pitney Bowes Inc.,Industrials,Business Equipment & Supplies,USA,605.75,11.72,3.41,-17.63%,4010343
2727,PBR,Petroleo Brasileiro S.A. - Petrobras,Energy,Oil & Gas Integrated,Brazil,83224.21,3.2,13.39,3.40%,35913627
2728,PBR-A,Petroleo Brasileiro S.A. - Petrobras,Energy,Oil & Gas Integrated,Brazil,70024.63,3.43,12.5,5.04%,16816597
2729,PBT,Permian Basin Royalty Trust,Energy,Oil & Gas E&P,USA,952.03,75.13,20.36,2.83%,280182
2730,PCAR,PACCAR Inc,Industrials,Farm & Heavy Construction Machinery,USA,31546.41,16,90.98,2.14%,1624873
2731,PCG,PG&E Corporation,Utilities,Utilities - Regulated Electric,USA,26450.02,112.29,10.78,0.00%,9211944
2732,PCH,PotlatchDeltic Corporation,Real Estate,REIT - Specialty,USA,3370.11,7.24,48.31,0.77%,271601
2733,PCN,PIMCO Corporate & Income Strategy Fund,Financial,Closed-End Fund - Debt,USA,558.89,4.63,13.41,0.98%,146236
2734,PCOR,"Procore Technologies, Inc.",Technology,Software - Application,USA,7217.52,,51,3.85%,596131
2735,PCRX,"Pacira BioSciences, Inc.",Healthcare,Drug Manufacturers - Specialty & Generic,USA,2590.98,67.66,56.77,-0.39%,274748
2736,PCSB,PCSB Financial Corporation,Financial,Banks - Regional,USA,302.9,19.15,19.72,1.02%,64351
2737,PCT,"PureCycle Technologies, Inc.",Industrials,Pollution & Treatment Controls,USA,1289.89,,7.42,-0.54%,681272
2738,PCTY,Paylocity Holding Corporation,Technology,Software - Application,USA,11399.05,130.69,202.83,3.01%,153996
2739,PCVX,"Vaxcyte, Inc.",Healthcare,Biotechnology,USA,1513.48,,23.7,-4.47%,218573
2740,PD,"PagerDuty, Inc.",Technology,Software - Application,USA,2427.1,,26,1.33%,515577
2741,PDCE,"PDC Energy, Inc.",Energy,Oil & Gas E&P,USA,6501.8,12.65,63.55,0.63%,697349
2742,PDCO,"Patterson Companies, Inc.",Healthcare,Medical Distribution,USA,3024.16,15.08,31.1,1.27%,664324
2743,PDD,Pinduoduo Inc.,Consumer Cyclical,Internet Retail,China,66050.63,37,50.91,-7.42%,12531478
2744,PDFS,"PDF Solutions, Inc.",Technology,Software - Application,USA,985.44,,26.8,0.83%,151997
2745,PDI,PIMCO Dynamic Income Fund,Financial,Closed-End Fund - Debt,USA,1508.68,,21.37,1.62%,1040764
2746,PDM,"Piedmont Office Realty Trust, Inc.",Real Estate,REIT - Office,USA,1656.2,33.88,13.52,0.75%,498178
2747,PDS,Precision Drilling Corporation,Energy,Oil & Gas Drilling,Canada,911.97,,66.86,4.75%,95397
2748,PDT,John Hancock Premium Dividend Fund,Financial,Closed-End Fund - Debt,USA,718.35,4.56,14.72,2.49%,62418
2749,PEAK,"Healthpeak Properties, Inc.",Real Estate,REIT - Healthcare Facilities,USA,14754.98,47.73,27.49,2.19%,6819500
2750,PEB,Pebblebrook Hotel Trust,Real Estate,REIT - Hotel & Motel,USA,2611.43,,19.4,2.43%,1244349
2751,PEBO,Peoples Bancorp Inc.,Financial,Banks - Regional,USA,854.4,14.72,30.18,0.73%,96803
2752,PECO,"Phillips Edison & Company, Inc.",Real Estate,REIT - Retail,USA,3839.6,142.03,33.66,2.50%,622918
2753,PEG,Public Service Enterprise Group Incorporated,Utilities,Utilities - Diversified,USA,32399.35,,65.44,5.72%,3961940
2754,PEGA,Pegasystems Inc.,Technology,Software - Application,USA,3333.08,,40.24,-15.37%,1899013
2755,PEN,"Penumbra, Inc.",Healthcare,Medical Devices,USA,5241.87,,141.1,3.35%,250509
2756,PENN,"Penn National Gaming, Inc.",Consumer Cyclical,Resorts & Casinos,USA,5855.04,15.81,34.23,-0.41%,2025048
2757,PEO,"Adams Natural Resources Fund, Inc.",Financial,Closed-End Fund - Equity,USA,494.94,3.41,20.55,1.48%,37556
2758,PEP,"PepsiCo, Inc.",Consumer Defensive,Beverages - Non-Alcoholic,USA,239728.36,25.79,174.84,1.89%,3125246
2759,PERI,Perion Network Ltd.,Communication Services,Internet Content & Information,Israel,911.59,15.58,19.24,-0.62%,194292
2760,PETQ,"PetIQ, Inc.",Healthcare,Drug Manufacturers - Specialty & Generic,USA,509.43,,16.73,2.95%,234604
2761,PETS,"PetMed Express, Inc.",Healthcare,Pharmaceutical Retailers,USA,469.58,21,21.76,-0.32%,455570
2762,PFBC,Preferred Bank,Financial,Banks - Regional,USA,1106.63,10.07,72.14,1.21%,77622
2763,PFC,Premier Financial Corp.,Financial,Banks - Regional,USA,996.85,9.31,28.12,0.07%,298314
2764,PFE,Pfizer Inc.,Healthcare,Drug Manufacturers - General,USA,283973.68,11.44,50.72,-2.37%,38887567
2765,PFG,"Principal Financial Group, Inc.",Financial,Insurance - Diversified,USA,16596.84,11.15,64.91,0.03%,903746
2766,PFGC,Performance Food Group Company,Consumer Defensive,Food Distribution,USA,8009.51,108.5,51.32,0.86%,851757
2767,PFHC,ProFrac Holding Corp.,Energy,Oil & Gas Equipment & Services,USA,2735.57,,18.27,0.50%,173089
2768,PFHD,Professional Holding Corp.,Financial,Banks - Regional,USA,315.89,16.32,22.23,-0.13%,25308
2769,PFIS,Peoples Financial Services Corp.,Financial,Banks - Regional,USA,379.48,8.6,53,0.15%,3101
2770,PFL,PIMCO Income Strategy Fund,Financial,Closed-End Fund - Debt,USA,317.1,4.38,9.25,1.31%,160784
2771,PFLT,PennantPark Floating Rate Capital Ltd.,Financial,Asset Management,USA,501.15,8.83,12.87,1.74%,162224
2772,PFN,PIMCO Income Strategy Fund II,Financial,Closed-End Fund - Debt,USA,607.16,4.57,7.9,1.15%,196047
2773,PFS,"Provident Financial Services, Inc.",Financial,Banks - Regional,USA,1810.69,11.21,23.97,0.17%,307246
2774,PFSI,"PennyMac Financial Services, Inc.",Financial,Mortgage Finance,USA,2991.99,4.41,55.02,1.95%,405921
2775,PG,The Procter & Gamble Company,Consumer Defensive,Household & Personal Products,USA,349651.09,25.88,148.06,1.66%,7100980
2776,PGC,Peapack-Gladstone Financial Corporation,Financial,Banks - Regional,USA,584.26,10.66,31.65,0.86%,115422
2777,PGEN,"Precigen, Inc.",Healthcare,Biotechnology,USA,349.02,,1.61,-1.83%,1083621
2778,PGNY,"Progyny, Inc.",Healthcare,Health Information Services,USA,2986.91,55.73,30.93,0.13%,546150
2779,PGR,The Progressive Corporation,Financial,Insurance - Property & Casualty,USA,66850.25,81.39,114.19,0.95%,2078884
2780,PGRE,"Paramount Group, Inc.",Real Estate,REIT - Office,USA,1704.43,,7.77,2.24%,1028184
2781,PGRU,PropertyGuru Limited,Real Estate,Real Estate Services,Singapore,793.36,,4.6,-3.97%,34186
2782,PGTI,"PGT Innovations, Inc.",Industrials,Building Products & Equipment,USA,1300.62,37.36,21.97,6.14%,1038791
2783,PGY,Pagaya Technologies Ltd.,Technology,Software - Infrastructure,Israel,5577.71,,17.97,-18.21%,7230703
2784,PH,Parker-Hannifin Corporation,Industrials,Specialty Industrial Machinery,USA,36381.71,21.88,282.95,2.13%,768844
2785,PHAR,Pharming Group N.V.,Healthcare,Biotechnology,Netherlands,484.93,25.3,7.59,-0.33%,2
2786,PHAT,"Phathom Pharmaceuticals, Inc.",Healthcare,Biotechnology,USA,397.02,,9.75,-2.30%,95656
2787,PHG,Koninklijke Philips N.V.,Healthcare,Diagnostics & Research,Netherlands,18655.79,38.78,21.06,-0.99%,1365020
2788,PHI,PLDT Inc.,Communication Services,Telecom Services,Philippines,6660.6,12.62,30.67,1.79%,63522
2789,PHK,PIMCO High Income Fund,Financial,Closed-End Fund - Debt,USA,681.57,,5.09,1.39%,570260
2790,PHM,"PulteGroup, Inc.",Consumer Cyclical,Residential Construction,USA,10312.06,5.34,43.71,0.11%,2696483
2791,PHR,"Phreesia, Inc.",Healthcare,Health Information Services,USA,1292.42,,24.28,0.50%,326417
2792,PHVS,Pharvaris N.V.,Healthcare,Biotechnology,Netherlands,733.17,,21.84,3.95%,1593
2793,PHYS,Sprott Physical Gold Trust,Financial,Exchange Traded Fund,USA,4693.39,,13.78,1.77%,2139156
2794,PI,"Impinj, Inc.",Technology,Communication Equipment,USA,2205.11,,82.93,18.67%,858185
2795,PII,Polaris Inc.,Consumer Cyclical,Recreational Vehicles,USA,6793.21,16.55,114.21,2.58%,575785
2796,PIII,P3 Health Partners Inc.,Healthcare,Medical Care Facilities,USA,1234.82,,4.91,0.82%,32330
2797,PINC,"Premier, Inc.",Healthcare,Health Information Services,USA,4493.47,18,38.35,1.05%,219531
2798,PING,Ping Identity Holding Corp.,Technology,Software - Infrastructure,USA,1503.19,,17.4,-3.12%,899308
2799,PINS,"Pinterest, Inc.",Communication Services,Internet Content & Information,USA,14806.38,35.94,19.3,0.52%,11478813
2800,PIPR,Piper Sandler Companies,Financial,Capital Markets,USA,2174.03,7.86,121.59,2.37%,61248
2801,PJT,PJT Partners Inc.,Financial,Capital Markets,USA,2538.27,17.91,71.08,1.35%,168595
2802,PK,Park Hotels & Resorts Inc.,Real Estate,REIT - Hotel & Motel,USA,3669.53,,15.45,2.79%,3058699
2803,PKG,Packaging Corporation of America,Consumer Cyclical,Packaging & Containers,USA,13158.22,14.29,140.16,0.60%,593892
2804,PKI,"PerkinElmer, Inc.",Healthcare,Diagnostics & Research,USA,19651.49,24.92,154.42,2.48%,629785
2805,PKX,POSCO Holdings Inc.,Basic Materials,Steel,South Korea,16323.15,2.57,46.51,1.31%,184922
2806,PL,Planet Labs PBC,Industrials,Aerospace & Defense,USA,1464.58,,5.11,-0.58%,2053810
2807,PLAB,"Photronics, Inc.",Technology,Semiconductor Equipment & Materials,USA,1477.12,16.28,23.28,0.30%,1067442
2808,PLAY,"Dave & Buster's Entertainment, Inc.",Consumer Cyclical,Restaurants,USA,1841.88,11.72,37.06,4.31%,719641
2809,PLBY,"PLBY Group, Inc.",Consumer Cyclical,Leisure,USA,311.23,,6.34,6.38%,1251162
2810,PLCE,"The Children's Place, Inc.",Consumer Cyclical,Apparel Retail,USA,556.74,3.85,42.37,3.04%,232271
2811,PLD,"Prologis, Inc.",Real Estate,REIT - Industrial,USA,97069.06,26.44,132.4,3.93%,2955633
2812,PLL,Piedmont Lithium Inc.,Basic Materials,Other Industrial Metals & Mining,USA,674.45,,42.5,3.28%,349402
2813,PLMR,"Palomar Holdings, Inc.",Financial,Insurance - Property & Casualty,USA,1596.69,36.14,60.78,0.80%,65172
2814,PLNT,"Planet Fitness, Inc.",Consumer Cyclical,Leisure,USA,7313.48,125.27,79.92,2.32%,571757
2815,PLOW,"Douglas Dynamics, Inc.",Consumer Cyclical,Auto Parts,USA,713.02,27.49,31.15,1.30%,100333
2816,PLPC,Preformed Line Products Company,Industrials,Electrical Equipment & Parts,USA,301.8,7.3,60,-1.06%,6102
2817,PLRX,"Pliant Therapeutics, Inc.",Healthcare,Biotechnology,USA,668.19,,17.57,1.38%,716094
2818,PLTK,Playtika Holding Corp.,Communication Services,Electronic Gaming & Multimedia,Israel,5280.19,14.3,12.38,-0.08%,5323973
2819,PLTR,Palantir Technologies Inc.,Technology,Software - Infrastructure,USA,22090.59,,10.13,1.10%,27028469
2820,PLUG,Plug Power Inc.,Industrials,Electrical Equipment & Parts,USA,12986.44,,21.63,25.90%,76941303
2821,PLUS,ePlus inc.,Technology,Software - Application,USA,1485.9,17.25,54.23,0.61%,50434
2822,PLXS,Plexus Corp.,Technology,Electronic Components,USA,2545.13,23.62,91.42,2.66%,194273
2823,PLYA,Playa Hotels & Resorts N.V.,Consumer Cyclical,Resorts & Casinos,USA,1152.81,50.96,6.88,0.44%,1176002
2824,PLYM,"Plymouth Industrial REIT, Inc.",Real Estate,REIT - Industrial,USA,770.09,,19.09,4.55%,198591
2825,PM,Philip Morris International Inc.,Consumer Defensive,Tobacco,USA,146950.19,16.69,97.17,0.22%,5447227
2826,PML,PIMCO Municipal Income Fund II,Financial,Closed-End Fund - Debt,USA,733.8,8.55,11.6,2.20%,137324
2827,PMM,Putnam Managed Municipal Income Trust,Financial,Closed-End Fund - Debt,USA,340.39,,6.91,2.37%,170478
2828,PMO,Putnam Municipal Opportunities Trust,Financial,Closed-End Fund - Debt,USA,416.85,,12.21,0.74%,56989
2829,PMT,PennyMac Mortgage Investment Trust,Real Estate,REIT - Mortgage,USA,1429.74,,15.4,3.29%,900372
2830,PMVP,"PMV Pharmaceuticals, Inc.",Healthcare,Biotechnology,USA,769.73,,15.68,-0.63%,339409
2831,PMX,PIMCO Municipal Income Fund III,Financial,Closed-End Fund - Debt,USA,324.07,7.84,9.75,2.20%,124042
2832,PNC,"The PNC Financial Services Group, Inc.",Financial,Banks - Regional,USA,66890,13.79,162.9,-0.06%,1725785
2833,PNFP,"Pinnacle Financial Partners, Inc.",Financial,Banks - Regional,USA,6132.38,11.29,78.59,0.47%,280878
2834,PNM,"PNM Resources, Inc.",Utilities,Utilities - Regulated Electric,USA,4136.66,21.48,48.45,1.94%,514185
2835,PNNT,PennantPark Investment Corporation,Financial,Asset Management,USA,434.45,2.61,6.48,0.93%,108388
2836,PNR,Pentair plc,Industrials,Specialty Industrial Machinery,United Kingdom,8054.54,14.8,48.46,-1.84%,3106659
2837,PNT,POINT Biopharma Global Inc.,Healthcare,Biotechnology,USA,750.06,,7.43,-3.26%,545986
2838,PNTG,"The Pennant Group, Inc.",Healthcare,Medical Care Facilities,USA,356.69,150.93,12.98,0.54%,70387
2839,PNTM,Pontem Corporation,Financial,Shell Companies,USA,853.51,94.19,9.89,0.20%,718504
2840,PNW,Pinnacle West Capital Corporation,Utilities,Utilities - Regulated Electric,USA,8226.01,14.81,73.69,2.25%,680214
2841,PODD,Insulet Corporation,Healthcare,Medical Devices,USA,17424.36,408.37,247.47,1.58%,489623
2842,POLY,"Plantronics, Inc.",Technology,Communication Equipment,USA,1741.65,111.17,39.8,0.03%,301176
2843,POOL,Pool Corporation,Consumer Cyclical,Leisure,USA,14143.68,22.43,359.89,1.35%,574947
2844,POR,Portland General Electric Company,Utilities,Utilities - Regulated Electric,USA,4578.91,22.16,51.46,2.02%,2280443
2845,POSH,"Poshmark, Inc.",Consumer Cyclical,Internet Retail,USA,839.87,,10.37,1.27%,962069
2846,POST,"Post Holdings, Inc.",Consumer Defensive,Packaged Foods,USA,5231.86,11.79,86.52,0.66%,229458
2847,POW,Powered Brands,Financial,Shell Companies,USA,306.89,71.15,9.89,0.00%,4548
2848,POWI,"Power Integrations, Inc.",Technology,Semiconductors,USA,5029.94,29.86,83.54,0.99%,312433
2849,POWW,"AMMO, Inc.",Industrials,Aerospace & Defense,USA,569.9,18.27,4.75,2.59%,699784
2850,PPBI,"Pacific Premier Bancorp, Inc.",Financial,Banks - Regional,USA,3180.68,9.31,33.33,0.42%,414223
2851,PPC,Pilgrim's Pride Corporation,Consumer Defensive,Packaged Foods,USA,7830.6,37.68,32.48,-0.79%,1266032
2852,PPG,"PPG Industries, Inc.",Basic Materials,Specialty Chemicals,USA,29632.13,29.03,130.36,2.70%,1310676
2853,PPL,PPL Corporation,Utilities,Utilities - Regulated Electric,USA,21116.89,211.69,28.79,2.53%,4044859
2854,PPT,Putnam Premier Income Trust,Financial,Closed-End Fund - Debt,USA,387.5,,3.82,1.33%,193069
2855,PRA,ProAssurance Corporation,Financial,Insurance - Property & Casualty,USA,1216.63,9.06,22.25,-0.67%,234372
2856,PRAA,"PRA Group, Inc.",Financial,Credit Services,USA,1570.53,10.62,39.58,0.15%,146285
2857,PRCT,PROCEPT BioRobotics Corporation,Healthcare,Medical Devices,USA,1719.12,,37.56,0.03%,286324
2858,PRDO,Perdoceo Education Corporation,Consumer Defensive,Education & Training Services,USA,937.22,8.72,13.71,1.56%,384870
2859,PRE,Prenetics Global Limited,Healthcare,Diagnostics & Research,Hong Kong,440.9,29.7,3.98,0.25%,28835
2860,PRFT,"Perficient, Inc.",Technology,Information Technology Services,USA,3692.29,56.87,104.42,3.53%,101299
2861,PRG,"PROG Holdings, Inc.",Industrials,Rental & Leasing Services,USA,977.72,5.99,17.78,2.18%,1110586
2862,PRGO,Perrigo Company plc,Healthcare,Drug Manufacturers - Specialty & Generic,Ireland,5693.38,,42.03,0.33%,796267
2863,PRGS,Progress Software Corporation,Technology,Software - Application,USA,2075.95,21.75,46.64,1.26%,204703
2864,PRI,"Primerica, Inc.",Financial,Insurance - Life,USA,4950.65,14.22,127.66,0.92%,125047
2865,PRIM,Primoris Services Corporation,Industrials,Engineering & Construction,USA,1229.88,11.57,23.04,2.08%,291564
2866,PRK,Park National Corporation,Financial,Banks - Regional,USA,2095.62,14.12,129.2,-0.18%,23433
2867,PRLB,"Proto Labs, Inc.",Industrials,Metal Fabrication,USA,1377.25,39.01,49.03,1.24%,220185
2868,PRM,"Perimeter Solutions, SA",Basic Materials,Specialty Chemicals,USA,1927.57,26.54,11.6,1.05%,717868
2869,PRMW,Primo Water Corporation,Consumer Defensive,Beverages - Non-Alcoholic,USA,2167.26,13270,13.27,1.14%,582184
2870,PRN,Invesco DWA Industrials Momentum ETF,Financial,Exchange Traded Fund,USA,2446.38,,89.48,2.77%,3644
2871,PRO,"PROS Holdings, Inc.",Technology,Software - Application,USA,1098.04,,23.86,0.00%,208909
2872,PROC,Procaps Group S.A.,Healthcare,Drug Manufacturers - Specialty & Generic,Luxembourg,947.66,,8.5,-0.58%,8788
2873,PROK,ProKidney Corp.,Healthcare,Biotechnology,USA,334.85,,10.63,-2.30%,103767
2874,PRPB,CC Neuberger Principal Holdings II,Financial,Shell Companies,USA,929.76,,9.35,0.00%,0
2875,PRSR,Prospector Capital Corp.,Financial,Shell Companies,USA,401.44,,9.9,0.30%,4454
2876,PRTA,Prothena Corporation plc,Healthcare,Biotechnology,Ireland,1573.81,25.84,31.73,-0.38%,174399
2877,PRTH,"Priority Technology Holdings, Inc.",Technology,Software - Infrastructure,USA,340.12,,4.49,0.45%,27796
2878,PRTS,"CarParts.com, Inc.",Consumer Cyclical,Internet Retail,USA,445.36,,7.87,0.51%,513607
2879,PRU,"Prudential Financial, Inc.",Financial,Insurance - Life,USA,37003.32,7.96,98.1,0.47%,1570527
2880,PRVA,"Privia Health Group, Inc.",Healthcare,Health Information Services,USA,3960.88,,36.58,2.06%,831244
2881,PSA,Public Storage,Real Estate,REIT - Industrial,USA,59161.05,32.76,337.1,3.32%,874170
2882,PSB,"PS Business Parks, Inc.",Real Estate,REIT - Diversified,USA,5164.08,33.95,187.44,0.00%,0
2883,PSEC,Prospect Capital Corporation,Financial,Asset Management,USA,2982.47,3,7.65,1.19%,1435794
2884,PSFE,Paysafe Limited,Technology,Information Technology Services,United Kingdom,1594.33,,2.07,4.02%,4994690
2885,PSLV,Sprott Physical Silver Trust,Financial,Exchange Traded Fund,USA,2907.66,,6.83,4.75%,4839017
2886,PSMT,"PriceSmart, Inc.",Consumer Defensive,Discount Stores,USA,2051.12,20.45,66.53,0.21%,60958
2887,PSN,Parsons Corporation,Industrials,Specialty Industrial Machinery,USA,4434.39,63.65,42.77,0.92%,219655
2888,PSNY,Polestar Automotive Holding UK,Consumer Cyclical,Auto Manufacturers,Sweden,18593.49,4.78,8.79,-2.22%,1152604
2889,PSNYW,Polestar Automotive Holding UK,Consumer Cyclical,Auto Manufacturers,Sweden,3596.01,,1.7,-1.16%,55742
2890,PSO,Pearson plc,Communication Services,Publishing,United Kingdom,6833.71,37.37,9.38,-2.80%,316658
2891,PSPC,Post Holdings Partnering Corporation,Financial,Shell Companies,USA,431.48,39.92,9.74,0.10%,826
2892,PSTG,"Pure Storage, Inc.",Technology,Computer Hardware,USA,8486.9,,27.9,1.38%,2231302
2893,PSTH,"Pershing Square Tontine Holdings, Ltd.",Financial,Shell Companies,USA,4034.04,8.72,20.14,0.00%,0
2894,PSTL,"Postal Realty Trust, Inc.",Real Estate,REIT - Office,USA,310.62,137.62,16.79,3.58%,126383
2895,PSX,Phillips 66,Energy,Oil & Gas Refining & Marketing,USA,42682.21,15.31,88.01,-0.37%,3249134
2896,PTC,PTC Inc.,Technology,Software - Application,USA,14897.16,31.1,125.81,7.22%,1648681
2897,PTCT,"PTC Therapeutics, Inc.",Healthcare,Biotechnology,USA,3251.12,,44.39,0.09%,338043
2898,PTEN,"Patterson-UTI Energy, Inc.",Energy,Oil & Gas Drilling,USA,3417.17,,15.81,3.27%,3785287
2899,PTGX,"Protagonist Therapeutics, Inc.",Healthcare,Biotechnology,USA,535.97,,10.25,1.18%,526815
2900,PTLO,Portillo's Inc.,Consumer Cyclical,Restaurants,USA,1640.14,381.02,22.48,7.97%,615833
2901,PTNR,Partner Communications Company Ltd.,Communication Services,Telecom Services,Israel,1447.61,33.22,7.74,2.24%,1386
2902,PTON,"Peloton Interactive, Inc.",Consumer Cyclical,Leisure,USA,3627.5,,9.33,3.67%,10526901
2903,PTR,PetroChina Company Limited,Energy,Oil & Gas Integrated,China,138240.07,5.66,47.08,-1.07%,98806
2904,PTRA,Proterra Inc.,Consumer Cyclical,Auto Manufacturers,USA,1257.53,,5.15,10.04%,1903202
2905,PTSI,"P.A.M. Transportation Services, Inc.",Industrials,Trucking,USA,750.27,8.42,32.82,3.66%,41437
2906,PTVE,Pactiv Evergreen Inc.,Consumer Cyclical,Packaging & Containers,USA,1826.21,21.35,10.31,2.59%,85888
2907,PTY,PIMCO Corporate & Income Opportunity Fund,Financial,Closed-End Fund - Debt,USA,1498.26,4.53,13.13,2.74%,602594
2908,PUBM,"PubMatic, Inc.",Technology,Software - Application,USA,447.06,16.28,16.23,0.68%,456418
2909,PUCK,Goal Acquisitions Corp.,Financial,Shell Companies,USA,326.33,,9.85,0.20%,6087
2910,PUK,Prudential plc,Financial,Insurance - Life,United Kingdom,33026.43,14.56,24.43,-0.12%,382558
2911,PUMP,ProPetro Holding Corp.,Energy,Oil & Gas Equipment & Services,USA,1092.92,,10.24,-0.58%,969060
2912,PUYI,Puyi Inc.,Financial,Asset Management,China,498.29,,8.16,-0.79%,2097
2913,PV,Primavera Capital Acquisition Corporation,Financial,Shell Companies,Hong Kong,529.97,193.33,9.86,-0.10%,28921
2914,PVH,PVH Corp.,Consumer Cyclical,Apparel Manufacturing,USA,4168.77,4.45,61.65,2.61%,970481
2915,PWP,Perella Weinberg Partners,Financial,Capital Markets,USA,649.39,,6.97,2.80%,228578
2916,PWR,"Quanta Services, Inc.",Industrials,Engineering & Construction,USA,20892.7,44.07,145.29,8.45%,2585950
2917,PWSC,"PowerSchool Holdings, Inc.",Technology,Software - Application,USA,2869.01,,14.32,-0.21%,209793
2918,PX,"P10, Inc.",Financial,Asset Management,USA,1404.16,76.93,11.77,0.68%,117311
2919,PXD,Pioneer Natural Resources Company,Energy,Oil & Gas E&P,USA,56245.96,13.95,228.67,0.94%,1453170
2920,PYCR,"Paycor HCM, Inc.",Technology,Software - Application,USA,4743.83,,26.49,2.87%,161121
2921,PYPL,"PayPal Holdings, Inc.",Financial,Credit Services,USA,101514.85,28.38,85.86,-0.65%,12400187
2922,PYR,PyroGenesis Canada Inc.,Industrials,Specialty Industrial Machinery,Canada,356.24,,1.52,15.15%,97939
2923,PZN,"Pzena Investment Management, Inc",Financial,Asset Management,USA,698.65,10.32,9.44,0.32%,588270
2924,PZZA,"Papa John's International, Inc.",Consumer Cyclical,Restaurants,USA,3243.24,,90.04,5.54%,766829
2925,QCOM,QUALCOMM Incorporated,Technology,Semiconductors,USA,166329.12,14.99,146.45,-4.54%,17008658
2926,QCRH,"QCR Holdings, Inc.",Financial,Banks - Regional,USA,1052.16,8.97,59.21,1.58%,83191
2927,QD,Qudian Inc.,Financial,Credit Services,China,339.94,,1.14,-2.56%,1813666
2928,QDEL,QuidelOrtho Corporation,Healthcare,Diagnostics & Research,USA,6948.88,4.37,102.37,0.72%,369779
2929,QFIN,"360 DigiTech, Inc.",Financial,Credit Services,China,2081.25,2.87,14.81,-2.44%,408170
2930,QGEN,Qiagen N.V.,Healthcare,Diagnostics & Research,Netherlands,11395.26,21.24,49.45,2.36%,724303
2931,QLYS,"Qualys, Inc.",Technology,Software - Infrastructure,USA,4816.41,50.82,122.12,2.68%,353671
2932,QNST,"QuinStreet, Inc.",Communication Services,Advertising Agencies,USA,620.77,206.79,10.96,-0.09%,194386
2933,QQQX,Nuveen Nasdaq 100 Dynamic Overwrite Fund,Financial,Closed-End Fund - Equity,USA,1051.22,,24.31,0.75%,139976
2934,QRTEA,"Qurate Retail, Inc.",Consumer Cyclical,Internet Retail,USA,1082.6,9.82,2.74,-0.36%,5011751
2935,QRVO,"Qorvo, Inc.",Technology,Semiconductors,USA,11164.88,11.23,103.84,-0.25%,1428113
2936,QS,QuantumScape Corporation,Consumer Cyclical,Auto Parts,USA,4970.8,,10.58,1.34%,9053251
2937,QSI,Quantum-Si incorporated,Healthcare,Biotechnology,USA,499.97,,3.23,0.94%,285450
2938,QSR,Restaurant Brands International Inc.,Consumer Cyclical,Restaurants,Canada,24396.42,19.7,53.12,2.06%,864291
2939,QTRX,Quanterix Corporation,Healthcare,Medical Devices,USA,716.72,,17,-1.45%,458792
2940,QTWO,"Q2 Holdings, Inc.",Technology,Software - Application,USA,2454.01,,43.48,1.30%,347636
2941,QURE,uniQure N.V.,Healthcare,Biotechnology,Netherlands,1188.99,3.64,25.1,0.88%,443741
2942,R,"Ryder System, Inc.",Industrials,Rental & Leasing Services,USA,3962.88,6.42,77.4,1.07%,403208
2943,RA,Brookfield Real Assets Income Fund Inc.,Financial,Asset Management,USA,988.23,,19.82,2.48%,223106
2944,RACE,Ferrari N.V.,Consumer Cyclical,Auto Manufacturers,Italy,38145.59,38.64,207.49,3.37%,420290
2945,RAD,Rite Aid Corporation,Healthcare,Pharmaceutical Retailers,USA,435.44,,7.63,2.55%,1292766
2946,RADA,RADA Electronic Industries Ltd.,Industrials,Aerospace & Defense,Israel,502.57,25.02,10.11,2.33%,172333
2947,RADI,"Radius Global Infrastructure, Inc.",Communication Services,Telecom Services,USA,1402.98,,15.01,2.04%,683615
2948,RAMP,"LiveRamp Holdings, Inc.",Technology,Information Technology Services,USA,1942.54,,27.07,-0.77%,352197
2949,RANI,"Rani Therapeutics Holdings, Inc.",Healthcare,Biotechnology,USA,520.56,,10.51,-9.08%,40799
2950,RAPT,"RAPT Therapeutics, Inc.",Healthcare,Biotechnology,USA,591.68,,18.73,-13.89%,212614
2951,RARE,Ultragenyx Pharmaceutical Inc.,Healthcare,Biotechnology,USA,3820.44,,51.88,2.11%,502208
2952,RBA,Ritchie Bros. Auctioneers Incorporated,Industrials,Specialty Business Services,Canada,7693.84,26.13,70.67,1.36%,445011
2953,RBAC,RedBall Acquisition Corp.,Financial,Shell Companies,USA,719.4,,10,0.10%,1100479
2954,RBB,RBB Bancorp,Financial,Banks - Regional,USA,438.44,7.68,22.8,-0.52%,39117
2955,RBBN,Ribbon Communications Inc.,Communication Services,Telecom Services,USA,516.61,,3.3,-9.09%,596701
2956,RBCAA,"Republic Bancorp, Inc.",Financial,Banks - Regional,USA,907.61,9.86,45.29,-1.22%,23466
2957,RBLX,Roblox Corporation,Communication Services,Electronic Gaming & Multimedia,USA,27125.97,,42.98,2.46%,17665627
2958,RBOT,Vicarious Surgical Inc.,Healthcare,Medical Devices,USA,516.03,41.13,3.99,5.84%,121929
2959,RC,Ready Capital Corporation,Real Estate,REIT - Mortgage,USA,1609.05,6.45,14.07,2.93%,859928
2960,RCI,Rogers Communications Inc.,Communication Services,Telecom Services,Canada,23271.26,18.91,46.11,-1.81%,371129
2961,RCII,"Rent-A-Center, Inc.",Industrials,Rental & Leasing Services,USA,1370.91,18.03,23.22,4.13%,597642
2962,RCKT,"Rocket Pharmaceuticals, Inc.",Healthcare,Biotechnology,USA,1006.64,,14.81,-2.57%,584969
2963,RCL,Royal Caribbean Cruises Ltd.,Consumer Cyclical,Travel Services,USA,9896.23,,37.86,8.45%,10496753
2964,RCM,R1 RCM Inc.,Healthcare,Health Information Services,USA,10212.31,74.17,24.55,3.02%,865626
2965,RCUS,"Arcus Biosciences, Inc.",Healthcare,Biotechnology,USA,2069.32,,27.05,-0.07%,374480
2966,RDFN,Redfin Corporation,Real Estate,Real Estate Services,USA,1012.93,,8.96,1.24%,1911032
2967,RDN,Radian Group Inc.,Financial,Insurance - Specialty,USA,3809.53,6.26,22.16,1.09%,879994
2968,RDNT,"RadNet, Inc.",Healthcare,Diagnostics & Research,USA,1184.23,107.6,20.66,1.42%,162141
2969,RDUS,"Radius Health, Inc.",Healthcare,Drug Manufacturers - Specialty & Generic,USA,480.24,,10.07,-0.20%,1097308
2970,RDVT,"Red Violet, Inc.",Technology,Software - Application,USA,311.31,246.6,23.18,2.48%,13728
2971,RDWR,Radware Ltd.,Technology,Software - Infrastructure,Israel,1064.1,146.6,23.31,-0.30%,87924
2972,RDY,Dr. Reddy's Laboratories Limited,Healthcare,Drug Manufacturers - Specialty & Generic,India,8587.35,29.48,52.33,-3.81%,326072
2973,RE,"Everest Re Group, Ltd.",Financial,Insurance - Reinsurance,Bermuda,10121.21,7.68,258.26,-4.74%,830744
2974,REAX,The Real Brokerage Inc.,Real Estate,Real Estate Services,Canada,371.54,,1.6,9.59%,22138
2975,REE,REE Automotive Ltd.,Consumer Cyclical,Recreational Vehicles,Israel,423.68,,1.25,5.93%,1455300
2976,REG,Regency Centers Corporation,Real Estate,REIT - Retail,USA,11017.91,22.92,63.75,1.42%,945489
2977,REGN,"Regeneron Pharmaceuticals, Inc.",Healthcare,Biotechnology,USA,64660.54,8.25,582.37,-0.94%,580083
2978,REI,"Ring Energy, Inc.",Energy,Oil & Gas E&P,USA,301.01,18.53,2.65,0.38%,1562321
2979,RELX,RELX PLC,Communication Services,Publishing,United Kingdom,55897.5,32.07,29.18,1.60%,682685
2980,RELY,"Remitly Global, Inc.",Technology,Software - Infrastructure,USA,1608.18,,9.49,-1.15%,674965
2981,RENN,Renren Inc.,Consumer Cyclical,Auto & Truck Dealerships,China,734.74,,28.87,0.35%,54059
2982,RENT,"Rent the Runway, Inc.",Consumer Cyclical,Apparel Retail,USA,311.52,,4.42,2.08%,343873
2983,REPL,"Replimune Group, Inc.",Healthcare,Biotechnology,USA,1024.65,,19.72,-2.38%,90028
2984,REPX,"Riley Exploration Permian, Inc.",Energy,Oil & Gas E&P,USA,567.71,82.5,27.72,-4.41%,49594
2985,RERE,ATRenew Inc.,Consumer Cyclical,Internet Retail,China,626.91,,2.63,-5.40%,56037
2986,RES,"RPC, Inc.",Energy,Oil & Gas Equipment & Services,USA,1766.11,52.57,7.99,2.44%,2228333
2987,RETA,"Reata Pharmaceuticals, Inc.",Healthcare,Biotechnology,USA,1148.51,,30.05,-1.05%,193574
2988,REVG,"REV Group, Inc.",Industrials,Farm & Heavy Construction Machinery,USA,701.97,46.68,11.39,0.89%,173167
2989,REX,REX American Resources Corporation,Energy,Oil & Gas Refining & Marketing,USA,567.55,12.23,93.5,197.90%,52000
2990,REXR,"Rexford Industrial Realty, Inc.",Real Estate,REIT - Industrial,USA,10959.79,68.52,64.61,3.54%,934996
2991,REYN,Reynolds Consumer Products Inc.,Consumer Cyclical,Packaging & Containers,USA,6121.38,20.74,29.84,1.15%,348071
2992,REZI,"Resideo Technologies, Inc.",Industrials,Security & Protection Services,USA,3218.12,11.6,21.84,1.20%,832213
2993,RF,Regions Financial Corporation,Financial,Banks - Regional,USA,19284.68,8.68,20.92,-1.18%,6701412
2994,RFI,"Cohen & Steers Total Return Realty Fund, Inc.",Financial,Closed-End Fund - Equity,USA,390.65,3.94,14.87,4.94%,47526
2995,RFP,Resolute Forest Products Inc.,Basic Materials,Paper & Paper Products,Canada,2469.28,3.78,20.33,0.69%,1446002
2996,RGA,"Reinsurance Group of America, Incorporated",Financial,Insurance - Reinsurance,USA,7794.78,19.25,115.12,-1.69%,250054
2997,RGC,Regencell Bioscience Holdings Limited,Healthcare,Drug Manufacturers - Specialty & Generic,Hong Kong,379.29,,29.25,-6.61%,1595
2998,RGEN,Repligen Corporation,Healthcare,Medical Instruments & Supplies,USA,11925.08,84.43,213.1,3.59%,602599
2999,RGLD,"Royal Gold, Inc.",Basic Materials,Gold,USA,6888.64,24.01,104.5,0.74%,455880
3000,RGNX,REGENXBIO Inc.,Healthcare,Biotechnology,USA,1435.78,21.17,32.33,-1.49%,230515
3001,RGP,"Resources Connection, Inc.",Industrials,Consulting Services,USA,683.24,9.66,20.25,-1.17%,283753
3002,RGR,"Sturm, Ruger & Company, Inc.",Industrials,Aerospace & Defense,USA,1164.68,7.9,65.69,1.66%,80959
3003,RGTI,"Rigetti Computing, Inc.",Technology,Computer Hardware,USA,532.9,,4.41,5.25%,325020
3004,RH,RH,Consumer Cyclical,Specialty Retail,USA,6871.95,10.88,271.19,3.44%,600513
3005,RHI,Robert Half International Inc.,Industrials,Staffing & Employment Services,USA,9267.78,12.66,78.13,0.62%,576433
3006,RHP,"Ryman Hospitality Properties, Inc.",Real Estate,REIT - Hotel & Motel,USA,4949.19,,87.97,3.60%,257448
3007,RICK,"RCI Hospitality Holdings, Inc.",Consumer Cyclical,Restaurants,USA,529.03,14.41,56.22,2.63%,45004
3008,RIDE,Lordstown Motors Corp.,Consumer Cyclical,Auto Manufacturers,USA,487.46,,2.21,6.76%,3378310
3009,RIG,Transocean Ltd.,Energy,Oil & Gas Drilling,Switzerland,2121.18,,3.01,-0.99%,12783148
3010,RILY,"B. Riley Financial, Inc.",Financial,Financial Conglomerates,USA,1410.78,8.45,50.01,-1.52%,558993
3011,RIO,Rio Tinto Group,Basic Materials,Other Industrial Metals & Mining,United Kingdom,98958.29,4.62,59.88,0.77%,3437378
3012,RIOT,"Riot Blockchain, Inc.",Technology,Software - Application,USA,1071.96,41.81,7.4,3.50%,19342315
3013,RIVN,"Rivian Automotive, Inc.",Consumer Cyclical,Auto Manufacturers,USA,32031.25,,33.85,5.73%,11311272
3014,RJF,"Raymond James Financial, Inc.",Financial,Capital Markets,USA,20820.5,13.45,95.38,-0.51%,1743549
3015,RKLB,"Rocket Lab USA, Inc.",Industrials,Aerospace & Defense,USA,2271.86,,4.55,6.31%,2919214
3016,RKLY,Rockley Photonics Holdings Limited,Technology,Semiconductors,United Kingdom,326.62,,2.36,6.31%,331131
3017,RKT,"Rocket Companies, Inc.",Financial,Mortgage Finance,USA,19267.58,15.33,9.58,1.16%,1789899
3018,RKTA,Rocket Internet Growth Opportunities Corp.,Financial,Shell Companies,Cayman Islands,328.26,26.81,9.84,0.20%,51
3019,RL,Ralph Lauren Corporation,Consumer Cyclical,Apparel Manufacturing,USA,6911.14,12.14,97.34,2.20%,486366
3020,RLAY,"Relay Therapeutics, Inc.",Healthcare,Biotechnology,USA,2446.16,,20.4,-5.73%,466264
3021,RLGT,"Radiant Logistics, Inc.",Industrials,Integrated Freight & Logistics,USA,371.96,9.32,7.21,-1.23%,93914
3022,RLI,RLI Corp.,Financial,Insurance - Property & Casualty,USA,5131.16,29.27,109.57,-2.27%,187463
3023,RLJ,RLJ Lodging Trust,Real Estate,REIT - Hotel & Motel,USA,2103.95,,12.39,1.56%,1077933
3024,RLMD,"Relmada Therapeutics, Inc.",Healthcare,Drug Manufacturers - Specialty & Generic,USA,805.8,,25.86,1.06%,164341
3025,RLX,RLX Technology Inc.,Consumer Defensive,Tobacco,China,2887.78,5.31,1.72,-2.82%,4731219
3026,RLYB,Rallybio Corporation,Healthcare,Biotechnology,USA,331.15,,9.78,-4.96%,20175
3027,RM,Regional Management Corp.,Financial,Credit Services,USA,390.61,4.6,39.94,-0.75%,16139
3028,RMAX,"RE/MAX Holdings, Inc.",Real Estate,Real Estate Services,USA,487.91,,24.97,0.44%,217820
3029,RMBS,Rambus Inc.,Technology,Semiconductors,USA,2839.3,,25.06,2.33%,511055
3030,RMD,ResMed Inc.,Healthcare,Medical Instruments & Supplies,USA,35736.15,45.8,243.07,1.21%,479639
3031,RMM,Rivernorth Managed Duration Municipal Income Fund Inc.,Financial,Asset Management,USA,323.14,,16.37,1.61%,45137
3032,RMNI,"Rimini Street, Inc.",Technology,Software - Application,USA,623.75,13.3,7.06,1.29%,259373
3033,RMR,The RMR Group Inc.,Real Estate,Real Estate Services,USA,903.45,12.68,28.04,1.67%,113303
3034,RMT,"Royce Micro-Cap Trust, Inc.",Financial,Closed-End Fund - Equity,USA,402.93,1.54,9.09,1.11%,248346
3035,RNA,"Avidity Biosciences, Inc.",Healthcare,Biotechnology,USA,907.26,,16.58,-1.95%,159773
3036,RNG,"RingCentral, Inc.",Technology,Software - Application,USA,5296.57,,52.86,-0.26%,1478818
3037,RNP,"Cohen & Steers REIT and Preferred Income Fund, Inc.",Financial,Closed-End Fund - Debt,USA,1140.74,3.37,23.97,3.01%,83407
3038,RNR,RenaissanceRe Holdings Ltd.,Financial,Insurance - Reinsurance,Bermuda,5728.73,,129.58,-2.70%,615813
3039,RNST,Renasant Corporation,Financial,Banks - Regional,USA,1833.91,12.15,32.69,-0.97%,517822
3040,RNW,ReNew Energy Global plc,Utilities,Utilities - Renewable,India,2991.43,,6.67,4.55%,2589196
3041,ROAD,"Construction Partners, Inc.",Industrials,Engineering & Construction,USA,1263.47,94.53,23.35,4.43%,158799
3042,ROCC,Ranger Oil Corporation,Energy,Oil & Gas E&P,USA,1677.71,15.62,37.06,-0.54%,248143
3043,ROCK,"Gibraltar Industries, Inc.",Industrials,Building Products & Equipment,USA,1504.84,19.17,46.09,3.60%,93468
3044,ROG,Rogers Corporation,Technology,Electronic Components,USA,5081.02,54.5,269.55,0.09%,141237
3045,ROIC,Retail Opportunity Investments Corp.,Real Estate,REIT - Retail,USA,2146.32,38.9,17.27,1.95%,765528
3046,ROIV,Roivant Sciences Ltd.,Healthcare,Biotechnology,United Kingdom,3042.28,,4.13,-1.43%,714810
3047,ROK,"Rockwell Automation, Inc.",Industrials,Specialty Industrial Machinery,USA,28599.57,44.97,247.23,2.82%,1510667
3048,ROKU,"Roku, Inc.",Communication Services,Entertainment,USA,12713.33,87.44,85.17,-2.01%,13573965
3049,ROL,"Rollins, Inc.",Consumer Cyclical,Personal Services,USA,19041.24,57.4,38.57,9.08%,3136396
3050,ROLL,RBC Bearings Incorporated,Industrials,Tools & Accessories,USA,6693.7,115.85,230.42,4.52%,171559
3051,ROP,"Roper Technologies, Inc.",Industrials,Specialty Industrial Machinery,USA,46348.7,46.53,435.69,4.16%,546813
3052,ROST,"Ross Stores, Inc.",Consumer Cyclical,Apparel Retail,USA,28610.47,18.1,81.4,1.41%,1538687
3053,ROVR,"Rover Group, Inc.",Consumer Cyclical,Personal Services,USA,847.66,,4.5,3.93%,426419
3054,RPAY,Repay Holdings Corporation,Technology,Software - Infrastructure,USA,1406.59,,13.07,-0.23%,285860
3055,RPD,"Rapid7, Inc.",Technology,Software - Application,USA,3931.62,,66,0.75%,454996
3056,RPM,RPM International Inc.,Basic Materials,Specialty Chemicals,USA,11554.49,25.75,89.1,2.02%,572317
3057,RPRX,Royalty Pharma plc,Healthcare,Biotechnology,USA,26173.08,43.73,43.6,-0.11%,1348182
3058,RPT,RPT Realty,Real Estate,REIT - Retail,USA,925.36,19.28,10.78,1.99%,216994
3059,RPTX,Repare Therapeutics Inc.,Healthcare,Biotechnology,Canada,573.39,,12.68,-1.25%,144306
3060,RQI,"Cohen & Steers Quality Income Realty Fund, Inc.",Financial,Closed-End Fund - Equity,USA,2061.97,3.06,15.36,3.78%,267788
3061,RRAC,Rigel Resource Acquisition Corp.,Financial,Shell Companies,USA,374.62,,9.99,-0.05%,2585
3062,RRBI,"Red River Bancshares, Inc.",Financial,Banks - Regional,USA,394.37,12.35,54.85,-0.90%,2623
3063,RRC,Range Resources Corporation,Energy,Oil & Gas E&P,USA,8914.12,,32.28,-4.19%,4439148
3064,RRR,"Red Rock Resorts, Inc.",Consumer Cyclical,Resorts & Casinos,USA,4239.39,12.66,39.25,2.32%,777300
3065,RRX,Regal Rexnord Corporation,Industrials,Specialty Industrial Machinery,USA,8770,24.35,131.84,3.53%,443699
3066,RS,Reliance Steel & Aluminum Co.,Basic Materials,Steel,USA,11731.34,7.11,186.33,-0.21%,623514
3067,RSG,"Republic Services, Inc.",Industrials,Waste Management,USA,43431.81,32.5,137.26,3.25%,995788
3068,RSI,"Rush Street Interactive, Inc.",Consumer Cyclical,Gambling,USA,1321.9,,5.69,1.79%,290278
3069,RSKD,Riskified Ltd.,Technology,Software - Application,Israel,790.38,,4.36,1.16%,121728
3070,RSVR,"Reservoir Media, Inc.",Communication Services,Entertainment,USA,444.11,31.19,6.8,1.80%,21592
3071,RTL,"The Necessity Retail REIT, Inc.",Financial,Exchange Traded Fund,USA,1036.45,,7.78,0.65%,372328
3072,RTLR,Rattler Midstream LP,Energy,Oil & Gas Midstream,USA,542.82,15.07,13.89,0.43%,540804
3073,RTX,Raytheon Technologies Corporation,Industrials,Aerospace & Defense,USA,138395.6,32.96,92.39,2.35%,4484214
3074,RUN,Sunrun Inc.,Technology,Solar,USA,6695.73,,30.92,29.97%,43089162
3075,RUSHA,"Rush Enterprises, Inc.",Consumer Cyclical,Auto & Truck Dealerships,USA,2749.59,9.68,48.23,1.13%,407005
3076,RUTH,"Ruth's Hospitality Group, Inc.",Consumer Cyclical,Restaurants,USA,629.39,13.87,17.63,5.70%,420444
3077,RVLV,"Revolve Group, Inc.",Consumer Cyclical,Internet Retail,USA,2134.31,20.87,27.98,3.67%,1578005
3078,RVMD,"Revolution Medicines, Inc.",Healthcare,Biotechnology,USA,2105.5,,23.26,-3.88%,756290
3079,RVNC,"Revance Therapeutics, Inc.",Healthcare,Biotechnology,USA,1218.33,,15.69,-0.88%,258851
3080,RVT,Royce Value Trust Inc.,Financial,Closed-End Fund - Equity,USA,1632.24,4.47,15.56,1.77%,258109
3081,RWAY,Runway Growth Finance Corp.,Financial,Credit Services,USA,544.37,12.15,13.02,-0.61%,25047
3082,RWT,"Redwood Trust, Inc.",Real Estate,REIT - Mortgage,USA,1063.85,4.62,8.79,3.05%,1224163
3083,RXDX,"Prometheus Biosciences, Inc.",Healthcare,Biotechnology,USA,1525.14,,40.22,2.63%,580303
3084,RXRX,"Recursion Pharmaceuticals, Inc.",Healthcare,Biotechnology,USA,1542.36,,8.27,1.47%,580701
3085,RXST,"RxSight, Inc.",Healthcare,Medical Devices,USA,405.11,,14.71,-1.93%,48598
3086,RXT,"Rackspace Technology, Inc.",Technology,Software - Infrastructure,USA,1492.83,,6.59,5.10%,773787
3087,RY,Royal Bank of Canada,Financial,Banks - Diversified,Canada,137823.6,10.85,96.53,0.89%,832462
3088,RYAAY,Ryanair Holdings plc,Industrials,Airlines,Ireland,14956.53,,73.18,-0.29%,477492
3089,RYAN,"Ryan Specialty Holdings, Inc.",Financial,Insurance - Specialty,USA,11327.02,30.17,43.08,1.72%,950963
3090,RYI,Ryerson Holding Corporation,Industrials,Metal Fabrication,USA,1033.3,2.36,26.1,1.83%,183905
3091,RYN,Rayonier Inc.,Real Estate,REIT - Specialty,USA,5563.93,32.04,37.46,2.15%,332297
3092,RYTM,"Rhythm Pharmaceuticals, Inc.",Healthcare,Biotechnology,USA,762.48,,13.5,14.50%,2149759
3093,S,"SentinelOne, Inc.",Technology,Software - Infrastructure,USA,7251.51,,25.09,2.28%,2046247
3094,SA,Seabridge Gold Inc.,Basic Materials,Gold,Canada,1106.44,,13.68,6.38%,506480
3095,SABR,Sabre Corporation,Technology,Information Technology Services,USA,2083.1,,6.24,0.48%,5156552
3096,SAFE,Safehold Inc.,Real Estate,REIT - Diversified,USA,2678.52,29.33,42.74,3.76%,154248
3097,SAFM,"Sanderson Farms, Inc.",Consumer Defensive,Packaged Foods,USA,4553.28,5.28,204,0.00%,0
3098,SAFT,"Safety Insurance Group, Inc.",Financial,Insurance - Property & Casualty,USA,1313.62,12.66,87.11,-2.64%,107624
3099,SAGE,"Sage Therapeutics, Inc.",Healthcare,Biotechnology,USA,2105.13,,34.83,0.40%,436266
3100,SAH,"Sonic Automotive, Inc.",Consumer Cyclical,Auto & Truck Dealerships,USA,1612.63,4.49,41.17,3.16%,641086
3101,SAIA,"Saia, Inc.",Industrials,Trucking,USA,6318.81,21.16,234.03,10.89%,700094
3102,SAIC,Science Applications International Corporation,Technology,Information Technology Services,USA,5312.71,20.49,95.69,2.12%,181457
3103,SAIL,"SailPoint Technologies Holdings, Inc.",Technology,Software - Infrastructure,USA,6007.28,,63.88,0.38%,429066
3104,SAM,"The Boston Beer Company, Inc.",Consumer Defensive,Beverages - Brewers,USA,4366.75,,377.42,1.45%,140368
3105,SAN,"Banco Santander, S.A.",Financial,Banks - Diversified,Spain,41762.95,4.54,2.45,-2.78%,6437432
3106,SANA,"Sana Biotechnology, Inc.",Healthcare,Biotechnology,USA,1663.99,,7.28,-7.85%,846162
3107,SAND,Sandstorm Gold Ltd.,Basic Materials,Gold,Canada,1135.2,39.53,5.93,4.59%,2112789
3108,SANM,Sanmina Corporation,Technology,Electronic Components,USA,2852.97,10.64,45.75,1.26%,317383
3109,SAP,SAP SE,Technology,Software - Application,Germany,107869.21,21.36,91.77,0.50%,1051762
3110,SASR,"Sandy Spring Bancorp, Inc.",Financial,Banks - Regional,USA,1832.8,9.24,40.37,-1.01%,122102
3111,SATL,Satellogic Inc.,Technology,Scientific & Technical Instruments,USA,420.3,,4.38,-0.45%,9111
3112,SATS,EchoStar Corporation,Technology,Communication Equipment,USA,1667.74,20.33,19.76,-0.25%,210586
3113,SAVA,"Cassava Sciences, Inc.",Healthcare,Biotechnology,USA,695.83,,16.84,-9.90%,2605292
3114,SAVE,"Spirit Airlines, Inc.",Industrials,Airlines,USA,2814.9,,25.66,5.60%,9991409
3115,SB,"Safe Bulkers, Inc.",Industrials,Marine Shipping,Monaco,491.4,2.63,3.94,4.23%,1017645
3116,SBAC,SBA Communications Corporation,Real Estate,REIT - Specialty,USA,36057.35,84.43,334.67,4.43%,473197
3117,SBCF,Seacoast Banking Corporation of Florida,Financial,Banks - Regional,USA,2188.77,18.56,35.44,0.48%,220277
3118,SBGI,"Sinclair Broadcast Group, Inc.",Communication Services,Broadcasting,USA,1643.42,0.76,22.94,2.27%,511637
3119,SBH,"Sally Beauty Holdings, Inc.",Consumer Cyclical,Specialty Retail,USA,1416.69,5.79,13.25,0.08%,948544
3120,SBLK,Star Bulk Carriers Corp.,Industrials,Marine Shipping,Greece,2767.25,3.27,26.03,-1.92%,1759662
3121,SBNY,Signature Bank,Financial,Banks - Regional,USA,12047.48,12.35,185.46,2.74%,850292
3122,SBOW,"SilverBow Resources, Inc.",Energy,Oil & Gas E&P,USA,750.4,,43.96,1.15%,304013
3123,SBR,Sabine Royalty Trust,Energy,Oil & Gas E&P,USA,999.63,13.98,68.94,0.88%,45882
3124,SBRA,"Sabra Health Care REIT, Inc.",Real Estate,REIT - Healthcare Facilities,USA,3509.82,,15.29,1.39%,1472105
3125,SBS,Companhia de Saneamento Basico do Estado de Sao Paulo,Utilities,Utilities - Regulated Water,Brazil,5786.07,11.65,8.63,3.85%,914280
3126,SBSI,"Southside Bancshares, Inc.",Financial,Banks - Regional,USA,1268.4,12.39,39.65,-0.15%,45266
3127,SBSW,Sibanye Stillwater Limited,Basic Materials,Gold,South Africa,6626.98,3.7,9.71,1.15%,2155967
3128,SBT,"Sterling Bancorp, Inc. (Southfield, MI)",Financial,Banks - Regional,USA,312.51,11.77,6.17,1.31%,27057
3129,SBUX,Starbucks Corporation,Consumer Cyclical,Restaurants,USA,97049.6,22.66,84.67,2.06%,5571186
3130,SCCO,Southern Copper Corporation,Basic Materials,Copper,USA,37916.65,10.83,47.88,-0.91%,2092322
3131,SCHL,Scholastic Corporation,Communication Services,Publishing,USA,1429.21,47.56,46.89,1.74%,214953
3132,SCHN,"Schnitzer Steel Industries, Inc.",Basic Materials,Steel,USA,1002.9,5.16,34.92,0.43%,128939
3133,SCHW,The Charles Schwab Corporation,Financial,Capital Markets,USA,128668.58,22.26,67.7,8.30%,16372504
3134,SCI,Service Corporation International,Consumer Cyclical,Personal Services,USA,11810.52,15.68,74.21,0.65%,1042727
3135,SCL,Stepan Company,Basic Materials,Specialty Chemicals,USA,2571.69,18.81,114.91,3.28%,98899
3136,SCOA,ScION Tech Growth I,Financial,Shell Companies,United Kingdom,713.02,32.92,9.91,0.10%,214069
3137,SCPL,SciPlay Corporation,Communication Services,Electronic Gaming & Multimedia,USA,1777.27,18.38,13.62,0.44%,227361
3138,SCS,Steelcase Inc.,Industrials,Business Equipment & Supplies,USA,1283.33,64.51,11.29,-0.44%,563484
3139,SCSC,"ScanSource, Inc.",Technology,Electronics & Computer Distribution,USA,816.62,9.19,31.8,-0.56%,150424
3140,SCU,"Sculptor Capital Management, Inc.",Financial,Asset Management,USA,593.98,25.52,9.8,1.03%,59695
3141,SCVL,"Shoe Carnival, Inc.",Consumer Cyclical,Apparel Retail,USA,600.99,4.47,21.72,0.88%,254610
3142,SCWX,SecureWorks Corp.,Technology,Software - Infrastructure,USA,876.5,,10,-2.15%,30573
3143,SD,"SandRidge Energy, Inc.",Energy,Oil & Gas E&P,USA,688.05,5.84,18.27,-2.56%,712820
3144,SDC,"SmileDirectClub, Inc.",Healthcare,Medical Devices,USA,463.78,,1.11,0.91%,1325079
3145,SDGR,"Schrodinger, Inc.",Healthcare,Health Information Services,USA,2418.53,,32.14,-0.09%,389769
3146,SE,Sea Limited,Communication Services,Electronic Gaming & Multimedia,Singapore,46350.55,,76.78,-0.18%,3814153
3147,SEA,U.S. Global Sea to Sky Cargo ETF,Financial,Exchange Traded Fund,USA,2021.75,,19.42,0.72%,25986
3148,SEAS,"SeaWorld Entertainment, Inc.",Consumer Cyclical,Leisure,USA,3344.86,12.49,45.82,1.17%,740609
3149,SEAT,Vivid Seats Inc.,Communication Services,Internet Content & Information,USA,1772.46,37.63,8.58,0.94%,260504
3150,SEB,Seaboard Corporation,Industrials,Conglomerates,USA,4653.07,9.34,3976.98,0.25%,305
3151,SEDG,"SolarEdge Technologies, Inc.",Technology,Solar,Israel,19161.23,109.6,341.19,4.92%,2419163
3152,SEE,Sealed Air Corporation,Consumer Cyclical,Packaging & Containers,USA,8943.27,17.14,60.88,0.84%,598508
3153,SEER,"Seer, Inc.",Healthcare,Biotechnology,USA,604.98,,9,-0.22%,224511
3154,SEIC,SEI Investments Company,Financial,Asset Management,USA,7443.3,13.06,54.43,0.98%,431667
3155,SEM,Select Medical Holdings Corporation,Healthcare,Medical Care Facilities,USA,3757.53,11.64,29.45,1.59%,342331
3156,SEMR,"Semrush Holdings, Inc.",Technology,Software - Application,USA,1807.57,,12.02,-1.15%,165584
3157,SENEA,Seneca Foods Corporation,Consumer Defensive,Packaged Foods,USA,475.92,10.07,58.11,0.29%,23821
3158,SENS,"Senseonics Holdings, Inc.",Healthcare,Diagnostics & Research,USA,654.39,35,1.33,4.72%,1854902
3159,SES,SES AI Corporation,Consumer Cyclical,Auto Parts,USA,1731.64,,4.55,7.06%,375447
3160,SF,Stifel Financial Corp.,Financial,Capital Markets,USA,6298.88,8.89,59.1,0.29%,665975
3161,SFBS,"ServisFirst Bancshares, Inc.",Financial,Banks - Regional,USA,4614.54,20.33,84.33,0.98%,91183
3162,SFIX,"Stitch Fix, Inc.",Consumer Cyclical,Specialty Retail,USA,702.8,,5.96,0.00%,2492287
3163,SFL,SFL Corporation Ltd.,Industrials,Marine Shipping,Bermuda,1391.39,8.16,9.93,-0.30%,461936
3164,SFM,"Sprouts Farmers Market, Inc.",Consumer Defensive,Grocery Stores,USA,2951.4,12.56,27.46,0.40%,1051621
3165,SFNC,Simmons First National Corporation,Financial,Banks - Regional,USA,3031.56,11.97,23.37,1.26%,819126
3166,SFST,"Southern First Bancshares, Inc.",Financial,Banks - Regional,USA,360.24,8.11,44.75,0.83%,17987
3167,SG,"Sweetgreen, Inc.",Consumer Cyclical,Restaurants,USA,1619.7,,15.06,6.66%,1108487
3168,SGC,"Superior Group of Companies, Inc.",Consumer Cyclical,Apparel Manufacturing,USA,304.69,12.38,18.59,-0.54%,6906
3169,SGEN,Seagen Inc.,Healthcare,Biotechnology,USA,32954.07,,177.43,0.36%,550866
3170,SGFY,"Signify Health, Inc.",Healthcare,Health Information Services,USA,4243.77,99.72,17.65,1.55%,834695
3171,SGH,"SMART Global Holdings, Inc.",Technology,Semiconductors,USA,975.17,15.12,18.95,1.28%,427341
3172,SGHC,Super Group (SGHC) Limited,Consumer Cyclical,Gambling,United Kingdom,2162.47,,4.07,3.30%,176091
3173,SGHT,"Sight Sciences, Inc.",Healthcare,Medical Devices,USA,491.62,,9.67,-1.02%,90334
3174,SGML,Sigma Lithium Corporation,Basic Materials,Other Industrial Metals & Mining,Brazil,2457.26,,17.71,7.99%,299975
3175,SGMO,"Sangamo Therapeutics, Inc.",Healthcare,Biotechnology,USA,683.21,,4.45,-2.63%,983280
3176,SGRY,"Surgery Partners, Inc.",Healthcare,Medical Care Facilities,USA,3511.14,,38.78,-0.39%,401794
3177,SGU,"Star Group, L.P.",Energy,Oil & Gas Midstream,USA,364.52,7.4,9.9,0.10%,30794
3178,SHAK,Shake Shack Inc.,Consumer Cyclical,Restaurants,USA,2171.19,,50.8,7.49%,1443371
3179,SHBI,"Shore Bancshares, Inc.",Financial,Banks - Regional,USA,395.15,16.67,19.62,0.87%,43146
3180,SHC,Sotera Health Company,Healthcare,Diagnostics & Research,USA,5510.69,39.5,19.08,0.69%,395651
3181,SHCR,"Sharecare, Inc.",Healthcare,Health Information Services,USA,567.98,,1.47,0.00%,1435597
3182,SHEL,Shell plc,Energy,Oil & Gas Integrated,United Kingdom,188223.25,9.23,51.49,0.14%,5107286
3183,SHEN,Shenandoah Telecommunications Company,Communication Services,Telecom Services,USA,1104.56,258.71,21.99,0.64%,97533
3184,SHG,"Shinhan Financial Group Co., Ltd.",Financial,Banks - Regional,South Korea,14258.27,4.67,27.48,0.18%,124341
3185,SHI,Sinopec Shanghai Petrochemical Company Limited,Energy,Oil & Gas Refining & Marketing,China,4003.72,5.75,16.27,-0.79%,9428
3186,SHLS,"Shoals Technologies Group, Inc.",Technology,Solar,USA,3990.09,202.88,22.52,18.34%,4892015
3187,SHLX,"Shell Midstream Partners, L.P.",Energy,Oil & Gas Midstream,USA,6320.17,13.81,16.07,0.12%,4700398
3188,SHO,"Sunstone Hotel Investors, Inc.",Real Estate,REIT - Hotel & Motel,USA,2458.07,30.52,11.17,1.55%,2864124
3189,SHOO,"Steven Madden, Ltd.",Consumer Cyclical,Footwear & Accessories,USA,2590.28,10.72,32.33,-0.49%,870010
3190,SHOP,Shopify Inc.,Technology,Software - Application,Canada,48996.32,289.6,35.91,1.90%,33050744
3191,SHW,The Sherwin-Williams Company,Basic Materials,Specialty Chemicals,USA,62631.41,35.4,243.04,4.77%,2495185
3192,SHYF,"The Shyft Group, Inc.",Industrials,Farm & Heavy Construction Machinery,USA,868.81,16.36,24.08,4.70%,377943
3193,SI,Silvergate Capital Corporation,Financial,Banks - Regional,USA,3145.61,26.58,91.95,5.62%,1043325
3194,SIBN,"SI-BONE, Inc.",Healthcare,Medical Devices,USA,474.08,,13.87,-2.46%,83423
3195,SID,Companhia Siderurgica Nacional,Basic Materials,Steel,Brazil,4055.68,2.66,2.9,1.75%,4500324
3196,SIER,Sierra Lake Acquisition Corp.,Financial,Shell Companies,USA,383.57,,9.95,0.00%,5710
3197,SIFY,Sify Technologies Limited,Communication Services,Telecom Services,India,426,26.67,2.24,-0.88%,35662
3198,SIG,Signet Jewelers Limited,Consumer Cyclical,Luxury Goods,Bermuda,2906.86,7.9,60.61,4.52%,552502
3199,SIGA,"SIGA Technologies, Inc.",Healthcare,Biotechnology,USA,1887.01,25.03,22.35,24.86%,37101469
3200,SIGI,"Selective Insurance Group, Inc.",Financial,Insurance - Property & Casualty,USA,4792.02,14.03,78.92,-4.79%,487263
3201,SII,Sprott Inc.,Financial,Asset Management,Canada,1250.47,20.52,37.04,4.69%,89925
3202,SIL,Global X Silver Miners ETF,Financial,Exchange Traded Fund,USA,4842.89,,25.92,3.64%,1058776
3203,SILK,"Silk Road Medical, Inc",Healthcare,Medical Devices,USA,1683.36,,45.57,1.15%,550342
3204,SILV,SilverCrest Metals Inc.,Basic Materials,Other Industrial Metals & Mining,Canada,940.57,,6.48,6.23%,1214004
3205,SIM,"Grupo Simec, S.A.B. de C.V.",Basic Materials,Steel,Mexico,4643.23,12.24,30.1,-9.20%,201
3206,SIMO,Silicon Motion Technology Corporation,Technology,Semiconductors,Hong Kong,2883.62,13.64,85.72,-0.28%,498867
3207,SIRE,Sisecam Resources LP,Basic Materials,Chemicals,USA,384.16,10.6,20.24,-1.20%,32148
3208,SIRI,Sirius XM Holdings Inc.,Communication Services,Broadcasting,USA,26140.23,19.07,6.58,2.17%,20891427
3209,SITC,SITE Centers Corp.,Real Estate,REIT - Retail,USA,3124.39,29.2,14.57,3.63%,1491487
3210,SITE,"SiteOne Landscape Supply, Inc.",Industrials,Industrial Distribution,USA,6012.96,23.47,134.85,5.91%,307307
3211,SITM,SiTime Corporation,Technology,Semiconductors,USA,4042.82,94.54,181.13,1.54%,127478
3212,SIVB,SVB Financial Group,Financial,Banks - Regional,USA,27757.1,15.05,390.78,2.99%,431641
3213,SIX,Six Flags Entertainment Corporation,Consumer Cyclical,Leisure,USA,1919.14,12.14,22.22,1.09%,1820173
3214,SJI,"South Jersey Industries, Inc.",Utilities,Utilities - Diversified,USA,4192.33,48.86,34.4,0.44%,497698
3215,SJM,The J. M. Smucker Company,Consumer Defensive,Packaged Foods,USA,13803.47,22.43,131,1.21%,697545
3216,SJR,Shaw Communications Inc.,Communication Services,Telecom Services,Canada,13381.6,20.6,26.96,-0.30%,227147
3217,SJT,San Juan Basin Royalty Trust,Energy,Oil & Gas E&P,USA,556.54,13.59,12.42,-0.48%,563023
3218,SJW,SJW Group,Utilities,Utilities - Regulated Water,USA,1963.11,31.83,65.35,0.17%,115497
3219,SKE,Skeena Resources Limited,Basic Materials,Other Industrial Metals & Mining,Canada,475.17,,5.65,8.24%,31421
3220,SKIL,Skillsoft Corp.,Consumer Defensive,Education & Training Services,USA,664.37,,3.82,-4.26%,338419
3221,SKIN,The Beauty Health Company,Consumer Defensive,Household & Personal Products,USA,2290.68,,13.67,4.99%,1317438
3222,SKLZ,Skillz Inc.,Communication Services,Electronic Gaming & Multimedia,USA,689.63,,1.53,3.38%,5026823
3223,SKM,"SK Telecom Co.,Ltd",Communication Services,Telecom Services,South Korea,9017.87,14.93,22.87,1.06%,268268
3224,SKT,"Tanger Factory Outlet Centers, Inc.",Real Estate,REIT - Retail,USA,1691.71,69.61,15.94,1.01%,438147
3225,SKX,"Skechers U.S.A., Inc.",Consumer Cyclical,Footwear & Accessories,USA,5936.07,7.8,37.86,3.98%,2127733
3226,SKY,Skyline Champion Corporation,Consumer Cyclical,Residential Construction,USA,3564.39,14.41,62.38,3.12%,255099
3227,SKYT,"SkyWater Technology, Inc.",Technology,Semiconductors,USA,590.66,,14.25,8.37%,611654
3228,SKYW,"SkyWest, Inc.",Industrials,Airlines,USA,1152.57,12.19,22.52,1.72%,342507
3229,SKYX,SQL Technologies Corp.,Technology,Consumer Electronics,USA,583,,7.03,68.59%,19523563
3230,SLAB,Silicon Laboratories Inc.,Technology,Semiconductors,USA,5550.19,,147.69,-1.05%,395851
3231,SLAC,Social Leverage Acquisition Corp I,Financial,Shell Companies,USA,425.53,36.19,9.88,0.41%,306068
3232,SLB,Schlumberger Limited,Energy,Oil & Gas Equipment & Services,USA,48402.05,24.43,35.71,-1.71%,10269957
3233,SLCA,"U.S. Silica Holdings, Inc.",Energy,Oil & Gas Equipment & Services,USA,923.02,,12.24,-1.05%,1069680
3234,SLCR,Silver Crest Acquisition Corporation,Financial,Shell Companies,Hong Kong,429.48,,9.96,0.00%,11806
3235,SLDP,"Solid Power, Inc.",Industrials,Electrical Equipment & Parts,USA,1182.79,3.65,6.32,3.95%,862749
3236,SLF,Sun Life Financial Inc.,Financial,Insurance - Diversified,Canada,26849.15,8.93,45.63,1.22%,697175
3237,SLG,SL Green Realty Corp.,Real Estate,REIT - Office,USA,3145.71,7.86,49.36,1.79%,781775
3238,SLGC,"SomaLogic, Inc.",Healthcare,Health Information Services,USA,1057.86,,5.15,0.00%,751501
3239,SLGN,Silgan Holdings Inc.,Consumer Cyclical,Packaging & Containers,USA,4906.8,13.35,44.49,1.27%,551877
3240,SLI,Standard Lithium Ltd.,Basic Materials,Other Industrial Metals & Mining,Canada,1307.22,,5.54,0.18%,906815
3241,SLM,SLM Corporation,Financial,Credit Services,USA,4200.26,7.14,15.51,-10.09%,6021782
3242,SLP,"Simulations Plus, Inc.",Healthcare,Health Information Services,USA,1311.99,111.79,63.72,3.37%,125294
3243,SLQT,"SelectQuote, Inc.",Financial,Insurance Brokers,USA,319.33,,1.85,5.71%,4301675
3244,SLRC,SLR Investment Corp.,Financial,Asset Management,USA,599.68,8.36,14.19,-0.21%,278953
3245,SLVM,Sylvamo Corporation,Basic Materials,Paper & Paper Products,USA,1703.2,5.03,38.12,2.94%,350154
3246,SM,SM Energy Company,Energy,Oil & Gas E&P,USA,4919.35,17.64,39.38,1.26%,1723072
3247,SMAR,Smartsheet Inc.,Technology,Software - Application,USA,4173.47,,30.19,0.77%,926050
3248,SMBC,"Southern Missouri Bancorp, Inc.",Financial,Banks - Regional,USA,485.83,9.88,52.75,2.87%,23625
3249,SMBK,"SmartFinancial, Inc.",Financial,Banks - Regional,USA,444.13,12.65,26.28,1.43%,22633
3250,SMCI,"Super Micro Computer, Inc.",Technology,Computer Hardware,USA,2807.39,15.46,53.13,3.41%,379535
3251,SMFG,"Sumitomo Mitsui Financial Group, Inc.",Financial,Banks - Diversified,Japan,41896.77,8.17,6.13,0.16%,1491469
3252,SMFR,Sema4 Holdings Corp.,Healthcare,Health Information Services,USA,663.58,,1.61,1.90%,459885
3253,SMG,The Scotts Miracle-Gro Company,Basic Materials,Agricultural Inputs,USA,5023.02,12.22,87.57,3.56%,373888
3254,SMMF,"Summit Financial Group, Inc.",Financial,Banks - Regional,USA,379.18,8.31,29.67,1.44%,17931
3255,SMP,"Standard Motor Products, Inc.",Consumer Cyclical,Auto Parts,USA,1015.5,10.7,46.37,2.14%,53508
3256,SMPL,The Simply Good Foods Company,Consumer Defensive,Packaged Foods,USA,3305.25,33.64,32.5,-2.40%,1040518
3257,SMR,NuScale Power Corporation,Utilities,Utilities - Renewable,USA,2891.62,,13.44,-0.44%,695172
3258,SMRT,"SmartRent, Inc.",Consumer Cyclical,Apparel Retail,USA,1137.06,53.14,5.42,7.11%,593879
3259,SMTC,Semtech Corporation,Technology,Semiconductors,USA,4009.25,28.35,61.21,2.72%,286750
3260,SMWB,Similarweb Ltd.,Communication Services,Internet Content & Information,Israel,758.86,,8.6,-0.12%,52128
3261,SNA,Snap-on Incorporated,Industrials,Tools & Accessories,USA,11747.55,13.9,221.61,1.07%,360974
3262,SNAP,Snap Inc.,Communication Services,Internet Content & Information,USA,26046.34,,9.67,1.26%,97080866
3263,SNBR,Sleep Number Corporation,Consumer Cyclical,"Furnishings, Fixtures & Appliances",USA,972.75,11.73,42.89,17.73%,1561524
3264,SNCY,"Sun Country Airlines Holdings, Inc.",Industrials,Airlines,USA,1175.03,18.01,19.97,2.78%,226806
3265,SNDL,Sundial Growers Inc.,Healthcare,Drug Manufacturers - Specialty & Generic,Canada,5982.19,,2.32,0.00%,9472108
3266,SNDR,"Schneider National, Inc.",Industrials,Trucking,USA,4417.44,10.02,24.88,3.24%,587410
3267,SNDX,"Syndax Pharmaceuticals, Inc.",Healthcare,Biotechnology,USA,1137.33,142.84,21.14,-0.42%,276493
3268,SNEX,StoneX Group Inc.,Financial,Capital Markets,USA,1767.02,12.17,87.26,2.13%,105946
3269,SNN,Smith & Nephew plc,Healthcare,Medical Devices,United Kingdom,11656.95,22.18,26.46,-9.85%,2428643
3270,SNOW,Snowflake Inc.,Technology,Software - Application,USA,50272.65,,143.28,1.40%,5696371
3271,SNP,China Petroleum & Chemical Corporation,Energy,Oil & Gas Integrated,China,72056.41,5.04,47.08,-0.44%,121500
3272,SNPO,Snap One Holdings Corp.,Technology,Electronics & Computer Distribution,USA,937.77,,12.13,1.51%,28664
3273,SNPS,"Synopsys, Inc.",Technology,Software - Infrastructure,USA,55574.58,56.45,362.64,2.57%,816905
3274,SNRH,Senior Connect Acquisition Corp. I,Financial,Shell Companies,USA,511.29,34.91,9.88,-0.20%,260113
3275,SNV,Synovus Financial Corp.,Financial,Banks - Regional,USA,5846.55,8.34,39.9,-0.94%,619047
3276,SNX,TD SYNNEX Corporation,Technology,Information Technology Services,USA,9687.64,16.65,99.34,1.80%,198058
3277,SNY,Sanofi,Healthcare,Drug Manufacturers - General,France,128598.96,18.78,50.92,0.00%,2712275
3278,SO,The Southern Company,Utilities,Utilities - Regulated Electric,USA,79361.25,35.39,75.84,3.52%,5836422
3279,SOFI,"SoFi Technologies, Inc.",Financial,Credit Services,USA,6135.76,,6.3,-2.17%,21873010
3280,SOHU,Sohu.com Limited,Communication Services,Internet Content & Information,China,646.98,16.02,16.45,1.73%,64649
3281,SOI,"Solaris Oilfield Infrastructure, Inc.",Energy,Oil & Gas Equipment & Services,USA,492.61,98.04,10.49,0.19%,217143
3282,SOL,ReneSola Ltd,Technology,Solar,USA,399.34,96,5.76,10.98%,1918106
3283,SON,Sonoco Products Company,Consumer Cyclical,Packaging & Containers,USA,6136.37,14.63,62.68,0.19%,486040
3284,SONO,"Sonos, Inc.",Technology,Consumer Electronics,USA,2883.56,22.36,21.98,3.19%,1690488
3285,SONY,Sony Group Corporation,Technology,Consumer Electronics,Japan,109796.73,17.06,87.56,1.04%,537655
3286,SOR,"Source Capital, Inc.",Financial,Closed-End Fund - Equity,USA,325.94,7.82,38.71,1.39%,10383
3287,SOUN,"SoundHound AI, Inc.",Technology,Software - Application,USA,809.14,,3.69,-2.64%,175199
3288,SOVO,"Sovos Brands, Inc.",Consumer Defensive,Packaged Foods,USA,1448.14,,14.16,0.21%,129376
3289,SP,SP Plus Corporation,Industrials,Specialty Business Services,USA,799.24,18.22,34.17,1.12%,59034
3290,SPB,"Spectrum Brands Holdings, Inc.",Consumer Defensive,Household & Personal Products,USA,2878.9,,70.7,-0.08%,323009
3291,SPCE,"Virgin Galactic Holdings, Inc.",Industrials,Aerospace & Defense,USA,2017.91,,7.38,2.64%,4055647
3292,SPFI,"South Plains Financial, Inc.",Financial,Banks - Regional,USA,447.46,8.25,25.82,1.69%,30599
3293,SPG,"Simon Property Group, Inc.",Real Estate,REIT - Retail,USA,35505.86,15.86,107.46,3.21%,1692817
3294,SPGI,S&P Global Inc.,Financial,Financial Data & Stock Exchanges,USA,127210.76,27.03,374.59,3.79%,1731509
3295,SPGS,"Simon Property Group Acquisition Holdings, Inc.",Financial,Shell Companies,USA,425.83,38.59,9.88,0.30%,3377
3296,SPH,"Suburban Propane Partners, L.P.",Utilities,Utilities - Regulated Gas,USA,1064.22,7.04,16.93,0.47%,150904
3297,SPLK,Splunk Inc.,Technology,Software - Infrastructure,USA,17035.28,,103.88,2.01%,1207278
3298,SPLP,Steel Partners Holdings L.P.,Industrials,Conglomerates,USA,859.97,13.2,41.62,-0.85%,802
3299,SPNS,Sapiens International Corporation N.V.,Technology,Software - Application,Israel,1432.47,27.93,25.75,1.38%,157945
3300,SPNT,SiriusPoint Ltd.,Financial,Insurance - Reinsurance,Bermuda,724.93,,4.43,-2.85%,1182862
3301,SPOT,Spotify Technology S.A.,Communication Services,Internet Content & Information,Luxembourg,22861.85,304.76,114.59,-1.73%,2620137
3302,SPR,"Spirit AeroSystems Holdings, Inc.",Industrials,Aerospace & Defense,USA,3615.61,,33.11,1.75%,2082121
3303,SPSC,"SPS Commerce, Inc.",Technology,Software - Infrastructure,USA,4322.51,93.33,118.62,0.56%,131625
3304,SPT,"Sprout Social, Inc.",Technology,Software - Application,USA,3086.63,,51.59,-2.01%,695247
3305,SPTN,SpartanNash Company,Consumer Defensive,Food Distribution,USA,1151.29,15.78,32.15,1.29%,195917
3306,SPWH,"Sportsman's Warehouse Holdings, Inc.",Consumer Cyclical,Leisure,USA,442.38,4.44,9.93,2.48%,432173
3307,SPWR,SunPower Corporation,Technology,Solar,USA,3567.22,421.91,19.83,18.18%,8382049
3308,SPXC,SPX Corporation,Industrials,Specialty Industrial Machinery,USA,2669.72,51.3,58.38,3.33%,149434
3309,SQ,"Block, Inc.",Technology,Software - Infrastructure,USA,45139.58,,74.68,2.64%,10873148
3310,SQM,Sociedad Quimica y Minera de Chile S.A.,Basic Materials,Chemicals,Chile,25806,21.15,97.26,0.26%,1270262
3311,SQSP,"Squarespace, Inc.",Technology,Software - Infrastructure,USA,2999.93,,20.98,1.16%,322374
3312,SR,Spire Inc.,Utilities,Utilities - Regulated Gas,USA,3848.71,18.41,74.4,3.09%,211291
3313,SRAD,Sportradar Group AG,Technology,Software - Application,Switzerland,2792.02,144.53,9.25,0.11%,207924
3314,SRC,"Spirit Realty Capital, Inc.",Real Estate,REIT - Diversified,USA,5781.52,24.22,43.71,2.63%,661950
3315,SRCE,1st Source Corporation,Financial,Banks - Regional,USA,1162.1,10.26,48.18,-0.35%,55068
3316,SRCL,"Stericycle, Inc.",Industrials,Waste Management,USA,4300.68,,46.63,1.37%,330282
3317,SRDX,"Surmodics, Inc.",Healthcare,Diagnostics & Research,USA,495.18,,35.02,-2.21%,39482
3318,SRE,Sempra,Utilities,Utilities - Diversified,USA,51164.55,51.73,163.58,2.27%,1017212
3319,SRG,Seritage Growth Properties,Real Estate,REIT - Retail,USA,564.84,,12,5.82%,685072
3320,SRI,"Stoneridge, Inc.",Consumer Cyclical,Auto Parts,USA,517.92,,18.55,3.00%,56090
3321,SRLP,Sprague Resources LP,Energy,Oil & Gas Refining & Marketing,USA,504.94,,19.28,-0.10%,13773
3322,SRNE,"Sorrento Therapeutics, Inc.",Healthcare,Biotechnology,USA,1085.68,,2.62,-0.76%,6253738
3323,SRPT,"Sarepta Therapeutics, Inc.",Healthcare,Biotechnology,USA,7579.03,,85.93,0.08%,379335
3324,SRRK,Scholar Rock Holding Corporation,Healthcare,Biotechnology,USA,407.99,,7.41,-1.85%,253171
3325,SSB,SouthState Corporation,Financial,Banks - Regional,USA,6383.8,13.86,83.7,0.48%,600573
3326,SSD,"Simpson Manufacturing Co., Inc.",Industrials,Building Products & Equipment,USA,4414.92,14.26,101.82,0.29%,241680
3327,SSL,Sasol Limited,Energy,Oil & Gas Integrated,South Africa,13407.64,24.31,21.22,-0.09%,155094
3328,SSNC,"SS&C Technologies Holdings, Inc.",Technology,Software - Application,USA,14604.82,19.31,57.59,-6.40%,3583058
3329,SSP,The E.W. Scripps Company,Communication Services,Broadcasting,USA,1252.2,16.3,14.9,1.85%,177720
3330,SSRM,SSR Mining Inc.,Basic Materials,Gold,USA,3574.93,11.27,16.28,1.12%,2147061
3331,SST,"System1, Inc.",Industrials,Specialty Business Services,USA,746.92,,8.08,4.26%,124203
3332,SSTI,"ShotSpotter, Inc.",Technology,Software - Application,USA,409.03,,32.54,2.84%,23686
3333,SSTK,"Shutterstock, Inc.",Communication Services,Internet Content & Information,USA,2219.25,24.53,58.54,1.68%,564436
3334,SSU,SIGNA Sports United N.V.,Consumer Cyclical,Specialty Retail,Germany,1912.2,,5.8,-1.02%,19948
3335,SSYS,Stratasys Ltd.,Technology,Computer Hardware,USA,1411.55,,20.85,2.46%,957658
3336,ST,Sensata Technologies Holding plc,Technology,Scientific & Technical Instruments,USA,6978.02,21.33,44.48,1.95%,1286919
3337,STAA,STAAR Surgical Company,Healthcare,Medical Instruments & Supplies,USA,3873.64,135.99,80.1,0.41%,193390
3338,STAG,"STAG Industrial, Inc.",Real Estate,REIT - Industrial,USA,5731.13,24.81,32.03,1.23%,1443043
3339,STAR,iStar Inc.,Real Estate,REIT - Diversified,USA,1517.05,375.91,16.54,4.09%,1224593
3340,STBA,"S&T Bancorp, Inc.",Financial,Banks - Regional,USA,1200.61,10.88,30.55,0.20%,99752
3341,STC,Stewart Information Services Corporation,Financial,Insurance - Property & Casualty,USA,1465.23,4.49,53.77,2.13%,134375
3342,STE,STERIS plc,Healthcare,Medical Instruments & Supplies,Ireland,22754.12,94.03,225.11,1.62%,452255
3343,STEM,"Stem, Inc.",Technology,Software - Infrastructure,USA,1746.53,,10.69,22.45%,8654373
3344,STEP,StepStone Group Inc.,Financial,Asset Management,USA,2865.2,10.23,25.92,4.73%,224614
3345,STER,Sterling Check Corp.,Technology,Software - Infrastructure,USA,1912.79,,19.37,4.42%,138547
3346,STGW,Stagwell Inc.,Communication Services,Advertising Agencies,USA,1893.89,177.78,6.4,2.24%,244412
3347,STK,Columbia Seligman Premium Technology Growth Fund,Financial,Closed-End Fund - Equity,USA,477.39,,29.99,2.01%,28069
3348,STKL,SunOpta Inc.,Consumer Defensive,Packaged Foods,USA,995.92,,8.75,3.31%,431718
3349,STLA,Stellantis N.V.,Consumer Cyclical,Auto Manufacturers,Netherlands,43855.98,3.04,14,4.56%,10016904
3350,STLD,"Steel Dynamics, Inc.",Basic Materials,Steel,USA,14862.93,3.3,74.17,1.84%,1936791
3351,STM,STMicroelectronics N.V.,Technology,Semiconductors,Switzerland,33885.05,14.54,37.24,2.50%,3703511
3352,STN,Stantec Inc.,Industrials,Engineering & Construction,Canada,5388.15,35.81,48.52,0.39%,41207
3353,STNE,StoneCo Ltd.,Technology,Software - Application,Cayman Islands,3127.71,,9.66,-1.13%,4943721
3354,STNG,Scorpio Tankers Inc.,Energy,Oil & Gas Midstream,Monaco,2354.18,,38.72,-6.22%,1544179
3355,STOK,"Stoke Therapeutics, Inc.",Healthcare,Biotechnology,USA,649.55,,15.94,3.57%,179085
3356,STON,StoneMor Inc.,Consumer Cyclical,Personal Services,USA,404.06,,3.4,0.00%,645010
3357,STOR,STORE Capital Corporation,Real Estate,REIT - Diversified,USA,8041.75,26.19,28.84,2.74%,2032570
3358,STR,Sitio Royalties Corp.,Energy,Oil & Gas E&P,USA,2370.65,37.84,28.49,-0.42%,131220
3359,STRA,"Strategic Education, Inc.",Consumer Defensive,Education & Training Services,USA,1846.93,33.65,73.32,1.40%,88949
3360,STRC,Sarcos Technology and Robotics Corporation,Technology,Computer Hardware,USA,524.9,,3.36,2.44%,122993
3361,STRE,"Supernova Partners Acquisition Company III, Ltd.",Financial,Shell Companies,USA,344.27,15.68,9.83,-0.09%,110654
3362,STRL,"Sterling Construction Company, Inc.",Industrials,Engineering & Construction,USA,763.01,10.4,25.19,2.44%,92242
3363,STRY,"Starry Group Holdings, Inc.",Communication Services,Telecom Services,USA,496.26,,3.13,-8.75%,214132
3364,STT,State Street Corporation,Financial,Asset Management,USA,25594.33,9.69,69.97,1.54%,1961103
3365,STVN,Stevanato Group S.p.A.,Healthcare,Medical Instruments & Supplies,Italy,5226.1,35.86,16.89,1.81%,107985
3366,STWD,"Starwood Property Trust, Inc.",Real Estate,REIT - Mortgage,USA,7270.42,10.98,23.72,1.93%,1813264
3367,STX,Seagate Technology Holdings plc,Technology,Computer Hardware,Ireland,18657.24,10.88,79.8,1.42%,1854607
3368,STZ,"Constellation Brands, Inc.",Consumer Defensive,Beverages - Wineries & Distilleries,USA,46806.53,40.51,248.35,1.24%,711432
3369,SU,Suncor Energy Inc.,Energy,Oil & Gas Integrated,Canada,47798.01,9.79,32.69,1.05%,4411632
3370,SUAC,ShoulderUp Technology Acquisition Corp.,Financial,Shell Companies,USA,416.33,,9.96,0.00%,2505
3371,SUI,"Sun Communities, Inc.",Real Estate,REIT - Residential,USA,19849.04,53.29,163.38,2.39%,770225
3372,SUM,"Summit Materials, Inc.",Basic Materials,Building Materials,USA,3211.32,22.91,26.97,1.01%,631737
3373,SUMO,"Sumo Logic, Inc.",Technology,Software - Infrastructure,USA,837.13,,6.86,-1.58%,684896
3374,SUN,Sunoco LP,Energy,Oil & Gas Refining & Marketing,USA,3413.84,6.73,40.41,2.02%,385979
3375,SUNL,Sunlight Financial Holdings Inc.,Financial,Credit Services,USA,498.5,,3.64,8.01%,1027739
3376,SUPN,"Supernus Pharmaceuticals, Inc.",Healthcare,Drug Manufacturers - Specialty & Generic,USA,1648.82,24.35,31.46,0.41%,236529
3377,SUZ,Suzano S.A.,Basic Materials,Paper & Paper Products,Brazil,12291.39,5.71,9.11,2.13%,969338
3378,SVC,Service Properties Trust,Real Estate,REIT - Hotel & Motel,USA,1107.42,,6.51,2.20%,709662
3379,SVFA,SVF Investment Corp.,Financial,Shell Companies,USA,638.6,13.19,9.89,0.20%,95505
3380,SVM,Silvercorp Metals Inc.,Basic Materials,Silver,Canada,466.54,15.06,2.59,5.71%,2078600
3381,SWAV,"ShockWave Medical, Inc.",Healthcare,Medical Devices,USA,7857.18,273.6,216.69,2.03%,341384
3382,SWBI,"Smith & Wesson Brands, Inc.",Industrials,Aerospace & Defense,USA,661.48,3.55,14.38,1.99%,500831
3383,SWCH,"Switch, Inc.",Technology,Information Technology Services,USA,8282.23,846.75,33.87,0.36%,1644579
3384,SWET,Athlon Acquisition Corp.,Financial,Shell Companies,USA,339.87,64.87,9.86,0.00%,0
3385,SWI,SolarWinds Corporation,Technology,Software - Infrastructure,USA,1742.79,,10.54,0.29%,301297
3386,SWIM,"Latham Group, Inc.",Industrials,Building Products & Equipment,USA,670.86,,5.62,-3.44%,1007154
3387,SWIR,"Sierra Wireless, Inc.",Technology,Communication Equipment,Canada,991.26,,24.26,5.57%,714182
3388,SWK,"Stanley Black & Decker, Inc.",Industrials,Tools & Accessories,USA,14887.55,12.63,98.58,-16.07%,7658267
3389,SWKS,"Skyworks Solutions, Inc.",Technology,Semiconductors,USA,17666.49,13.07,107.67,0.59%,1497672
3390,SWN,Southwestern Energy Company,Energy,Oil & Gas E&P,USA,7922.31,,6.97,-4.91%,26861926
3391,SWTX,"SpringWorks Therapeutics, Inc.",Healthcare,Biotechnology,USA,1583.97,,29.83,0.13%,432916
3392,SWX,"Southwest Gas Holdings, Inc.",Utilities,Utilities - Regulated Gas,USA,5806.86,29.6,87.77,2.57%,374815
3393,SXC,"SunCoke Energy, Inc.",Basic Materials,Coking Coal,USA,620.23,10.88,7.29,-1.22%,445326
3394,SXI,Standex International Corporation,Industrials,Specialty Industrial Machinery,USA,1164.87,19.03,96.67,1.75%,45625
3395,SXT,Sensient Technologies Corporation,Basic Materials,Specialty Chemicals,USA,3643.05,29.37,86.41,1.38%,194914
3396,SYBT,"Stock Yards Bancorp, Inc.",Financial,Banks - Regional,USA,1984.2,30.59,68.61,0.84%,126599
3397,SYF,Synchrony Financial,Financial,Credit Services,USA,15921.75,4.43,32.66,0.25%,5865562
3398,SYK,Stryker Corporation,Healthcare,Medical Devices,USA,83167.88,41.57,219.03,3.41%,3674482
3399,SYM,Symbotic Inc.,Financial,Shell Companies,USA,864.68,,18.37,-2.03%,144014
3400,SYNA,Synaptics Incorporated,Technology,Semiconductors,USA,5899.93,30.03,142.89,0.78%,245668
3401,SYNH,"Syneos Health, Inc.",Healthcare,Diagnostics & Research,USA,8199.45,34.24,79.13,2.29%,367850
3402,SYY,Sysco Corporation,Consumer Defensive,Food Distribution,USA,44497.96,44.92,87.28,1.05%,2663187
3403,T,AT&T Inc.,Communication Services,Telecom Services,USA,136773.33,6.82,18.58,1.03%,41841432
3404,TA,TravelCenters of America Inc.,Consumer Cyclical,Specialty Retail,USA,618.81,7.52,41.42,3.39%,83866
3405,TAC,TransAlta Corporation,Utilities,Utilities - Independent Power Producers,Canada,3144.56,,11.36,0.89%,688123
3406,TAK,Takeda Pharmaceutical Company Limited,Healthcare,Drug Manufacturers - Specialty & Generic,Japan,46957.18,27.89,14.81,0.82%,2380267
3407,TAL,TAL Education Group,Consumer Defensive,Education & Training Services,China,3502.24,,5.33,2.70%,15253284
3408,TALK,"Talkspace, Inc.",Healthcare,Medical Care Facilities,USA,303.09,,1.92,12.94%,1713351
3409,TALO,Talos Energy Inc.,Energy,Oil & Gas E&P,USA,1524.16,,18.26,2.01%,1416288
3410,TAP,Molson Coors Beverage Company,Consumer Defensive,Beverages - Brewers,USA,12631.02,11.98,59.04,0.20%,1845479
3411,TARO,Taro Pharmaceutical Industries Ltd.,Healthcare,Drug Manufacturers - Specialty & Generic,Israel,1413.1,23.2,36.03,-1.29%,14080
3412,TARS,"Tarsus Pharmaceuticals, Inc.",Healthcare,Biotechnology,USA,325.36,,15.07,0.67%,132862
3413,TASK,"TaskUs, Inc.",Technology,Information Technology Services,USA,2067.74,,19.93,3.37%,243676
3414,TBBK,"The Bancorp, Inc.",Financial,Banks - Regional,USA,1350.62,12.26,23.72,-1.33%,635250
3415,TBI,"TrueBlue, Inc.",Industrials,Staffing & Employment Services,USA,738.97,11.85,21.62,0.70%,172683
3416,TBK,"Triumph Bancorp, Inc.",Financial,Banks - Regional,USA,1796.93,18.04,71.42,-0.87%,115817
3417,TBLA,Taboola.com Ltd.,Communication Services,Internet Content & Information,USA,673.5,,2.65,0.76%,496900
3418,TBPH,"Theravance Biopharma, Inc.",Healthcare,Biotechnology,Cayman Islands,672.92,,8.86,-0.89%,428366
3419,TCBI,"Texas Capital Bancshares, Inc.",Financial,Banks - Regional,USA,2835.48,17.72,57.19,-1.62%,360181
3420,TCBK,TriCo Bancshares,Financial,Banks - Regional,USA,1605.57,13.61,47.46,-0.57%,89992
3421,TCDA,"Tricida, Inc.",Healthcare,Drug Manufacturers - Specialty & Generic,USA,553.92,,9.43,-0.11%,165293
3422,TCI,"Transcontinental Realty Investors, Inc.",Real Estate,REIT - Diversified,USA,395.12,299.32,44,4.69%,32826
3423,TCN,Tricon Residential Inc.,Real Estate,Real Estate Services,Canada,3854.52,3.12,10.81,2.95%,1147918
3424,TCOM,Trip.com Group Limited,Consumer Cyclical,Travel Services,China,16706.4,,26.17,-1.43%,3618087
3425,TCPC,BlackRock TCP Capital Corp.,Financial,Asset Management,USA,748.18,6.76,12.96,1.09%,153311
3426,TCS,"The Container Store Group, Inc.",Consumer Cyclical,Specialty Retail,USA,385.95,4.62,7.5,2.74%,273630
3427,TCVA,TCV Acquisition Corp.,Financial,Shell Companies,USA,499.7,,9.8,0.00%,18103
3428,TCX,Tucows Inc.,Technology,Software - Infrastructure,Canada,493.88,,46.33,0.06%,22219
3429,TD,The Toronto-Dominion Bank,Financial,Banks - Diversified,Canada,117200.62,10.24,64.05,-0.40%,1800689
3430,TDC,Teradata Corporation,Technology,Information Technology Services,USA,4144.2,32.92,38.39,0.31%,663927
3431,TDCX,TDCX Inc.,Industrials,Specialty Business Services,Singapore,1210.55,14.51,7.85,-0.63%,133437
3432,TDF,"Templeton Dragon Fund, Inc.",Financial,Closed-End Fund - Foreign,USA,433.37,1.62,12.82,-1.31%,88559
3433,TDG,TransDigm Group Incorporated,Industrials,Aerospace & Defense,USA,33888.29,42.54,610.27,1.77%,316520
3434,TDOC,"Teladoc Health, Inc.",Healthcare,Health Information Services,USA,6083.68,,35.6,-17.67%,26342716
3435,TDS,"Telephone and Data Systems, Inc.",Communication Services,Telecom Services,USA,1826.59,17.45,15.79,-0.19%,1158816
3436,TDW,Tidewater Inc.,Energy,Oil & Gas Equipment & Services,USA,903.97,,21.31,1.28%,448238
3437,TDY,Teledyne Technologies Incorporated,Technology,Scientific & Technical Instruments,USA,18103.15,31.61,383.46,3.08%,412984
3438,TEAM,Atlassian Corporation Plc,Technology,Software - Application,Australia,55143.57,,204.85,3.84%,1661222
3439,TECH,Bio-Techne Corporation,Healthcare,Biotechnology,USA,15218.98,69.46,380.76,1.69%,169267
3440,TECK,Teck Resources Limited,Basic Materials,Other Industrial Metals & Mining,Canada,15115.99,4.64,27.39,0.66%,4832305
3441,TEDU,"Tarena International, Inc.",Consumer Defensive,Education & Training Services,China,308.17,,5.6,6.26%,9143
3442,TEF,"Telefonica, S.A.",Communication Services,Telecom Services,Spain,25933.8,3.14,4.45,-2.20%,1018617
3443,TEKK,Tekkorp Digital Acquisition Corp.,Financial,Shell Companies,USA,310.33,70,9.94,0.00%,2579
3444,TEL,TE Connectivity Ltd.,Technology,Electronic Components,Switzerland,42887.27,17.36,131.23,2.66%,1687732
3445,TELL,Tellurian Inc.,Energy,Oil & Gas E&P,USA,2137.29,,3.66,-2.66%,9096363
3446,TEN,Tenneco Inc.,Consumer Cyclical,Auto Parts,USA,1578.37,,18.88,0.43%,1016815
3447,TENB,"Tenable Holdings, Inc.",Technology,Software - Infrastructure,USA,4350.87,,38.31,1.24%,1916186
3448,TEO,Telecom Argentina S.A.,Communication Services,Telecom Services,Argentina,1371.53,13.34,4.31,3.11%,280761
3449,TER,"Teradyne, Inc.",Technology,Semiconductor Equipment & Materials,USA,16216.91,18.5,98.95,1.03%,2681828
3450,TETC,Tech and Energy Transition Corporation Class A Common Stock,Financial,Shell Companies,USA,472.54,44.64,9.82,0.00%,1703
3451,TEVA,Teva Pharmaceutical Industries Limited,Healthcare,Drug Manufacturers - Specialty & Generic,Israel,10777.82,,9.45,3.39%,30254974
3452,TEX,Terex Corporation,Industrials,Farm & Heavy Construction Machinery,USA,2308.28,10.13,32.83,3.17%,1065297
3453,TFC,Truist Financial Corporation,Financial,Banks - Regional,USA,66022.84,11.24,49.56,0.02%,4961146
3454,TFII,TFI International Inc.,Industrials,Trucking,Canada,11154.69,9.38,94.74,4.28%,387592
3455,TFSL,TFS Financial Corporation,Financial,Banks - Regional,USA,3953.05,62.24,14.19,-0.28%,310687
3456,TFX,Teleflex Incorporated,Healthcare,Medical Instruments & Supplies,USA,11616.22,23.9,245.69,-7.82%,1859074
3457,TG,Tredegar Corporation,Basic Materials,Specialty Chemicals,USA,361.36,5.49,10.56,1.44%,95779
3458,TGH,Textainer Group Holdings Limited,Industrials,Rental & Leasing Services,Bermuda,1595.48,5.87,33.26,4.07%,444654
3459,TGI,"Triumph Group, Inc.",Industrials,Aerospace & Defense,USA,1028.48,,15.55,2.37%,738785
3460,TGLS,Tecnoglass Inc.,Industrials,Building Products & Equipment,Colombia,1040.98,12.92,21.92,4.43%,200591
3461,TGNA,TEGNA Inc.,Communication Services,Broadcasting,USA,4675.13,9.43,21.1,0.14%,390848
3462,TGS,Transportadora de Gas del Sur S.A.,Energy,Oil & Gas Midstream,Argentina,1154.62,5.18,5.89,13.27%,280973
3463,TGT,Target Corporation,Consumer Defensive,Discount Stores,USA,74353.49,13.21,159.42,3.12%,3103623
3464,TGTX,"TG Therapeutics, Inc.",Healthcare,Biotechnology,USA,985.02,,6.39,-3.91%,1694223
3465,TH,Target Hospitality Corp.,Energy,Oil & Gas Equipment & Services,USA,1321.64,145.74,13.7,-0.72%,1180673
3466,THC,Tenet Healthcare Corporation,Healthcare,Medical Care Facilities,USA,6652.41,8.18,65.47,3.17%,1082554
3467,THFF,First Financial Corporation,Financial,Banks - Regional,USA,577.62,9.84,46.47,-0.77%,34167
3468,THG,"The Hanover Insurance Group, Inc.",Financial,Insurance - Property & Casualty,USA,4903.44,11.4,136.51,-3.12%,222168
3469,THO,"Thor Industries, Inc.",Consumer Cyclical,Recreational Vehicles,USA,4614.6,4.3,84.07,2.90%,622550
3470,THQ,Tekla Healthcare Opportunities Fund,Financial,Closed-End Fund - Equity,USA,849.21,,20.54,0.54%,110506
3471,THR,"Thermon Group Holdings, Inc.",Industrials,Specialty Industrial Machinery,USA,521.11,25.96,15.5,0.91%,86114
3472,THRM,Gentherm Incorporated,Consumer Cyclical,Auto Parts,USA,2201.67,29.85,64.32,2.53%,76730
3473,THRX,"Theseus Pharmaceuticals, Inc.",Healthcare,Biotechnology,USA,319.51,,7.34,1.80%,36089
3474,THRY,"Thryv Holdings, Inc.",Communication Services,Internet Content & Information,USA,834.61,9.16,24.08,1.43%,161992
3475,THS,"TreeHouse Foods, Inc.",Consumer Defensive,Packaged Foods,USA,2461.59,,44.17,0.48%,211626
3476,THW,Tekla World Healthcare Fund,Financial,Closed-End Fund - Equity,USA,568.14,,15.25,0.46%,124740
3477,TIGO,Millicom International Cellular S.A.,Communication Services,Telecom Services,Luxembourg,2586.08,2.65,15.24,9.96%,246070
3478,TIGR,UP Fintech Holding Limited,Financial,Capital Markets,China,639.37,,3.97,0.25%,668471
3479,TIL,"Instil Bio, Inc.",Healthcare,Biotechnology,USA,806.56,,5.84,-2.18%,140605
3480,TILE,"Interface, Inc.",Consumer Cyclical,"Furnishings, Fixtures & Appliances",USA,854.01,13.79,14.37,-0.07%,183886
3481,TIMB,TIM S.A.,Communication Services,Telecom Services,Brazil,5909.51,10.47,12.14,3.06%,502008
3482,TINV,Tiga Acquisition Corp.,Financial,Shell Companies,Singapore,356.04,13.89,10.32,0.04%,162430
3483,TIPT,Tiptree Inc.,Financial,Insurance - Specialty,USA,386.75,50.78,11.12,-1.94%,53055
3484,TITN,Titan Machinery Inc.,Industrials,Industrial Distribution,USA,613,8.38,27.1,2.23%,66954
3485,TIXT,TELUS International (Cda) Inc.,Technology,Software - Infrastructure,Canada,2450.63,53.99,28.02,1.82%,30531
3486,TJX,"The TJX Companies, Inc.",Consumer Cyclical,Apparel Retail,USA,71670.01,22.17,61.19,0.64%,5588937
3487,TK,Teekay Corporation,Energy,Oil & Gas Integrated,Bermuda,318.24,,3.14,-1.26%,200359
3488,TKC,Turkcell Iletisim Hizmetleri A.S.,Communication Services,Telecom Services,Turkey,2186.28,7.68,2.35,-1.26%,533688
3489,TKR,The Timken Company,Industrials,Tools & Accessories,USA,4668.68,12.92,63.15,1.94%,988500
3490,TLK,Perusahaan Perseroan (Persero) PT Telekomunikasi Indonesia Tbk,Communication Services,Telecom Services,Indonesia,28776.69,17.09,28.55,0.60%,161916
3491,TLRY,"Tilray Brands, Inc.",Healthcare,Drug Manufacturers - Specialty & Generic,USA,1744.81,,3.65,11.96%,38355613
3492,TLS,Telos Corporation,Technology,Information Technology Services,USA,553.35,,7.84,5.38%,355490
3493,TM,Toyota Motor Corporation,Consumer Cyclical,Auto Manufacturers,Japan,257674.04,10.68,159.51,-0.34%,176698
3494,TMCI,"Treace Medical Concepts, Inc.",Healthcare,Medical Devices,USA,972.7,,17.05,1.43%,126241
3495,TMDX,"TransMedics Group, Inc.",Healthcare,Medical Devices,USA,1109.37,,39.09,1.69%,540489
3496,TME,Tencent Music Entertainment Group,Communication Services,Internet Content & Information,China,7933.64,18.75,4.5,-1.96%,8436287
3497,TMHC,Taylor Morrison Home Corporation,Consumer Cyclical,Residential Construction,USA,3369.96,4.79,28.3,-0.63%,1378308
3498,TMKR,Tastemaker Acquisition Corp.,Financial,Shell Companies,USA,343.67,50.1,9.97,0.10%,78268
3499,TMO,Thermo Fisher Scientific Inc.,Healthcare,Diagnostics & Research,USA,239564,31.12,597.64,2.70%,2294663
3500,TMP,Tompkins Financial Corporation,Financial,Banks - Regional,USA,1133.88,13.03,77.24,0.17%,29436
3501,TMST,TimkenSteel Corporation,Basic Materials,Steel,USA,929.95,5.28,19.5,-1.02%,340190
3502,TMUS,"T-Mobile US, Inc.",Communication Services,Telecom Services,USA,178584.51,63.4,141.7,0.56%,5720237
3503,TMX,"Terminix Global Holdings, Inc.",Consumer Cyclical,Personal Services,USA,5326.76,46.57,43.82,3.13%,2242531
3504,TNC,Tennant Company,Industrials,Specialty Industrial Machinery,USA,1236.04,25.23,66.24,1.53%,19064
3505,TNDM,"Tandem Diabetes Care, Inc.",Healthcare,Medical Devices,USA,4333.24,768.28,66.84,3.12%,584624
3506,TNET,"TriNet Group, Inc.",Industrials,Staffing & Employment Services,USA,5242.14,14.32,82.32,0.94%,228036
3507,TNGX,"Tango Therapeutics, Inc.",Healthcare,Biotechnology,USA,411.6,,4.31,-1.15%,124230
3508,TNK,Teekay Tankers Ltd.,Energy,Oil & Gas Midstream,Canada,706.65,,20.79,-2.58%,322057
3509,TNL,Travel + Leisure Co.,Consumer Cyclical,Travel Services,USA,3786.64,11.43,44,-3.23%,1043692
3510,TNP,Tsakos Energy Navigation Limited,Energy,Oil & Gas Midstream,Greece,355.35,,12.57,0.08%,160790
3511,TOI,"The Oncology Institute, Inc.",Healthcare,Medical Care Facilities,USA,490.22,54.96,6.43,0.00%,16214
3512,TOL,"Toll Brothers, Inc.",Consumer Cyclical,Residential Construction,USA,5590.9,6.13,48.91,-0.20%,1911544
3513,TOP,Zhong Yang Financial Group Limited,Financial,Capital Markets,Hong Kong,499.11,178,14.24,-4.62%,271020
3514,TOST,"Toast, Inc.",Technology,Software - Infrastructure,USA,8464.26,,15.97,6.11%,4291983
3515,TOWN,TowneBank,Financial,Banks - Regional,USA,2151.65,11.1,29.37,0.48%,101821
3516,TPB,"Turning Point Brands, Inc.",Consumer Defensive,Tobacco,USA,451,10.73,25.28,5.29%,580090
3517,TPC,Tutor Perini Corporation,Industrials,Engineering & Construction,USA,464.42,8.49,8.95,1.70%,227433
3518,TPG,TPG Inc.,Financial,Asset Management,USA,8835.96,5.56,28.14,3.42%,444321
3519,TPGY,TPG Pace Beneficial Finance Corp.,Financial,Shell Companies,USA,435.75,1.95,9.96,0.10%,357457
3520,TPH,"Tri Pointe Homes, Inc.",Consumer Cyclical,Residential Construction,USA,1922.84,3.93,18.58,0.16%,1651140
3521,TPIC,"TPI Composites, Inc.",Industrials,Specialty Industrial Machinery,USA,556.37,,14.47,19.39%,2829623
3522,TPL,Texas Pacific Land Corporation,Energy,Oil & Gas E&P,USA,14460.87,44.62,1830.49,0.09%,26875
3523,TPR,"Tapestry, Inc.",Consumer Cyclical,Luxury Goods,USA,8588.83,10.98,34.03,0.89%,2773347
3524,TPTX,"Turning Point Therapeutics, Inc.",Healthcare,Biotechnology,USA,3727.63,,75.26,0.29%,597509
3525,TPVG,TriplePoint Venture Growth BDC Corp.,Financial,Asset Management,USA,439.48,6.11,13.89,2.21%,102879
3526,TPX,"Tempur Sealy International, Inc.",Consumer Cyclical,"Furnishings, Fixtures & Appliances",USA,4711.22,8.51,26.7,5.99%,2679002
3527,TR,"Tootsie Roll Industries, Inc.",Consumer Defensive,Confectioners,USA,2443.67,36.77,35.7,3.12%,84024
3528,TRAQ,Trine II Acquisition Corp.,Financial,Shell Companies,USA,517.5,,10,0.00%,30500
3529,TRC,Tejon Ranch Co.,Industrials,Conglomerates,USA,442.42,40.44,16.38,2.76%,36245
3530,TRDA,"Entrada Therapeutics, Inc.",Healthcare,Biotechnology,USA,357.33,,11.84,-2.23%,59411
3531,TREE,"LendingTree, Inc.",Financial,Mortgage Finance,USA,611.36,14.79,46.74,-3.87%,396597
3532,TREX,"Trex Company, Inc.",Industrials,Building Products & Equipment,USA,7173.18,31.29,62.73,3.29%,1068966
3533,TRGP,Targa Resources Corp.,Energy,Oil & Gas Midstream,USA,15600.95,,67.35,1.10%,1186239
3534,TRI,Thomson Reuters Corporation,Industrials,Consulting Services,Canada,54675.18,32.95,111.68,1.02%,1014241
3535,TRIN,Trinity Capital Inc.,Financial,Asset Management,USA,561.62,4.4,14.58,0.69%,131337
3536,TRIP,"Tripadvisor, Inc.",Consumer Cyclical,Travel Services,USA,2698.75,,19.02,-0.94%,1936286
3537,TRMB,Trimble Inc.,Technology,Scientific & Technical Instruments,USA,17296.52,35.21,67.71,2.84%,629411
3538,TRMD,TORM plc,Energy,Oil & Gas Midstream,United Kingdom,1316.87,,16.31,2.64%,327959
3539,TRMK,Trustmark Corporation,Financial,Banks - Regional,USA,1979.2,16.09,32,0.53%,258951
3540,TRMR,Tremor International Ltd,Communication Services,Advertising Agencies,Israel,776.27,10.71,10.05,-2.05%,133961
3541,TRN,"Trinity Industries, Inc.",Industrials,Railroads,USA,2163.76,54.91,25.48,2.21%,771228
3542,TRNO,Terreno Realty Corporation,Real Estate,REIT - Industrial,USA,4682.62,50.13,62.41,3.59%,485008
3543,TRNS,"Transcat, Inc.",Industrials,Industrial Distribution,USA,463.46,41.5,62.21,2.35%,19627
3544,TROW,"T. Rowe Price Group, Inc.",Financial,Asset Management,USA,27815.63,9.77,120.78,0.28%,2065309
3545,TROX,Tronox Holdings plc,Basic Materials,Chemicals,USA,2514.93,9.15,16.24,-3.16%,2855310
3546,TRP,TC Energy Corporation,Energy,Oil & Gas Midstream,Canada,52767.55,20.98,54.14,-1.69%,1731816
3547,TRQ,Turquoise Hill Resources Ltd.,Basic Materials,Copper,Canada,5122.81,9.09,25.46,-1.58%,675226
3548,TRS,TriMas Corporation,Industrials,Specialty Industrial Machinery,USA,1220.93,21.4,28.98,2.29%,81272
3549,TRST,TrustCo Bank Corp NY,Financial,Banks - Regional,USA,641.11,9.92,33.27,0.36%,63691
3550,TRTN,Triton International Limited,Industrials,Rental & Leasing Services,Bermuda,4140.9,7.94,64.2,7.04%,798302
3551,TRTX,"TPG RE Finance Trust, Inc.",Real Estate,REIT - Mortgage,USA,835.34,13.49,10.78,0.84%,318129
3552,TRU,TransUnion,Industrials,Consulting Services,USA,15251.81,55.52,78.78,4.43%,2989481
3553,TRUP,"Trupanion, Inc.",Financial,Insurance - Specialty,USA,2766.94,,64.02,-2.62%,314923
3554,TRV,"The Travelers Companies, Inc.",Financial,Insurance - Property & Casualty,USA,37469.49,10.8,155.74,-2.03%,1455473
3555,TRVG,trivago N.V.,Communication Services,Internet Content & Information,Germany,546.77,99.33,1.49,-0.67%,161047
3556,TS,Tenaris S.A.,Energy,Oil & Gas Equipment & Services,Luxembourg,15824.23,10.63,26.95,-0.63%,2620339
3557,TSAT,Telesat Corporation,Technology,Communication Equipment,Canada,607.96,6.23,11.51,0.00%,39798
3558,TSCO,Tractor Supply Company,Consumer Cyclical,Specialty Retail,USA,21735.17,21.9,190.81,2.08%,1200756
3559,TSE,Trinseo PLC,Basic Materials,Specialty Chemicals,USA,1280.48,6.07,35.5,-0.53%,563720
3560,TSEM,Tower Semiconductor Ltd.,Technology,Semiconductors,Israel,5203,29.66,47.3,1.20%,737834
3561,TSLA,"Tesla, Inc.",Consumer Cyclical,Auto Manufacturers,USA,846289.89,171.21,842.7,2.21%,28053508
3562,TSLX,"Sixth Street Specialty Lending, Inc.",Financial,Asset Management,USA,1400.67,6.44,19.16,0.31%,488828
3563,TSM,Taiwan Semiconductor Manufacturing Company Limited,Technology,Semiconductors,Taiwan,445386.65,18.02,88.61,1.12%,10650042
3564,TSN,"Tyson Foods, Inc.",Consumer Defensive,Farm Products,USA,31581.22,7.49,87.2,1.77%,1399240
3565,TSP,TuSimple Holdings Inc.,Industrials,Trucking,USA,2472.52,,10.08,5.44%,1454339
3566,TSVT,"2seventy bio, Inc.",Healthcare,Biotechnology,USA,555.12,,14.57,-0.55%,342922
3567,TT,Trane Technologies plc,Industrials,Specialty Industrial Machinery,Ireland,33786.31,23.74,145.38,2.47%,1081139
3568,TTC,The Toro Company,Industrials,Tools & Accessories,USA,8939,25.42,85.02,1.06%,294261
3569,TTCF,"Tattooed Chef, Inc.",Consumer Defensive,Packaged Foods,USA,545.27,,6.37,-1.85%,273237
3570,TTD,"The Trade Desk, Inc.",Technology,Software - Application,USA,24724.4,234.48,47.13,1.07%,5825502
3571,TTE,TotalEnergies SE,Energy,Oil & Gas Integrated,France,126756.46,7.49,48.96,-3.68%,2720503
3572,TTEC,"TTEC Holdings, Inc.",Technology,Information Technology Services,USA,3481.84,28.07,73.41,2.90%,58690
3573,TTEK,"Tetra Tech, Inc.",Industrials,Engineering & Construction,USA,8202.87,32.48,152.64,3.27%,191050
3574,TTGT,"TechTarget, Inc.",Communication Services,Internet Content & Information,USA,1954.98,502.78,63.35,2.97%,118532
3575,TTI,"TETRA Technologies, Inc.",Energy,Oil & Gas Equipment & Services,USA,542.31,190,4.18,-4.78%,1529165
3576,TTM,Tata Motors Limited,Consumer Cyclical,Auto Manufacturers,India,21588.21,,28.19,2.47%,404841
3577,TTMI,"TTM Technologies, Inc.",Technology,Electronic Components,USA,1397.89,19.34,13.44,2.60%,1222501
3578,TTWO,"Take-Two Interactive Software, Inc.",Communication Services,Electronic Gaming & Multimedia,USA,21433.45,36.44,130.35,-0.18%,2602258
3579,TU,TELUS Corporation,Communication Services,Telecom Services,Canada,31717.07,23.67,22.94,1.41%,1251128
3580,TUFN,Tufin Software Technologies Ltd.,Technology,Software - Infrastructure,Israel,478.49,,12.49,0.32%,191754
3581,TUP,Tupperware Brands Corporation,Consumer Cyclical,Packaging & Containers,USA,324.03,3.06,7,-0.14%,898684
3582,TUYA,Tuya Inc.,Technology,Software - Infrastructure,China,1160.29,,1.82,-9.00%,1315680
3583,TV,"Grupo Televisa, S.A.B.",Communication Services,Broadcasting,Mexico,4479.05,20.28,7.85,2.35%,2970597
3584,TVTX,"Travere Therapeutics, Inc.",Healthcare,Biotechnology,USA,1537.24,,24.14,-2.15%,304039
3585,TW,Tradeweb Markets Inc.,Financial,Capital Markets,USA,16410.17,60.04,69.89,3.17%,731335
3586,TWI,"Titan International, Inc.",Industrials,Farm & Heavy Construction Machinery,USA,1047.01,17.19,16.19,0.50%,283189
3587,TWKS,"Thoughtworks Holding, Inc.",Technology,Information Technology Services,USA,5029.3,,15.56,3.11%,236605
3588,TWLO,Twilio Inc.,Communication Services,Internet Content & Information,USA,16463.45,,85.6,1.45%,3772302
3589,TWLV,Twelve Seas Investment Company II,Financial,Shell Companies,USA,434.29,97.33,9.83,0.00%,5203
3590,TWNK,"Hostess Brands, Inc.",Consumer Defensive,Packaged Foods,USA,3153.77,24.96,22.86,3.44%,1309443
3591,TWO,Two Harbors Investment Corp.,Real Estate,REIT - Mortgage,USA,1865.65,13.64,5.4,1.50%,3072182
3592,TWOU,"2U, Inc.",Consumer Defensive,Education & Training Services,USA,845.27,,10.36,3.08%,1234076
3593,TWST,Twist Bioscience Corporation,Healthcare,Diagnostics & Research,USA,2711.98,,43.94,2.23%,896072
3594,TWTR,"Twitter, Inc.",Communication Services,Internet Content & Information,USA,30996.26,168.97,40.89,2.61%,10132368
3595,TX,Ternium S.A.,Basic Materials,Steel,Luxembourg,7099.4,1.72,35,1.24%,213889
3596,TXG,"10x Genomics, Inc.",Healthcare,Health Information Services,USA,4726.95,,39.9,3.88%,1412709
3597,TXN,Texas Instruments Incorporated,Technology,Semiconductors,USA,164675.99,20.1,175.75,2.45%,6453735
3598,TXRH,"Texas Roadhouse, Inc.",Consumer Cyclical,Restaurants,USA,5999.18,23.94,87.81,3.12%,1401640
3599,TXT,Textron Inc.,Industrials,Aerospace & Defense,USA,14066.33,18.88,64.78,-0.64%,1816224
3600,TY,Tri-Continental Corporation,Financial,Closed-End Fund - Equity,USA,1473.92,2.58,28.19,1.11%,47006
3601,TYG,Tortoise Energy Infrastructure Corporation,Financial,Closed-End Fund - Equity,USA,391.71,3.4,32.84,2.08%,58450
3602,TYL,"Tyler Technologies, Inc.",Technology,Software - Application,USA,16686.88,102.51,398.35,6.41%,370159
3603,TYRA,"Tyra Biosciences, Inc.",Healthcare,Biotechnology,USA,443.19,,10.59,3.02%,49488
3604,U,Unity Software Inc.,Technology,Software - Application,USA,12402.61,,37.57,0.94%,7125413
3605,UA,"Under Armour, Inc.",Consumer Cyclical,Apparel Manufacturing,USA,3650.79,8.55,8.08,3.46%,2159082
3606,UAA,"Under Armour, Inc.",Consumer Cyclical,Apparel Manufacturing,USA,4151.9,19.11,8.98,3.22%,5602003
3607,UAL,"United Airlines Holdings, Inc.",Industrials,Airlines,USA,12370.73,,36.74,0.88%,10188454
3608,UAN,"CVR Partners, LP",Basic Materials,Agricultural Inputs,USA,1148.86,5.71,105.4,0.25%,101172
3609,UBA,Urstadt Biddle Properties Inc.,Real Estate,REIT - Retail,USA,733.17,19.45,18.22,1.62%,96826
3610,UBER,"Uber Technologies, Inc.",Technology,Software - Application,USA,47599.95,,23.31,0.95%,22821101
3611,UBS,UBS Group AG,Financial,Banks - Diversified,Switzerland,56208.69,7.31,15.83,3.26%,4214933
3612,UBSI,"United Bankshares, Inc.",Financial,Banks - Regional,USA,5193.59,14.65,38.25,0.05%,1087214
3613,UCBI,"United Community Banks, Inc.",Financial,Banks - Regional,USA,3543.41,13.87,33.46,1.42%,458584
3614,UCTT,"Ultra Clean Holdings, Inc.",Technology,Semiconductor Equipment & Materials,USA,1678.55,13.47,36.09,1.81%,246266
3615,UDMY,"Udemy, Inc.",Consumer Defensive,Education & Training Services,USA,1715.66,,11.97,-5.52%,382016
3616,UDR,"UDR, Inc.",Real Estate,REIT - Residential,USA,15206.24,95.94,48.26,3.78%,2304898
3617,UE,Urban Edge Properties,Real Estate,REIT - Diversified,USA,1914.94,20.95,16.36,3.09%,546246
3618,UEC,Uranium Energy Corp.,Energy,Uranium,USA,1281.12,,3.98,2.58%,8675802
3619,UEIC,Universal Electronics Inc.,Technology,Consumer Electronics,USA,354.07,,27.32,2.25%,23162
3620,UFCS,"United Fire Group, Inc.",Financial,Insurance - Property & Casualty,USA,822.83,9.31,32.73,-1.59%,38867
3621,UFPI,"UFP Industries, Inc.",Basic Materials,Lumber & Wood Production,USA,5092.58,9.11,90.23,2.70%,378355
3622,UFPT,"UFP Technologies, Inc.",Consumer Cyclical,Packaging & Containers,USA,594.95,35.93,78.18,-2.37%,27296
3623,UGI,UGI Corporation,Utilities,Utilities - Regulated Gas,USA,8933.42,6.13,42.76,2.00%,1699916
3624,UGP,Ultrapar Participacoes S.A.,Energy,Oil & Gas Refining & Marketing,Brazil,2797.07,19.76,2.49,0.81%,2135765
3625,UHAL,AMERCO,Industrials,Rental & Leasing Services,USA,10298.82,9.15,524.38,2.60%,39615
3626,UHS,"Universal Health Services, Inc.",Healthcare,Medical Care Facilities,USA,8203.53,9.8,111.78,2.30%,592293
3627,UHT,Universal Health Realty Income Trust,Real Estate,REIT - Healthcare Facilities,USA,739.42,6.85,54.17,0.46%,36997
3628,UI,Ubiquiti Inc.,Technology,Communication Equipment,USA,18098.34,41.99,296.16,3.59%,62045
3629,UIS,Unisys Corporation,Technology,Information Technology Services,USA,938.03,,13.41,2.05%,170255
3630,UL,Unilever PLC,Consumer Defensive,Household & Personal Products,United Kingdom,121985.02,20.4,48.34,-0.21%,2316646
3631,ULCC,"Frontier Group Holdings, Inc.",Industrials,Airlines,USA,2989.37,,13.58,20.50%,12780464
3632,ULH,"Universal Logistics Holdings, Inc.",Industrials,Trucking,USA,763.64,8.17,28.59,-0.63%,51005
3633,ULTA,"Ulta Beauty, Inc.",Consumer Cyclical,Specialty Retail,USA,21015.85,19.83,400.76,1.35%,530922
3634,UMBF,UMB Financial Corporation,Financial,Banks - Regional,USA,4366.64,11.97,89.83,-1.74%,254048
3635,UMC,United Microelectronics Corporation,Technology,Semiconductors,Taiwan,16935.07,7.63,6.72,-2.47%,10152876
3636,UMH,"UMH Properties, Inc.",Real Estate,REIT - Residential,USA,1155.12,100.62,21.23,4.22%,172979
3637,UMPQ,Umpqua Holdings Corporation,Financial,Banks - Regional,USA,3901.8,10.51,17.66,0.17%,674677
3638,UNF,UniFirst Corporation,Industrials,Specialty Business Services,USA,3600.66,32.84,193.48,0.83%,89011
3639,UNFI,"United Natural Foods, Inc.",Consumer Defensive,Food Distribution,USA,2534.52,10.31,42.64,0.85%,193584
3640,UNH,UnitedHealth Group Incorporated,Healthcare,Healthcare Plans,USA,509033.08,28.29,541.49,1.29%,2342556
3641,UNIT,Uniti Group Inc.,Real Estate,REIT - Specialty,USA,2395.16,15.06,10.03,1.83%,1285837
3642,UNM,Unum Group,Financial,Insurance - Life,USA,6480.78,7.04,31.82,-3.66%,1305422
3643,UNP,Union Pacific Corporation,Industrials,Railroads,USA,139526.5,20.84,223.74,1.75%,2332042
3644,UNVR,Univar Solutions Inc.,Basic Materials,Chemicals,USA,4550.04,7.92,26.52,1.41%,1303886
3645,UP,Wheels Up Experience Inc.,Industrials,Airports & Air Services,USA,579.36,,2.19,1.39%,987043
3646,UPLD,"Upland Software, Inc.",Technology,Software - Application,USA,395.36,,11.42,2.06%,291009
3647,UPS,"United Parcel Service, Inc.",Industrials,Integrated Freight & Logistics,USA,163629.51,15.35,188.24,2.36%,2446279
3648,UPST,"Upstart Holdings, Inc.",Financial,Credit Services,USA,2257.88,14.78,24.37,-1.61%,6753320
3649,UPWK,Upwork Inc.,Industrials,Staffing & Employment Services,USA,2524.72,,18.97,-18.02%,5766709
3650,URBN,"Urban Outfitters, Inc.",Consumer Cyclical,Apparel Retail,USA,1911.88,6.98,20.35,3.04%,1850605
3651,URE,ProShares Ultra Real Estate,Financial,Exchange Traded Fund,USA,24785.09,,82.8,6.37%,1064
3652,URI,"United Rentals, Inc.",Industrials,Rental & Leasing Services,USA,22267.83,14.33,304.83,6.13%,1272931
3653,USA,Liberty All-Star Equity Fund,Financial,Closed-End Fund - Equity,USA,1504.2,2.57,6.72,0.30%,613408
3654,USAC,"USA Compression Partners, LP",Energy,Oil & Gas Equipment & Services,USA,1801.04,,17.43,-0.11%,74337
3655,USB,U.S. Bancorp,Financial,Banks - Regional,USA,68390.89,10.63,46.12,-4.34%,13247684
3656,USER,"UserTesting, Inc.",Technology,Software - Application,USA,881.34,,6.03,-5.04%,233279
3657,USFD,US Foods Holding Corp.,Consumer Defensive,Food Distribution,USA,7404.46,50.81,32.47,0.87%,1194828
3658,USLM,"United States Lime & Minerals, Inc.",Basic Materials,Building Materials,USA,606.45,15.3,104.38,-8.02%,5576
3659,USM,United States Cellular Corporation,Communication Services,Telecom Services,USA,2480.89,17.36,29.04,-0.38%,65882
3660,USNA,"USANA Health Sciences, Inc.",Consumer Defensive,Household & Personal Products,USA,1360.4,12.96,70.16,1.07%,73677
3661,USPH,"U.S. Physical Therapy, Inc.",Healthcare,Medical Care Facilities,USA,1692.34,45.29,129.98,1.87%,58521
3662,UTF,"Cohen & Steers Infrastructure Fund, Inc",Financial,Closed-End Fund - Equity,USA,2554.7,4.65,27.26,3.12%,115011
3663,UTG,Reaves Utility Income Fund,Financial,Closed-End Fund - Equity,USA,2076.87,4.86,31.89,1.98%,343703
3664,UTHR,United Therapeutics Corporation,Healthcare,Biotechnology,USA,10453.05,15.93,229.99,-0.44%,344050
3665,UTL,Unitil Corporation,Utilities,Utilities - Diversified,USA,961.96,22.71,55.19,1.45%,36439
3666,UTMD,"Utah Medical Products, Inc.",Healthcare,Medical Instruments & Supplies,USA,327.5,21.42,89.48,0.54%,4200
3667,UTZ,"Utz Brands, Inc.",Consumer Defensive,Packaged Foods,USA,2377.98,55.58,16.84,3.12%,471551
3668,UUUU,Energy Fuels Inc.,Energy,Uranium,USA,1020.39,,6.53,5.83%,3253471
3669,UVE,"Universal Insurance Holdings, Inc.",Financial,Insurance - Property & Casualty,USA,381.95,33.75,12.25,6.52%,207787
3670,UVSP,Univest Financial Corporation,Financial,Banks - Regional,USA,743.71,9.27,24.89,-7.68%,73223
3671,UVV,Universal Corporation,Consumer Defensive,Tobacco,USA,1371.54,16.14,56.05,0.07%,85424
3672,UWMC,UWM Holdings Corporation,Financial,Mortgage Finance,USA,5850.65,6.49,3.61,2.27%,928800
3673,V,Visa Inc.,Financial,Credit Services,USA,445407.46,34.69,211.35,0.42%,7463894
3674,VAC,Marriott Vacations Worldwide Corporation,Consumer Cyclical,Resorts & Casinos,USA,5583.4,46.05,133.67,-0.67%,395747
3675,VAL,Valaris Limited,Energy,Oil & Gas Drilling,Bermuda,3550.37,,46.55,0.04%,386272
3676,VALE,Vale S.A.,Basic Materials,Other Industrial Metals & Mining,Brazil,67660.57,2.95,13.66,1.34%,26051066
3677,VALN,Valneva SE,Healthcare,Biotechnology,France,1077.88,,20.54,0.93%,2382
3678,VALU,"Value Line, Inc.",Financial,Financial Data & Stock Exchanges,USA,801.63,29.61,83.94,-2.34%,4855
3679,VAQC,Vector Acquisition Corporation II,Financial,Shell Companies,USA,553.47,,9.85,0.25%,165650
3680,VBTX,"Veritex Holdings, Inc.",Financial,Banks - Regional,USA,1665.85,10.96,30.51,-0.13%,280927
3681,VC,Visteon Corporation,Consumer Cyclical,Auto Parts,USA,3494.23,74.72,122.39,3.47%,785956
3682,VCEL,Vericel Corporation,Healthcare,Biotechnology,USA,1511.74,,31.6,4.08%,351164
3683,VCSA,"Vacasa, Inc.",Technology,Software - Application,USA,1098.07,,2.53,-1.17%,486405
3684,VCTR,"Victory Capital Holdings, Inc.",Financial,Asset Management,USA,1848.84,7,26.9,2.28%,118069
3685,VCV,Invesco California Value Municipal Income Trust,Financial,Closed-End Fund - Debt,USA,511.95,,10.67,1.43%,114120
3686,VCYT,"Veracyte, Inc.",Healthcare,Biotechnology,USA,2126.5,,27.46,4.73%,834544
3687,VECO,Veeco Instruments Inc.,Technology,Semiconductor Equipment & Materials,USA,1120.95,33.35,21.38,1.86%,247045
3688,VEEV,Veeva Systems Inc.,Healthcare,Health Information Services,USA,34594.54,76.65,222.43,2.19%,1035466
3689,VEL,"Velocity Financial, Inc.",Financial,Mortgage Finance,USA,387.33,13.78,11.67,-1.10%,17894
3690,VERA,"Vera Therapeutics, Inc.",Healthcare,Biotechnology,USA,481.83,,17.63,-1.18%,35200
3691,VERU,Veru Inc.,Healthcare,Drug Manufacturers - Specialty & Generic,USA,1104.76,,12.21,-3.10%,3928077
3692,VERV,"Verve Therapeutics, Inc.",Healthcare,Biotechnology,USA,1437.01,,27.55,-6.77%,652991
3693,VERX,"Vertex, Inc.",Technology,Software - Application,USA,1692.09,,10.89,1.11%,91832
3694,VET,Vermilion Energy Inc.,Energy,Oil & Gas E&P,Canada,5491.9,4.49,24.97,3.10%,2275225
3695,VFC,V.F. Corporation,Consumer Cyclical,Apparel Manufacturing,USA,18804.85,15.7,48.57,3.65%,4314365
3696,VG,Vonage Holdings Corp.,Communication Services,Telecom Services,USA,5303.69,,20.99,0.00%,0
3697,VGM,Invesco Trust for Investment Grade Municipals,Financial,Closed-End Fund - Debt,USA,586.66,,10.86,1.02%,303624
3698,VGR,Vector Group Ltd.,Consumer Defensive,Tobacco,USA,1707.1,11.11,11.08,1.47%,327576
3699,VHI,"Valhi, Inc.",Basic Materials,Chemicals,USA,1394.51,9.05,50.09,-2.09%,37349
3700,VIAV,Viavi Solutions Inc.,Technology,Communication Equipment,USA,3393.03,,14.76,2.43%,848668
3701,VICI,VICI Properties Inc.,Real Estate,REIT - Diversified,USA,32480.45,20.9,33.8,0.90%,6676883
3702,VICR,Vicor Corporation,Technology,Electronic Components,USA,2711.96,69.41,71.84,1.58%,313587
3703,VIEW,"View, Inc.",Industrials,Building Products & Equipment,USA,476.32,,2.29,21.81%,2144976
3704,VINP,Vinci Partners Investments Ltd.,Financial,Asset Management,Brazil,400.12,14.43,9.7,-1.02%,37488
3705,VIPS,Vipshop Holdings Limited,Consumer Cyclical,Internet Retail,China,5708.54,10.58,9.6,-2.04%,4400875
3706,VIR,"Vir Biotechnology, Inc.",Healthcare,Biotechnology,USA,3989.6,3.19,28.95,-2.26%,621107
3707,VIRT,"Virtu Financial, Inc.",Financial,Capital Markets,USA,4026.6,7.8,23.16,1.31%,1788321
3708,VIST,"Vista Energy, S.A.B. de C.V.",Energy,Oil & Gas E&P,Mexico,759.61,613.57,8.59,4.50%,1118135
3709,VITL,"Vital Farms, Inc.",Consumer Defensive,Farm Products,USA,470.13,,10.81,0.19%,137447
3710,VIV,Telefonica Brasil S.A.,Communication Services,Telecom Services,Brazil,14617.73,13.3,8.71,1.52%,1262708
3711,VIVO,"Meridian Bioscience, Inc.",Healthcare,Diagnostics & Research,USA,1401.88,22.61,31.97,-0.90%,377444
3712,VKI,Invesco Advantage Municipal Income Trust II,Financial,Closed-End Fund - Debt,USA,424.83,10.19,9.57,1.59%,126017
3713,VKQ,Invesco Municipal Trust,Financial,Closed-End Fund - Debt,USA,584.73,9.85,10.57,1.54%,236269
3714,VLD,"Velo3D, Inc.",Technology,Computer Hardware,USA,649.07,,3.05,3.39%,1315787
3715,VLGEA,"Village Super Market, Inc.",Consumer Defensive,Grocery Stores,USA,334.43,19.04,22.75,0.84%,15481
3716,VLN,Valens Semiconductor Ltd.,Technology,Semiconductors,Israel,370.51,,3.5,-6.42%,71265
3717,VLO,Valero Energy Corporation,Energy,Oil & Gas Refining & Marketing,USA,44746.88,17.63,109.51,-1.78%,6916311
3718,VLRS,"Controladora Vuela Compania de Aviacion, S.A.B. de C.V.",Industrials,Airlines,Mexico,1264.83,12.22,9.84,1.03%,536181
3719,VLTA,Volta Inc.,Consumer Cyclical,Specialty Retail,USA,332.79,,1.81,6.47%,2705013
3720,VLY,Valley National Bancorp,Financial,Banks - Regional,USA,5904.75,10.38,11.6,3.29%,2692825
3721,VMC,Vulcan Materials Company,Basic Materials,Building Materials,USA,21763.15,35.9,162.91,1.44%,578440
3722,VMD,"Viemed Healthcare, Inc.",Healthcare,Medical Devices,USA,401.23,27.12,7.92,2.06%,88290
3723,VMEO,"Vimeo, Inc.",Technology,Software - Application,USA,1013.8,,5.67,-2.24%,1680632
3724,VMI,"Valmont Industries, Inc.",Industrials,Metal Fabrication,USA,5762.19,26.7,269.01,4.32%,130047
3725,VMO,Invesco Municipal Opportunity Trust,Financial,Closed-End Fund - Debt,USA,729.42,10.14,10.82,2.75%,228963
3726,VMW,"VMware, Inc.",Technology,Software - Infrastructure,USA,49894,30.04,116.36,0.54%,747659
3727,VNDA,Vanda Pharmaceuticals Inc.,Healthcare,Biotechnology,USA,619.69,34.63,10.91,-3.88%,367734
3728,VNET,"VNET Group, Inc.",Technology,Information Technology Services,China,829.96,8.02,5.24,0.77%,1261805
3729,VNO,Vornado Realty Trust,Real Estate,REIT - Office,USA,5715.4,46.74,30.01,2.46%,1820423
3730,VNOM,Viper Energy Partners LP,Energy,Oil & Gas Midstream,USA,5008.3,28.34,29.67,0.24%,381535
3731,VNT,Vontier Corporation,Technology,Scientific & Technical Instruments,USA,4098.36,7.53,25.57,2.57%,1069025
3732,VOD,Vodafone Group Public Limited Company,Communication Services,Telecom Services,United Kingdom,40496.63,19.6,14.39,-2.04%,5042658
3733,VORB,"Virgin Orbit Holdings, Inc.",Industrials,Aerospace & Defense,USA,1420.84,,4,0.50%,180076
3734,VOYA,"Voya Financial, Inc.",Financial,Financial Conglomerates,USA,6121.92,7.16,59.39,0.15%,912641
3735,VPG,"Vishay Precision Group, Inc.",Technology,Scientific & Technical Instruments,USA,427.2,19.48,30.8,1.58%,11147
3736,VRAY,"ViewRay, Inc.",Healthcare,Medical Devices,USA,561.93,,2.89,-6.17%,624263
3737,VRDN,"Viridian Therapeutics, Inc.",Healthcare,Biotechnology,USA,376.29,,13.18,-2.44%,205562
3738,VRE,"Veris Residential, Inc.",Real Estate,REIT - Residential,USA,1285.82,,13.99,1.45%,396184
3739,VREX,Varex Imaging Corporation,Healthcare,Medical Devices,USA,892.73,31.18,22.01,1.38%,281666
3740,VRNA,Verona Pharma plc,Healthcare,Biotechnology,United Kingdom,346.45,,5.48,-0.72%,110035
3741,VRNS,"Varonis Systems, Inc.",Technology,Software - Infrastructure,USA,2910.04,,25.89,-0.08%,1770830
3742,VRNT,Verint Systems Inc.,Technology,Software - Infrastructure,USA,2965.29,,45.12,0.69%,191253
3743,VRRM,Verra Mobility Corporation,Industrials,Security & Protection Services,USA,2582.2,44.24,16.37,1.68%,991744
3744,VRSK,"Verisk Analytics, Inc.",Industrials,Consulting Services,USA,29754.42,30.49,188.51,2.16%,697189
3745,VRSN,"VeriSign, Inc.",Technology,Software - Infrastructure,USA,20154.24,25.66,182.54,0.63%,729955
3746,VRT,Vertiv Holdings Co,Industrials,Electrical Equipment & Parts,USA,4042.4,41.75,10.98,4.57%,2028707
3747,VRTS,"Virtus Investment Partners, Inc.",Financial,Asset Management,USA,1523.92,7.87,202.38,3.22%,35387
3748,VRTV,Veritiv Corporation,Industrials,Business Equipment & Supplies,USA,1824.69,9.53,123.54,0.04%,105912
3749,VRTX,Vertex Pharmaceuticals Incorporated,Healthcare,Biotechnology,USA,72544.23,29.59,280.82,-2.15%,1299067
3750,VSAT,"Viasat, Inc.",Technology,Communication Equipment,USA,2462.9,,32.22,5.67%,433216
3751,VSCO,Victoria's Secret & Co.,Consumer Cyclical,Apparel Retail,USA,2919.28,5.88,36.17,9.74%,1888627
3752,VSEC,VSE Corporation,Industrials,Aerospace & Defense,USA,522.36,57.76,40.43,10.68%,29668
3753,VSH,"Vishay Intertechnology, Inc.",Technology,Semiconductors,USA,3003.76,8.96,20.33,1.50%,585992
3754,VST,Vistra Corp.,Utilities,Utilities - Independent Power Producers,USA,10885.56,27.98,24.82,4.15%,3494723
3755,VSTA,Vasta Platform Limited,Consumer Defensive,Education & Training Services,Brazil,437.48,,5.25,3.14%,28024
3756,VSTO,Vista Outdoor Inc.,Consumer Cyclical,Leisure,USA,1709.33,3.72,29.8,2.65%,1351122
3757,VTEX,VTEX,Technology,Software - Application,United Kingdom,725.82,,3.57,8.18%,305903
3758,VTIQ,VectoIQ Acquisition Corp. II,Financial,Shell Companies,USA,432.76,30.65,9.84,-0.30%,457572
3759,VTNR,"Vertex Energy, Inc.",Energy,Oil & Gas Refining & Marketing,USA,931.74,,13.48,11.40%,4542436
3760,VTOL,Bristow Group Inc.,Energy,Oil & Gas Equipment & Services,USA,721.86,,25.24,-1.25%,39082
3761,VTR,"Ventas, Inc.",Real Estate,REIT - Healthcare Facilities,USA,21109.92,140.69,53.32,1.89%,1264241
3762,VTRS,Viatris Inc.,Healthcare,Drug Manufacturers - Specialty & Generic,USA,12266.27,71.39,9.78,-2.88%,14315301
3763,VTRU,Vitru Limited,Consumer Defensive,Education & Training Services,Brazil,474.83,30.74,16.69,-0.18%,6270
3764,VTYX,"Ventyx Biosciences, Inc.",Healthcare,Biotechnology,USA,842.12,,15.5,6.60%,122818
3765,VUZI,Vuzix Corporation,Technology,Consumer Electronics,USA,547.34,,8.19,6.50%,1088247
3766,VVI,Viad Corp,Industrials,Specialty Business Services,USA,691.68,,33.27,1.62%,68414
3767,VVNT,"Vivint Smart Home, Inc.",Industrials,Security & Protection Services,USA,1086.41,,4.89,3.16%,329745
3768,VVR,Invesco Senior Income Trust,Financial,Closed-End Fund - Debt,USA,593.76,5.53,3.88,1.57%,612573
3769,VVV,Valvoline Inc.,Energy,Oil & Gas Refining & Marketing,USA,5697.45,13.33,31.84,1.34%,1040354
3770,VVX,"V2X, Inc.",Industrials,Aerospace & Defense,USA,974.31,10.39,32.01,2.93%,25105
3771,VWE,"Vintage Wine Estates, Inc.",Consumer Defensive,Beverages - Wineries & Distilleries,USA,446.68,70.1,7.36,1.10%,161693
3772,VXRT,"Vaxart, Inc.",Healthcare,Biotechnology,USA,515.41,,3.7,-2.63%,1457213
3773,VYGG,Vy Global Growth,Financial,Shell Companies,Cayman Islands,715.21,25,9.95,0.20%,125225
3774,VZ,Verizon Communications Inc.,Communication Services,Telecom Services,USA,205108,8.86,45.55,1.43%,22045336
3775,VZIO,VIZIO Holding Corp.,Technology,Consumer Electronics,USA,1808.35,,9.2,0.33%,886806
3776,W,Wayfair Inc.,Consumer Cyclical,Internet Retail,USA,6105.39,,52.61,5.35%,4010329
3777,WAB,Westinghouse Air Brake Technologies Corporation,Industrials,Railroads,USA,17210.51,29.69,93.78,2.10%,1421104
3778,WABC,Westamerica Bancorporation,Financial,Banks - Regional,USA,1539.5,17.51,59.74,1.70%,91025
3779,WAFD,"Washington Federal, Inc.",Financial,Banks - Regional,USA,2205.9,11.01,33.56,-0.27%,228847
3780,WAL,Western Alliance Bancorporation,Financial,Banks - Regional,USA,8635.83,8.47,76.1,2.27%,671188
3781,WASH,"Washington Trust Bancorp, Inc.",Financial,Banks - Regional,USA,933.96,12.84,53.43,-0.22%,67408
3782,WAT,Waters Corporation,Healthcare,Diagnostics & Research,USA,22045.8,31.64,362,1.88%,318264
3783,WB,Weibo Corporation,Communication Services,Internet Content & Information,China,4774.79,14.68,19.56,-2.15%,588347
3784,WBA,"Walgreens Boots Alliance, Inc.",Healthcare,Pharmaceutical Retailers,USA,33910.12,6.69,39.44,0.56%,4386831
3785,WBD,"Warner Bros. Discovery, Inc.",Communication Services,Entertainment,USA,37472.9,7.74,15.59,2.90%,18404321
3786,WBS,Webster Financial Corporation,Financial,Banks - Regional,USA,8325.17,10.4,45.97,-0.09%,756913
3787,WBT,"Welbilt, Inc.",Industrials,Specialty Industrial Machinery,USA,3439.19,55.97,24.01,0.08%,2188324
3788,WBX,Wallbox N.V.,Technology,Electronic Components,Spain,1279.6,,9.29,3.91%,146279
3789,WCC,"WESCO International, Inc.",Industrials,Industrial Distribution,USA,6291.86,12.1,122.84,4.03%,473462
3790,WCN,"Waste Connections, Inc.",Industrials,Waste Management,Canada,34050.93,53.51,130.95,2.15%,562319
3791,WD,"Walker & Dunlop, Inc.",Financial,Mortgage Finance,USA,3688.2,13.11,110.99,2.24%,90881
3792,WDAY,"Workday, Inc.",Technology,Software - Application,USA,39230.91,,152.81,1.81%,3185287
3793,WDC,Western Digital Corporation,Technology,Computer Hardware,USA,16294.89,8.41,48.72,0.60%,2673899
3794,WDFC,WD-40 Company,Basic Materials,Specialty Chemicals,USA,2424.2,39.94,176.82,0.52%,69763
3795,WDH,Waterdrop Inc.,Financial,Insurance - Diversified,China,487.89,,1.25,1.63%,19563
3796,WDS,Woodside Energy Group Ltd,Energy,Oil & Gas E&P,Australia,42380.1,10.94,22.32,0.27%,371022
3797,WE,WeWork Inc.,Real Estate,Real Estate Services,USA,3644.87,,4.9,-2.20%,8651199
3798,WEAV,"Weave Communications, Inc.",Technology,Software - Application,USA,338,,4.85,2.54%,257043
3799,WEBR,Weber Inc.,Consumer Cyclical,"Furnishings, Fixtures & Appliances",USA,1948.1,,6.55,0.46%,247162
3800,WEC,"WEC Energy Group, Inc.",Utilities,Utilities - Regulated Electric,USA,31948.54,24.02,103,2.52%,1238714
3801,WELL,Welltower Inc.,Real Estate,REIT - Healthcare Facilities,USA,38325.59,300.63,85.98,1.72%,1559202
3802,WEN,The Wendy's Company,Consumer Cyclical,Restaurants,USA,4502.83,23.98,21.15,2.47%,1617328
3803,WERN,"Werner Enterprises, Inc.",Industrials,Trucking,USA,2866.5,11.05,43.71,5.86%,573655
3804,WES,"Western Midstream Partners, LP",Energy,Oil & Gas Midstream,USA,11261.7,11.07,27.53,1.89%,876996
3805,WETF,"WisdomTree Investments, Inc.",Financial,Asset Management,USA,779.59,44.83,5.29,1.73%,760419
3806,WEX,WEX Inc.,Technology,Software - Infrastructure,USA,7696.23,61.42,170.12,-0.11%,552291
3807,WF,Woori Financial Group Inc.,Financial,Banks - Regional,South Korea,6826.87,3.2,27.29,-0.62%,35041
3808,WFC,Wells Fargo & Company,Financial,Banks - Diversified,USA,164731.23,9.01,43.32,-0.89%,14518245
3809,WFG,West Fraser Timber Co. Ltd.,Basic Materials,Lumber & Wood Production,Canada,11982.27,2.41,93.67,-0.72%,318780
3810,WFRD,Weatherford International plc,Energy,Oil & Gas Equipment & Services,USA,1572.31,,21.75,7.67%,999224
3811,WGO,"Winnebago Industries, Inc.",Consumer Cyclical,Recreational Vehicles,USA,1899.56,5.13,59.51,4.64%,679151
3812,WH,"Wyndham Hotels & Resorts, Inc.",Consumer Cyclical,Lodging,USA,6307.58,19.78,68.74,-0.79%,1016525
3813,WHD,"Cactus, Inc.",Energy,Oil & Gas Equipment & Services,USA,3002.03,40.72,39.91,-1.26%,535815
3814,WHF,"WhiteHorse Finance, Inc.",Financial,Asset Management,USA,327.09,8.3,14.13,1.36%,27478
3815,WHR,Whirlpool Corporation,Consumer Cyclical,"Furnishings, Fixtures & Appliances",USA,9920.59,6.61,175.71,3.92%,1010818
3816,WINA,Winmark Corporation,Consumer Cyclical,Specialty Retail,USA,760.73,19.98,218.6,2.83%,11011
3817,WING,Wingstop Inc.,Consumer Cyclical,Restaurants,USA,3656.3,93.96,119.8,20.18%,3121177
3818,WIRE,Encore Wire Corporation,Industrials,Electrical Equipment & Parts,USA,2799.89,4.25,136.78,4.35%,394527
3819,WISH,ContextLogic Inc.,Consumer Cyclical,Internet Retail,USA,1028.55,,1.42,0.00%,8862958
3820,WIT,Wipro Limited,Technology,Information Technology Services,India,28856.68,19.85,5.24,1.55%,3930512
3821,WIW,Western Asset Inflation-Linked Opportunities & Income Fund,Financial,Closed-End Fund - Debt,USA,651,4.5,10.64,1.62%,94196
3822,WIX,Wix.com Ltd.,Technology,Software - Infrastructure,Israel,3636.98,,59.75,0.89%,568365
3823,WK,Workiva Inc.,Technology,Software - Application,USA,3516.71,,65.04,2.88%,628178
3824,WKHS,Workhorse Group Inc.,Consumer Cyclical,Auto Manufacturers,USA,598.89,,3.21,6.29%,3018247
3825,WKME,WalkMe Ltd.,Technology,Software - Application,Israel,838.66,,9.27,1.53%,75233
3826,WLDN,"Willdan Group, Inc.",Industrials,Engineering & Construction,USA,361.24,,26.12,1.59%,34642
3827,WLK,Westlake Corporation,Basic Materials,Specialty Chemicals,USA,12145.74,4.81,94,-0.59%,642233
3828,WLKP,Westlake Chemical Partners LP,Basic Materials,Chemicals,USA,881.69,10.51,24.97,0.93%,16055
3829,WLY,"John Wiley & Sons, Inc.",Communication Services,Publishing,USA,2878.8,19.9,52.19,1.56%,218547
3830,WM,"Waste Management, Inc.",Industrials,Waste Management,USA,68464.41,36.3,164.57,3.31%,1558333
3831,WMB,"The Williams Companies, Inc.",Energy,Oil & Gas Midstream,USA,41233.56,28.06,33.78,-0.03%,5586289
3832,WMG,Warner Music Group Corp.,Communication Services,Entertainment,USA,15782.11,41.92,29.64,0.99%,662734
3833,WMK,"Weis Markets, Inc.",Consumer Defensive,Grocery Stores,USA,2097.59,18.14,78.21,0.64%,48896
3834,WMS,"Advanced Drainage Systems, Inc.",Industrials,Building Products & Equipment,USA,9523.63,36.65,115.41,5.11%,607656
3835,WMT,Walmart Inc.,Consumer Defensive,Discount Stores,USA,356578.95,27.88,129.75,2.50%,11060244
3836,WNC,Wabash National Corporation,Industrials,Farm & Heavy Construction Machinery,USA,851.09,93.8,17.26,3.35%,397601
3837,WNS,WNS (Holdings) Limited,Industrials,Specialty Business Services,India,4077.98,32.4,86.27,2.70%,187819
3838,WOLF,"Wolfspeed, Inc.",Technology,Semiconductors,USA,10800.58,,83.37,2.86%,911357
3839,WOOF,"Petco Health and Wellness Company, Inc.",Consumer Cyclical,Specialty Retail,USA,4241.71,20.42,13.97,2.34%,2173293
3840,WOR,"Worthington Industries, Inc.",Basic Materials,Steel,USA,2491,6.7,49.81,1.88%,285474
3841,WOW,"WideOpenWest, Inc.",Communication Services,Entertainment,USA,1685.02,,18.76,-3.05%,1095427
3842,WPC,W. P. Carey Inc.,Real Estate,REIT - Diversified,USA,16083.77,30.8,84.83,1.33%,627330
3843,WPCB,Warburg Pincus Capital Corporation I-B,Financial,Shell Companies,USA,674.93,91.02,9.83,0.00%,2373
3844,WPM,Wheaton Precious Metals Corp.,Basic Materials,Gold,Canada,15157.36,20.06,33.34,1.43%,3442289
3845,WPP,WPP plc,Communication Services,Advertising Agencies,United Kingdom,11574,16.9,53.16,0.64%,126692
3846,WRB,W. R. Berkley Corporation,Financial,Insurance - Property & Casualty,USA,16841.74,13.01,61.8,-2.91%,1489953
3847,WRBY,Warby Parker Inc.,Healthcare,Medical Instruments & Supplies,USA,1392.24,,12.51,4.42%,1234130
3848,WRE,Washington Real Estate Investment Trust,Real Estate,REIT - Office,USA,1939.38,,22.32,3.29%,344908
3849,WRK,WestRock Company,Consumer Cyclical,Packaging & Containers,USA,10781.13,14.21,42.15,0.96%,1375926
3850,WRLD,World Acceptance Corporation,Financial,Credit Services,USA,687.68,13.01,110.56,-3.54%,81452
3851,WSBC,"WesBanco, Inc.",Financial,Banks - Regional,USA,2029.2,10.7,33.73,0.48%,227841
3852,WSBF,"Waterstone Financial, Inc.",Financial,Banks - Regional,USA,430.33,8.16,18.71,0.70%,45846
3853,WSC,WillScot Mobile Mini Holdings Corp.,Industrials,Rental & Leasing Services,USA,8416.43,40.22,37.57,3.78%,1791602
3854,WSFS,WSFS Financial Corporation,Financial,Banks - Regional,USA,3088.69,10.76,47.17,2.92%,542463
3855,WSM,"Williams-Sonoma, Inc.",Consumer Cyclical,Specialty Retail,USA,9905.25,9.12,140.5,1.75%,1014916
3856,WSO,"Watsco, Inc.",Industrials,Industrial Distribution,USA,10326.49,21.52,263.7,3.51%,321886
3857,WSR,Whitestone REIT,Real Estate,REIT - Retail,USA,559.37,34.63,11.36,3.27%,270236
3858,WST,"West Pharmaceutical Services, Inc.",Healthcare,Medical Instruments & Supplies,USA,25415.82,37.97,339.92,6.05%,816218
3859,WTBA,"West Bancorporation, Inc.",Financial,Banks - Regional,USA,436.81,8.47,25.71,0.98%,18288
3860,WTFC,Wintrust Financial Corporation,Financial,Banks - Regional,USA,5229.73,12.42,85.86,-1.23%,326825
3861,WTI,"W&T Offshore, Inc.",Energy,Oil & Gas E&P,USA,695.36,,4.74,1.50%,4521874
3862,WTM,"White Mountains Insurance Group, Ltd.",Financial,Insurance - Property & Casualty,Bermuda,3675.16,,1229.15,-1.12%,12327
3863,WTRG,"Essential Utilities, Inc.",Utilities,Utilities - Regulated Water,USA,13280.62,30.63,51.16,2.10%,751405
3864,WTS,"Watts Water Technologies, Inc.",Industrials,Specialty Industrial Machinery,USA,4588.12,25.9,136.47,1.96%,133097
3865,WTTR,"Select Energy Services, Inc.",Energy,Oil & Gas Equipment & Services,USA,816.52,,7.12,-2.86%,386692
3866,WTW,Willis Towers Watson Public Limited Company,Financial,Insurance Brokers,United Kingdom,22783.5,15.21,204.63,0.71%,949996
3867,WU,The Western Union Company,Financial,Credit Services,USA,6527.66,7.45,16.94,0.89%,2428828
3868,WW,"WW International, Inc.",Consumer Cyclical,Personal Services,USA,495.13,6.28,6.82,2.87%,983599
3869,WWD,"Woodward, Inc.",Industrials,Aerospace & Defense,USA,6245.05,37.71,102.11,2.13%,256719
3870,WWE,"World Wrestling Entertainment, Inc.",Communication Services,Entertainment,USA,5134.62,29.32,69.49,1.97%,789082
3871,WWW,"Wolverine World Wide, Inc.",Consumer Cyclical,Footwear & Accessories,USA,1821.36,48.39,22.55,2.78%,322306
3872,WY,Weyerhaeuser Company,Real Estate,REIT - Specialty,USA,27069.83,10.12,36.37,1.71%,3775116
3873,WYNN,"Wynn Resorts, Limited",Consumer Cyclical,Resorts & Casinos,USA,7614.45,,63.65,0.57%,1587480
3874,X,United States Steel Corporation,Basic Materials,Steel,USA,5827.54,1.26,21.7,2.17%,12334538
3875,XAIR,"Beyond Air, Inc.",Healthcare,Medical Devices,USA,320.09,,9.42,2.39%,239344
3876,XEL,Xcel Energy Inc.,Utilities,Utilities - Regulated Electric,USA,38773.88,24.2,72.21,2.79%,2611443
3877,XELA,"Exela Technologies, Inc.",Technology,Software - Application,USA,612.15,,1.4,-10.26%,21403019
3878,XENE,Xenon Pharmaceuticals Inc.,Healthcare,Biotechnology,Canada,2197.6,,33.5,-0.24%,216591
3879,XHR,"Xenia Hotels & Resorts, Inc.",Real Estate,REIT - Hotel & Motel,USA,1909.49,,16.34,1.74%,380951
3880,XM,Qualtrics International Inc.,Technology,Software - Application,USA,8157.04,,13.11,0.23%,1435901
3881,XMTR,"Xometry, Inc.",Industrials,Specialty Industrial Machinery,USA,1834.37,,37.69,1.78%,233932
3882,XNCR,"Xencor, Inc.",Healthcare,Biotechnology,USA,1759.55,16.56,29.18,-2.28%,159570
3883,XOM,Exxon Mobil Corporation,Energy,Oil & Gas Integrated,USA,393314.23,15.38,92.64,1.17%,20262356
3884,XOS,"Xos, Inc.",Industrials,Farm & Heavy Construction Machinery,USA,325.96,15.46,1.84,3.37%,272823
3885,XP,XP Inc.,Financial,Capital Markets,Brazil,11770.47,17.47,20.53,2.34%,1920790
3886,XPDB,Power & Digital Infrastructure Acquisition II Corp.,Financial,Shell Companies,USA,353.65,,9.84,0.10%,604665
3887,XPEL,"XPEL, Inc.",Consumer Cyclical,Auto Parts,USA,1671.13,51.42,60.57,3.10%,103344
3888,XPER,Xperi Holding Corporation,Technology,Semiconductor Equipment & Materials,USA,1756.85,,16.64,0.36%,347609
3889,XPEV,XPeng Inc.,Consumer Cyclical,Auto Manufacturers,China,17174.18,,24.27,-2.41%,7856868
3890,XPO,"XPO Logistics, Inc.",Industrials,Integrated Freight & Logistics,USA,6627.06,8.79,57.12,5.58%,1185668
3891,XPOA,"DPCM Capital, Inc.",Financial,Shell Companies,USA,326.65,60.14,8.72,-12.63%,985147
3892,XPOF,"Xponential Fitness, Inc.",Consumer Cyclical,Leisure,USA,733.72,,14.35,6.77%,106953
3893,XPRO,Expro Group Holdings N.V.,Energy,Oil & Gas Equipment & Services,USA,1272.52,,11.6,0.17%,373082
3894,XRAY,DENTSPLY SIRONA Inc.,Healthcare,Medical Instruments & Supplies,USA,7942.84,21.62,36.35,-0.38%,1612040
3895,XRX,Xerox Holdings Corporation,Technology,Information Technology Services,USA,2675.11,,16.85,0.78%,1839800
3896,XYL,Xylem Inc.,Industrials,Specialty Industrial Machinery,USA,15939.96,38.67,89.98,3.14%,1084904
3897,Y,Alleghany Corporation,Financial,Insurance - Property & Casualty,USA,11259.67,12.36,837.15,-0.16%,93431
3898,YALA,Yalla Group Limited,Technology,Software - Application,United Arab Emirates,685.85,9.87,4.44,-2.63%,125765
3899,YELP,Yelp Inc.,Communication Services,Internet Content & Information,USA,2285.48,54.17,31.04,0.55%,475127
3900,YETI,"YETI Holdings, Inc.",Consumer Cyclical,Leisure,USA,4235.4,20.85,48.84,5.71%,1200869
3901,YEXT,"Yext, Inc.",Technology,Software - Infrastructure,USA,594.37,,4.43,-1.12%,1031236
3902,YMAB,"Y-mAbs Therapeutics, Inc.",Healthcare,Biotechnology,USA,780.66,,16.81,-6.56%,176761
3903,YMM,Full Truck Alliance Co. Ltd.,Technology,Software - Application,China,10221.41,,8.88,-2.20%,7238716
3904,YORW,The York Water Company,Utilities,Utilities - Regulated Water,USA,603.5,32.49,42.53,1.12%,20228
3905,YOU,"Clear Secure, Inc.",Technology,Software - Application,USA,3828.53,,24.88,3.58%,594007
3906,YPF,YPF Sociedad Anonima,Energy,Oil & Gas Integrated,Argentina,3622.78,6.14,3.48,3.88%,2282325
3907,YSG,Yatsen Holding Limited,Consumer Cyclical,Specialty Retail,China,657.34,,1.4,4.48%,4663595
3908,YUM,"Yum! Brands, Inc.",Consumer Cyclical,Restaurants,USA,35226.36,22.28,122.71,1.83%,2046038
3909,YUMC,"Yum China Holdings, Inc.",Consumer Cyclical,Restaurants,China,20344.68,23.66,47.08,1.29%,1822451
3910,YY,JOYY Inc.,Communication Services,Internet Content & Information,Singapore,1953.61,,26.29,0.69%,343012
3911,Z,"Zillow Group, Inc.",Communication Services,Internet Content & Information,USA,6243.26,,34.69,-3.05%,3042973
3912,ZBH,"Zimmer Biomet Holdings, Inc.",Healthcare,Medical Devices,USA,23531.89,77.09,110.78,-0.30%,2278159
3913,ZBRA,Zebra Technologies Corporation,Technology,Communication Equipment,USA,18392.85,22.76,344.5,1.78%,318441
3914,ZD,"Ziff Davis, Inc.",Communication Services,Advertising Agencies,USA,3958.39,10.13,81.65,0.85%,253453
3915,ZEAL,Zealand Pharma A/S,Healthcare,Biotechnology,Denmark,822.73,,17.64,0.63%,3449
3916,ZEN,"Zendesk, Inc.",Technology,Software - Application,USA,9276.84,,75.11,0.23%,2243810
3917,ZETA,Zeta Global Holdings Corp.,Technology,Software - Application,USA,1104.98,,5.17,-2.27%,482202
3918,ZEUS,"Olympic Steel, Inc.",Basic Materials,Steel,USA,328.39,2.45,29.01,1.47%,45645
3919,ZG,"Zillow Group, Inc.",Communication Services,Internet Content & Information,USA,8822.02,,34.9,-3.14%,581207
3920,ZGN,Ermenegildo Zegna N.V.,Consumer Cyclical,Apparel Manufacturing,Italy,2670.58,,11,0.18%,69234
3921,ZH,Zhihu Inc.,Communication Services,Internet Content & Information,China,1029.19,,1.33,-2.21%,2772812
3922,ZI,ZoomInfo Technologies Inc.,Technology,Software - Application,USA,16064.19,1072,37.52,1.27%,2818431
3923,ZIM,ZIM Integrated Shipping Services Ltd.,Industrials,Marine Shipping,Israel,6389.48,1.01,48.31,3.12%,3279660
3924,ZIMV,ZimVie Inc.,Healthcare,Medical Devices,USA,504.96,,18.87,1.40%,79691
3925,ZING,FTAC Zeus Acquisition Corp.,Financial,Shell Companies,USA,556.18,,9.93,-0.20%,143606
3926,ZION,"Zions Bancorporation, National Association",Financial,Banks - Regional,USA,8139.12,8.7,53.48,-0.13%,1461881
3927,ZIP,"ZipRecruiter, Inc.",Industrials,Staffing & Employment Services,USA,2192.34,,17.48,1.57%,334149
3928,ZLAB,Zai Lab Limited,Healthcare,Biotechnology,China,3983.92,,42.1,-2.66%,399811
3929,ZM,"Zoom Video Communications, Inc.",Communication Services,Telecom Services,USA,32972.81,25.78,106.22,0.29%,2367957
3930,ZNH,China Southern Airlines Company Limited,Industrials,Airlines,China,15099.18,,28.51,-0.73%,4794
3931,ZNTL,"Zentalis Pharmaceuticals, Inc.",Healthcare,Biotechnology,USA,1752.32,,29.06,-3.00%,285936
3932,ZS,"Zscaler, Inc.",Technology,Software - Infrastructure,USA,22352.88,,153.06,2.93%,2244630
3933,ZT,Zimmer Energy Transition Acquisition Corp.,Financial,Shell Companies,USA,420.42,30.76,9.75,0.10%,484126
3934,ZTO,ZTO Express (Cayman) Inc.,Industrials,Integrated Freight & Logistics,China,23114.74,28.38,26.39,0.38%,584253
3935,ZTR,Virtus Total Return Fund Inc.,Financial,Closed-End Fund - Equity,USA,402.68,14.9,8.47,0.95%,65874
3936,ZTS,Zoetis Inc.,Healthcare,Drug Manufacturers - Specialty & Generic,USA,86946.44,41.82,182.27,2.70%,1318114
3937,ZUMZ,Zumiez Inc.,Consumer Cyclical,Apparel Retail,USA,514.73,6.83,26.41,0.49%,236707
3938,ZUO,"Zuora, Inc.",Technology,Software - Infrastructure,USA,1155.68,,8.73,0.46%,667617
3939,ZWS,Zurn Water Solutions Corporation,Industrials,Pollution & Treatment Controls,USA,3773.34,54.47,29.85,5.29%,1512387
3940,ZYME,Zymeworks Inc.,Healthcare,Biotechnology,Canada,366.99,,5.84,-0.51%,475685
3941,ZYXI,"Zynex, Inc.",Healthcare,Medical Devices,USA,301.16,15.98,7.8,3.04%,274401
