1,"A","Agilent Technologies, Inc.","Healthcare","Diagnostics & Research","USA",38053.55,32.26,133.77,-0.59%,895554
2,"AA","Alcoa Corporation","Basic Materials","Aluminum","USA",8078.04,9.44,47.85,-1.32%,4489944
3,"AAL","American Airlines Group Inc.","Industrials","Airlines","USA",9839.85,,14.86,1.57%,27004242
4,"AAP","Advance Auto Parts, Inc.","Consumer Cyclical","Specialty Retail","USA",11154.54,21.33,191.56,-1.90%,530842
5,"AAPL","Apple Inc.","Technology","Consumer Electronics","USA",2589206.02,27.40,165.81,-0.19%,55372198
6,"AAWW","Atlas Air Worldwide Holdings, Inc.","Industrials","Airports & Air Services","USA",2646.37,6.49,99.75,3.07%,8903353
7,"ABB","ABB Ltd","Industrials","Specialty Industrial Machinery","Switzerland",56830.72,13.77,30.12,1.24%,1064917
8,"ABBV","AbbVie Inc.","Healthcare","Drug Manufacturers - General","USA",258556.51,19.93,138.92,-1.61%,7068991
9,"ABC","AmerisourceBergen Corporation","Healthcare","Medical Distribution","USA",29000.19,17.01,139.27,0.19%,1576220
10,"ABCL","AbCellera Biologics Inc.","Healthcare","Biotechnology","Canada",3374.75,17.32,11.33,3.19%,1342673
11,"ABEV","Ambev S.A.","Consumer Defensive","Beverages - Brewers","Brazil",43466.08,16.95,2.78,2.21%,27360136
12,"ABNB","Airbnb, Inc.","Consumer Cyclical","Travel Services","USA",73403.75,102.07,119.22,3.65%,9160907
13,"ABR","Arbor Realty Trust, Inc.","Real Estate","REIT - Mortgage","USA",2390.95,8.02,15.62,1.10%,2194445
14,"ABT","Abbott Laboratories","Healthcare","Medical Devices","USA",194142.96,22.80,109.72,0.10%,2792447
15,"ABUS","Arbutus Biopharma Corporation","Healthcare","Biotechnology","USA",392.43,,2.54,3.25%,1592173
16,"ACAD","ACADIA Pharmaceuticals Inc.","Healthcare","Biotechnology","USA",2535.28,,15.62,4.34%,1801630
17,"ACB","Aurora Cannabis Inc.","Healthcare","Drug Manufacturers - Specialty & Generic","Canada",423.34,,1.52,-1.30%,6947897
18,"ACC","American Campus Communities, Inc.","Real Estate","REIT - Residential","USA",9119.29,286.80,65.39,0.02%,5737887
19,"ACCD","Accolade, Inc.","Healthcare","Health Information Services","USA",799.92,,11.47,4.56%,756461
20,"ACCO","ACCO Brands Corporation","Industrials","Business Equipment & Supplies","USA",696.34,5.79,7.12,-0.42%,428928
21,"ACET","Adicet Bio, Inc.","Healthcare","Biotechnology","USA",743.14,,18.25,4.29%,196107
22,"ACGL","Arch Capital Group Ltd.","Financial","Insurance - Diversified","Bermuda",16041.64,10.67,43.55,0.11%,1053398
23,"ACHC","Acadia Healthcare Company, Inc.","Healthcare","Medical Care Facilities","USA",6921.13,26.56,80.76,-1.44%,409892
24,"ACHR","Archer Aviation Inc.","Industrials","Aerospace & Defense","USA",990.63,,4.55,3.41%,1654150
25,"ACI","Albertsons Companies, Inc.","Consumer Defensive","Grocery Stores","USA",14132.71,10.00,26.80,0.04%,2457146
26,"ACIW","ACI Worldwide, Inc.","Technology","Software - Infrastructure","USA",3052.08,22.09,27.19,-4.60%,1129183
27,"ACM","AECOM","Industrials","Engineering & Construction","USA",9799.85,35.85,71.49,-0.04%,656952
28,"ACMR","ACM Research, Inc.","Technology","Semiconductor Equipment & Materials","USA",1001.72,30.37,18.01,4.10%,621164
29,"ACN","Accenture plc","Technology","Information Technology Services","Ireland",190876.05,30.13,310.61,0.79%,1624564
30,"ACRE","Ares Commercial Real Estate Corporation","Real Estate","REIT - Mortgage","USA",625.91,10.02,13.42,0.45%,366505
31,"ACVA","ACV Auctions Inc.","Technology","Software - Application","USA",1126.79,,7.66,2.27%,540399
32,"ADBE","Adobe Inc.","Technology","Software - Infrastructure","USA",192994.74,42.05,430.59,1.43%,2744018
33,"ADC","Agree Realty Corporation","Real Estate","REIT - Retail","USA",5547.64,42.55,75.86,-0.50%,747833
34,"ADGI","Adagio Therapeutics, Inc.","Healthcare","Biotechnology","USA",458.32,,3.75,5.04%,332881
35,"ADI","Analog Devices, Inc.","Technology","Semiconductors","USA",90042.56,50.20,176.96,0.34%,2395134
36,"ADM","Archer-Daniels-Midland Company","Consumer Defensive","Farm Products","USA",44688.60,12.94,82.02,-0.28%,2412650
37,"ADMA","ADMA Biologics, Inc.","Healthcare","Biotechnology","USA",416.18,,2.10,0.00%,1472723
38,"ADNT","Adient plc","Consumer Cyclical","Auto Parts","Ireland",2981.84,4.28,33.44,-5.00%,703754
39,"ADP","Automatic Data Processing, Inc.","Industrials","Staffing & Employment Services","USA",98542.68,34.84,243.99,-0.14%,1195376
40,"ADPT","Adaptive Biotechnologies Corporation","Healthcare","Biotechnology","USA",1599.83,,11.36,14.86%,2396057
41,"ADSK","Autodesk, Inc.","Technology","Software - Application","USA",45344.56,100.70,221.94,1.60%,1642681
42,"ADT","ADT Inc.","Industrials","Security & Protection Services","USA",6854.39,,7.70,5.34%,3346237
43,"ADTN","ADTRAN Holdings, Inc.","Technology","Communication Equipment","USA",1768.31,,23.10,-6.48%,2240249
44,"AEE","Ameren Corporation","Utilities","Utilities - Regulated Electric","USA",22703.33,23.46,91.59,-0.77%,1546653
45,"AEG","Aegon N.V.","Financial","Insurance - Diversified","Netherlands",8688.23,5.27,4.24,-2.97%,13121658
46,"AEHR","Aehr Test Systems","Technology","Semiconductor Equipment & Materials","USA",390.45,44.68,14.88,5.01%,1280301
47,"AEL","American Equity Investment Life Holding Company","Financial","Insurance - Life","USA",3298.41,4.87,35.95,-3.36%,486677
48,"AEM","Agnico Eagle Mines Limited","Basic Materials","Gold","Canada",18328.88,24.65,43.76,2.70%,4046604
49,"AEO","American Eagle Outfitters, Inc.","Consumer Cyclical","Apparel Retail","USA",1989.74,7.09,12.16,-1.22%,3176075
50,"AEP","American Electric Power Company, Inc.","Utilities","Utilities - Regulated Electric","USA",50164.90,19.69,99.95,0.36%,2863398
51,"AER","AerCap Holdings N.V.","Industrials","Airports & Air Services","Ireland",10908.06,,44.57,-0.11%,668946
52,"AERI","Aerie Pharmaceuticals, Inc.","Healthcare","Drug Manufacturers - Specialty & Generic","USA",390.61,,7.37,8.38%,617603
53,"AES","The AES Corporation","Utilities","Utilities - Diversified","USA",14067.95,,23.00,2.00%,5484715
54,"AEVA","Aeva Technologies, Inc.","Consumer Cyclical","Auto Parts","USA",820.57,,4.10,-5.09%,1602838
55,"AFL","Aflac Incorporated","Financial","Insurance - Life","USA",37250.47,9.71,59.17,0.27%,2641665
56,"AFMD","Affimed N.V.","Healthcare","Biotechnology","Germany",515.91,,3.27,10.10%,1556173
57,"AFRM","Affirm Holdings, Inc.","Technology","Software - Infrastructure","USA",9045.32,,32.55,2.07%,13141184
58,"AG","First Majestic Silver Corp.","Basic Materials","Silver","Canada",2115.97,4025.00,8.05,9.23%,7624277
59,"AGCO","AGCO Corporation","Industrials","Farm & Heavy Construction Machinery","USA",7551.19,10.08,106.28,0.85%,449174
60,"AGEN","Agenus Inc.","Healthcare","Biotechnology","USA",775.04,,2.56,-1.92%,5114853
61,"AGI","Alamos Gold Inc.","Basic Materials","Gold","Canada",3555.87,46.41,7.89,4.78%,5459591
62,"AGIO","Agios Pharmaceuticals, Inc.","Healthcare","Biotechnology","USA",1570.98,,28.61,14.67%,1179954
63,"AGL","agilon health, inc.","Healthcare","Medical Care Facilities","USA",10412.93,,25.52,-3.52%,2814559
64,"AGNC","AGNC Investment Corp.","Real Estate","REIT - Mortgage","USA",6327.34,,12.31,-0.57%,8884708
65,"AGR","Avangrid, Inc.","Utilities","Utilities - Regulated Electric","USA",18508.49,21.32,49.75,0.51%,501073
66,"AGRO","Adecoagro S.A.","Consumer Defensive","Farm Products","Luxembourg",865.69,5.24,8.15,-0.49%,426068
67,"AHCO","AdaptHealth Corp.","Healthcare","Medical Devices","USA",3286.91,18.88,25.36,2.05%,2793327
68,"AHT","Ashford Hospitality Trust, Inc.","Real Estate","REIT - Hotel & Motel","USA",344.10,,10.51,6.27%,1044984
69,"AI","C3.ai, Inc.","Technology","Information Technology Services","USA",2223.05,,20.86,0.97%,1266949
70,"AIG","American International Group, Inc.","Financial","Insurance - Diversified","USA",41083.61,4.41,51.12,-0.89%,3422472
71,"AIRC","Apartment Income REIT Corp.","Real Estate","REIT - Residential","USA",6586.46,9.28,43.70,0.25%,398101
72,"AIV","Apartment Investment and Management Company","Real Estate","REIT - Residential","USA",1139.50,,7.90,3.40%,3234335
73,"AJG","Arthur J. Gallagher & Co.","Financial","Insurance Brokers","USA",35898.07,35.59,176.49,-0.42%,562163
74,"AJRD","Aerojet Rocketdyne Holdings, Inc.","Industrials","Aerospace & Defense","USA",3253.89,22.27,40.95,-0.29%,533510
75,"AKAM","Akamai Technologies, Inc.","Technology","Software - Infrastructure","USA",15010.68,25.88,96.21,0.22%,1018105
76,"AKR","Acadia Realty Trust","Real Estate","REIT - Retail","USA",1506.79,42.60,16.23,-0.55%,987088
77,"AL","Air Lease Corporation","Industrials","Rental & Leasing Services","USA",4012.39,,37.91,1.12%,581576
78,"ALB","Albemarle Corporation","Basic Materials","Specialty Chemicals","USA",26380.50,98.78,234.89,-1.94%,2189817
79,"ALC","Alcon Inc.","Healthcare","Medical Instruments & Supplies","Switzerland",38158.17,82.83,77.86,0.28%,528492
80,"ALDX","Aldeyra Therapeutics, Inc.","Healthcare","Biotechnology","USA",364.48,,6.24,7.59%,1540454
81,"ALEC","Alector, Inc.","Healthcare","Biotechnology","USA",1007.58,,11.33,0.89%,441186
82,"ALGM","Allegro MicroSystems, Inc.","Technology","Semiconductors","USA",4910.77,50.38,26.75,1.52%,472137
83,"ALGN","Align Technology, Inc.","Healthcare","Medical Devices","USA",21636.15,37.63,293.73,2.63%,782282
84,"ALIT","Alight, Inc.","Technology","Software - Application","USA",4183.33,,7.83,-5.21%,2520443
85,"ALK","Alaska Air Group, Inc.","Industrials","Airlines","USA",5875.32,31.09,46.92,1.34%,1335948
86,"ALKS","Alkermes plc","Healthcare","Biotechnology","Ireland",4624.70,,25.90,2.29%,1517243
87,"ALL","The Allstate Corporation","Financial","Insurance - Property & Casualty","USA",31329.14,10.17,113.92,-0.99%,2168378
88,"ALLE","Allegion plc","Industrials","Security & Protection Services","Ireland",8935.42,19.86,103.24,-0.28%,592262
89,"ALLO","Allogene Therapeutics, Inc.","Healthcare","Biotechnology","USA",2279.83,,14.72,8.08%,2124657
90,"ALLY","Ally Financial Inc.","Financial","Credit Services","USA",10203.43,4.61,32.76,-0.73%,2458490
91,"ALNY","Alnylam Pharmaceuticals, Inc.","Healthcare","Biotechnology","USA",27054.04,,224.05,5.68%,3412960
92,"ALSN","Allison Transmission Holdings, Inc.","Consumer Cyclical","Auto Parts","USA",3475.68,8.59,37.51,-8.18%,1844219
93,"ALT","Altimmune, Inc.","Healthcare","Biotechnology","USA",513.16,,11.70,1.65%,1203687
94,"ALTO","Alto Ingredients, Inc.","Basic Materials","Specialty Chemicals","USA",300.45,8.50,4.35,-1.81%,1050080
95,"ALV","Autoliv, Inc.","Consumer Cyclical","Auto Parts","Sweden",6973.03,21.10,81.11,-4.64%,1067276
96,"AM","Antero Midstream Corporation","Energy","Oil & Gas Midstream","USA",4511.37,14.14,9.63,-3.89%,3114247
97,"AMAT","Applied Materials, Inc.","Technology","Semiconductor Equipment & Materials","USA",94318.81,14.82,111.06,1.88%,5274957
98,"AMBA","Ambarella, Inc.","Technology","Semiconductor Equipment & Materials","USA",3199.09,,89.51,-1.15%,338788
99,"AMBC","Ambac Financial Group, Inc.","Financial","Insurance - Specialty","USA",536.91,,11.38,-3.23%,438207
100,"AMBP","Ardagh Metal Packaging S.A.","Consumer Cyclical","Packaging & Containers","Luxembourg",3723.96,,6.39,-7.26%,3259894
101,"AMC","AMC Entertainment Holdings, Inc.","Communication Services","Entertainment","USA",9590.87,,18.66,2.47%,64243917
102,"AMCR","Amcor plc","Consumer Cyclical","Packaging & Containers","Switzerland",18817.52,20.24,12.59,-1.02%,7921595
103,"AMD","Advanced Micro Devices, Inc.","Technology","Semiconductors","USA",160098.30,38.76,103.91,5.93%,125720404
104,"AME","AMETEK, Inc.","Industrials","Specialty Industrial Machinery","USA",27803.01,28.01,125.38,-0.68%,790842
105,"AMGN","Amgen Inc.","Healthcare","Drug Manufacturers - General","USA",134201.52,24.32,246.98,-0.06%,2647341
106,"AMH","American Homes 4 Rent","Real Estate","REIT - Residential","USA",12456.75,78.30,37.27,0.57%,1448663
107,"AMKR","Amkor Technology, Inc.","Technology","Semiconductors","USA",5382.80,8.16,23.03,1.45%,913791
108,"AMLX","Amylyx Pharmaceuticals, Inc.","Healthcare","Biotechnology","USA",1389.91,,25.72,0.43%,426744
109,"AMN","AMN Healthcare Services, Inc.","Healthcare","Medical Care Facilities","USA",4913.01,12.83,108.24,-6.52%,1473537
110,"AMP","Ameriprise Financial, Inc.","Financial","Asset Management","USA",27864.85,9.74,270.48,0.16%,498892
111,"AMPH","Amphastar Pharmaceuticals, Inc.","Healthcare","Drug Manufacturers - Specialty & Generic","USA",1795.52,22.97,36.96,-0.88%,247285
112,"AMPL","Amplitude, Inc.","Technology","Software - Application","USA",2041.55,,18.16,12.66%,2908419
113,"AMPS","Altus Power, Inc.","Utilities","Utilities - Renewable","USA",1152.38,,8.58,4.51%,411981
114,"AMR","Alpha Metallurgical Resources, Inc.","Basic Materials","Coking Coal","USA",2552.43,3.41,127.05,-4.11%,409672
115,"AMRN","Amarin Corporation plc","Healthcare","Biotechnology","Ireland",515.85,,1.28,0.79%,3495846
116,"AMRS","Amyris, Inc.","Basic Materials","Specialty Chemicals","USA",571.03,,1.70,-5.56%,9122616
117,"AMRX","Amneal Pharmaceuticals, Inc.","Healthcare","Drug Manufacturers - Specialty & Generic","USA",1054.02,346.00,3.46,-4.42%,1006735
118,"AMT","American Tower Corporation","Real Estate","REIT - Specialty","USA",120216.01,46.93,271.27,0.91%,1257253
119,"AMTD","AMTD IDEA Group","Financial","Capital Markets","Hong Kong",1328.61,6.99,4.30,-31.20%,32426286
120,"AMWL","American Well Corporation","Healthcare","Health Information Services","USA",1394.04,,4.64,1.53%,1802753
121,"AMX","America Movil, S.A.B. de C.V.","Communication Services","Telecom Services","Mexico",57304.06,15.13,18.34,1.38%,3010372
122,"AMZN","Amazon.com, Inc.","Consumer Cyclical","Internet Retail","USA",1300295.49,128.21,142.57,2.19%,70455432
123,"AN","AutoNation, Inc.","Consumer Cyclical","Auto & Truck Dealerships","USA",6355.40,5.14,119.71,-0.31%,436677
124,"ANET","Arista Networks, Inc.","Technology","Computer Hardware","USA",35485.58,42.16,123.06,1.12%,2148463
125,"ANF","Abercrombie & Fitch Co.","Consumer Cyclical","Apparel Retail","USA",894.69,5.56,18.06,0.22%,1264609
126,"ANGI","Angi Inc.","Communication Services","Internet Content & Information","USA",2876.23,,5.77,0.70%,587798
127,"ANSS","ANSYS, Inc.","Technology","Software - Application","USA",24191.72,56.88,292.63,3.72%,846487
128,"AON","Aon plc","Financial","Insurance Brokers","Ireland",59650.31,45.39,285.75,-0.10%,740908
129,"AOS","A. O. Smith Corporation","Industrials","Specialty Industrial Machinery","USA",9149.37,18.84,61.29,-0.31%,569097
130,"AOSL","Alpha and Omega Semiconductor Limited","Technology","Semiconductors","USA",1118.44,2.67,43.25,-0.25%,300535
131,"APA","APA Corporation","Energy","Oil & Gas E&P","USA",9824.35,4.37,30.68,-10.89%,12144625
132,"APAM","Artisan Partners Asset Management Inc.","Financial","Asset Management","USA",2949.50,8.01,38.37,-0.47%,395914
133,"APD","Air Products and Chemicals, Inc.","Basic Materials","Chemicals","USA",54777.94,26.37,257.73,4.89%,1785797
134,"APG","APi Group Corporation","Industrials","Engineering & Construction","USA",3756.14,,16.97,-7.22%,1309522
135,"APH","Amphenol Corporation","Technology","Electronic Components","USA",44663.59,27.34,77.51,0.40%,1621272
136,"API","Agora, Inc.","Technology","Software - Application","China",654.04,,5.34,-0.56%,270685
137,"APLE","Apple Hospitality REIT, Inc.","Real Estate","REIT - Hotel & Motel","USA",3708.35,45.38,16.61,0.67%,1443974
138,"APLS","Apellis Pharmaceuticals, Inc.","Healthcare","Biotechnology","USA",6662.89,,61.33,5.96%,1237041
139,"APO","Apollo Global Management, Inc.","Financial","Asset Management","USA",31988.44,17.48,57.99,1.33%,3056011
140,"APP","AppLovin Corporation","Technology","Software - Application","USA",13529.16,,36.00,0.50%,1857652
141,"APPH","AppHarvest, Inc.","Consumer Defensive","Farm Products","USA",397.71,,3.80,-5.71%,1342078
142,"APPN","Appian Corporation","Technology","Software - Infrastructure","USA",4057.85,,55.42,0.34%,423392
143,"APPS","Digital Turbine, Inc.","Technology","Software - Application","USA",2209.67,68.09,23.15,3.35%,2974866
144,"APTV","Aptiv PLC","Consumer Cyclical","Auto Parts","Ireland",25664.08,83.67,99.07,-9.72%,5611610
145,"APYX","Apyx Medical Corporation","Healthcare","Medical Devices","USA",364.83,,10.23,4.87%,218738
146,"AQN","Algonquin Power & Utilities Corp.","Utilities","Utilities - Renewable","Canada",11893.06,21.90,14.21,1.50%,1740716
147,"AQUA","Evoqua Water Technologies Corp.","Industrials","Pollution & Treatment Controls","USA",4574.24,91.94,38.89,1.94%,430164
148,"AR","Antero Resources Corporation","Energy","Oil & Gas E&P","USA",11012.79,12.29,35.75,-5.67%,6850456
149,"ARCC","Ares Capital Corporation","Financial","Asset Management","USA",9090.68,5.51,19.73,0.36%,1885850
150,"ARCH","Arch Resources, Inc.","Energy","Thermal Coal","USA",2512.67,2.55,123.96,0.42%,561929
151,"ARCO","Arcos Dorados Holdings Inc.","Consumer Cyclical","Restaurants","Uruguay",1577.14,16.53,7.85,3.15%,780643
152,"ARCT","Arcturus Therapeutics Holdings Inc.","Healthcare","Biotechnology","USA",529.21,,20.64,7.05%,496415
153,"ARE","Alexandria Real Estate Equities, Inc.","Real Estate","REIT - Office","USA",24910.78,85.56,159.91,0.34%,781263
154,"ARES","Ares Management Corporation","Financial","Asset Management","USA",19759.73,38.11,73.94,0.49%,621306
155,"ARI","Apollo Commercial Real Estate Finance, Inc.","Real Estate","REIT - Mortgage","USA",1646.54,10.52,12.38,1.14%,611789
156,"ARLO","Arlo Technologies, Inc.","Industrials","Security & Protection Services","USA",626.59,,7.35,1.10%,310358
157,"ARLP","Alliance Resource Partners, L.P.","Energy","Thermal Coal","USA",2925.87,15.44,22.34,-3.67%,422777
158,"ARMK","Aramark","Consumer Cyclical","Restaurants","USA",8909.97,53.39,35.08,-0.65%,1626699
159,"ARNC","Arconic Corporation","Industrials","Metal Fabrication","USA",2860.95,,27.65,-5.37%,1309055
160,"AROC","Archrock, Inc.","Energy","Oil & Gas Equipment & Services","USA",1189.60,47.86,7.61,-5.93%,1504289
161,"ARQT","Arcutis Biotherapeutics, Inc.","Healthcare","Biotechnology","USA",1160.61,,24.61,10.81%,1907875
162,"ARR","ARMOUR Residential REIT, Inc.","Real Estate","REIT - Mortgage","USA",817.00,,7.60,-1.30%,2913050
163,"ARRY","Array Technologies, Inc.","Technology","Solar","USA",2007.12,,17.27,3.17%,3634360
164,"ARVL","Arrival","Consumer Cyclical","Auto Manufacturers","Luxembourg",1090.12,,1.73,-3.89%,4127610
165,"ARW","Arrow Electronics, Inc.","Technology","Electronics & Computer Distribution","USA",7669.49,6.70,119.11,-6.14%,729285
166,"ARWR","Arrowhead Pharmaceuticals, Inc.","Healthcare","Biotechnology","USA",5081.68,,46.13,3.99%,980001
167,"ASAN","Asana, Inc.","Technology","Software - Application","USA",4148.36,,23.35,0.91%,1685570
168,"ASB","Associated Banc-Corp","Financial","Banks - Regional","USA",3026.09,9.62,19.94,-1.34%,962408
169,"ASC","Ardmore Shipping Corporation","Energy","Oil & Gas Midstream","Bermuda",322.76,,8.34,-2.34%,451000
170,"ASML","ASML Holding N.V.","Technology","Semiconductor Equipment & Materials","Netherlands",231688.48,41.49,588.46,0.79%,678539
171,"ASO","Academy Sports and Outdoors, Inc.","Consumer Cyclical","Specialty Retail","USA",3467.09,6.18,43.00,-2.05%,969185
172,"ASPN","Aspen Aerogels, Inc.","Industrials","Building Products & Equipment","USA",444.51,,14.39,-2.37%,403310
173,"ASTL","Algoma Steel Group Inc.","Basic Materials","Steel","Canada",1389.85,1.66,9.23,3.71%,3282226
174,"ASTR","Astra Space, Inc.","Industrials","Aerospace & Defense","USA",405.71,,1.58,-4.24%,3628784
175,"ASTS","AST SpaceMobile, Inc.","Communication Services","Telecom Services","USA",1289.13,,7.83,7.11%,939979
176,"ASX","ASE Technology Holding Co., Ltd.","Technology","Semiconductors","Taiwan",13089.29,5.73,6.02,2.03%,4561268
177,"ASZ","Austerlitz Acquisition Corporation II","Financial","Shell Companies","USA",1930.11,31.01,9.80,0.20%,5857086
178,"ATAI","Atai Life Sciences N.V.","Healthcare","Biotechnology","Germany",665.78,,4.11,2.75%,497740
179,"ATC","Atotech Limited","Technology","Electronic Components","Germany",4377.82,35.44,23.00,0.66%,544144
180,"ATCO","Atlas Corp.","Financial","Asset Management","United Kingdom",2811.86,7.66,11.57,-2.12%,317343
181,"ATEC","Alphatec Holdings, Inc.","Healthcare","Medical Devices","USA",862.05,,8.21,0.12%,1462995
182,"ATEN","A10 Networks, Inc.","Technology","Software - Infrastructure","USA",1165.75,12.57,15.50,-0.90%,730598
183,"ATHM","Autohome Inc.","Communication Services","Internet Content & Information","China",5046.58,18.07,38.68,-2.67%,687640
184,"ATI","ATI Inc.","Industrials","Metal Fabrication","USA",3293.21,,27.40,8.09%,2796653
185,"ATO","Atmos Energy Corporation","Utilities","Utilities - Regulated Gas","USA",15451.72,21.69,115.83,-2.89%,1105255
186,"ATRA","Atara Biotherapeutics, Inc.","Healthcare","Biotechnology","USA",340.67,,3.38,6.62%,1684514
187,"ATUS","Altice USA, Inc.","Communication Services","Telecom Services","USA",3159.16,5.93,11.75,21.51%,11071636
188,"ATVI","Activision Blizzard, Inc.","Communication Services","Electronic Gaming & Multimedia","USA",62940.61,25.55,80.66,0.09%,3664409
189,"AU","AngloGold Ashanti Limited","Basic Materials","Gold","South Africa",6006.06,9.61,14.23,2.89%,3202413
190,"AUPH","Aurinia Pharmaceuticals Inc.","Healthcare","Biotechnology","Canada",1266.67,,8.52,0.24%,7843862
191,"AUR","Aurora Innovation, Inc.","Technology","Information Technology Services","USA",2860.26,,2.64,-5.38%,2338244
192,"AUS","Austerlitz Acquisition Corporation I","Financial","Shell Companies","USA",962.56,28.67,9.81,0.05%,365237
193,"AUY","Yamana Gold Inc.","Basic Materials","Gold","Canada",4654.96,31.72,4.98,5.51%,17679233
194,"AVB","AvalonBay Communities, Inc.","Real Estate","REIT - Residential","USA",26915.87,25.41,203.80,0.87%,715404
195,"AVDX","AvidXchange Holdings, Inc.","Technology","Software - Infrastructure","USA",1528.48,,8.04,2.03%,2482939
196,"AVGO","Broadcom Inc.","Technology","Semiconductors","USA",220025.45,27.39,552.80,1.11%,1628984
197,"AVIR","Atea Pharmaceuticals, Inc.","Healthcare","Biotechnology","USA",695.77,16.63,8.45,-0.24%,397519
198,"AVLR","Avalara, Inc.","Technology","Software - Application","USA",8306.09,,94.12,1.75%,666589
199,"AVPT","AvePoint, Inc.","Technology","Software - Infrastructure","USA",973.73,,5.38,1.32%,432422
200,"AVT","Avnet, Inc.","Technology","Electronics & Computer Distribution","USA",4485.94,8.95,47.39,-1.56%,707005
201,"AVTR","Avantor, Inc.","Basic Materials","Specialty Chemicals","USA",21036.21,32.44,28.55,-0.42%,6014385
202,"AVXL","Anavex Life Sciences Corp.","Healthcare","Biotechnology","USA",879.18,,10.83,2.85%,754431
203,"AVY","Avery Dennison Corporation","Industrials","Business Equipment & Supplies","USA",15292.74,21.15,193.53,0.21%,380481
204,"AWK","American Water Works Company, Inc.","Utilities","Utilities - Regulated Water","USA",28065.00,22.23,158.64,0.63%,690011
205,"AXL","American Axle & Manufacturing Holdings, Inc.","Consumer Cyclical","Auto Parts","USA",954.55,,8.50,-1.85%,1541881
206,"AXNX","Axonics, Inc.","Healthcare","Medical Devices","USA",3383.68,,72.27,4.14%,1433390
207,"AXP","American Express Company","Financial","Credit Services","USA",115787.31,16.09,156.87,0.93%,3691162
208,"AXSM","Axsome Therapeutics, Inc.","Healthcare","Biotechnology","USA",1553.59,,40.01,5.07%,780632
209,"AXTA","Axalta Coating Systems Ltd.","Basic Materials","Specialty Chemicals","USA",5446.96,27.65,25.33,-0.24%,1591984
210,"AY","Atlantica Sustainable Infrastructure plc","Utilities","Utilities - Renewable","United Kingdom",3761.28,,35.08,1.36%,452224
211,"AYX","Alteryx, Inc.","Technology","Software - Application","USA",4154.92,,61.60,2.33%,1281122
212,"AZEK","The AZEK Company Inc.","Industrials","Building Products & Equipment","USA",2995.17,28.31,20.41,0.29%,3513134
213,"AZN","AstraZeneca PLC","Healthcare","Drug Manufacturers - General","United Kingdom",204842.73,,66.29,1.48%,5405309
214,"AZTA","Azenta, Inc.","Healthcare","Medical Instruments & Supplies","USA",5047.29,,69.82,0.24%,278897
215,"AZUL","Azul S.A.","Industrials","Airlines","Brazil",818.92,7.34,7.68,11.47%,2699408
216,"BA","The Boeing Company","Industrials","Aerospace & Defense","USA",96871.36,,166.50,-0.08%,5032173
217,"BABA","Alibaba Group Holding Limited","Consumer Cyclical","Internet Retail","China",302533.79,29.18,97.43,1.79%,42430828
218,"BAC","Bank of America Corporation","Financial","Banks - Diversified","USA",266630.21,10.40,33.40,-0.71%,28363868
219,"BAH","Booz Allen Hamilton Holding Corporation","Industrials","Consulting Services","USA",12346.30,27.54,95.03,-1.23%,788130
220,"BALL","Ball Corporation","Consumer Cyclical","Packaging & Containers","USA",18683.28,17.52,59.28,-18.58%,8499348
221,"BALY","Bally's Corporation","Consumer Cyclical","Resorts & Casinos","USA",1158.45,,21.35,-6.15%,1047133
222,"BAM","Brookfield Asset Management Inc.","Financial","Asset Management","Canada",80389.77,20.50,50.27,1.09%,893938
223,"BAND","Bandwidth Inc.","Technology","Software - Infrastructure","USA",460.49,,17.96,-8.65%,905281
224,"BAX","Baxter International Inc.","Healthcare","Medical Instruments & Supplies","USA",33205.59,29.01,57.91,-0.46%,4493494
225,"BB","BlackBerry Limited","Technology","Software - Infrastructure","Canada",3712.83,,6.65,1.22%,4327559
226,"BBAR","Banco BBVA Argentina S.A.","Financial","Banks - Regional","Argentina",1246.77,3.27,2.59,-2.63%,620417
227,"BBBY","Bed Bath & Beyond Inc.","Consumer Cyclical","Specialty Retail","USA",457.50,,6.15,1.32%,8963200
228,"BBD","Banco Bradesco S.A.","Financial","Banks - Regional","Brazil",32434.25,3.65,3.42,1.79%,28216409
229,"BBDC","Barings BDC, Inc.","Financial","Credit Services","USA",647.28,6.83,9.91,0.10%,605235
230,"BBIO","BridgeBio Pharma, Inc.","Healthcare","Biotechnology","USA",1715.76,,9.98,25.69%,5605900
231,"BBLN","Babylon Holdings Limited","Healthcare","Health Information Services","United Kingdom",437.20,,1.01,-0.98%,268135
232,"BBVA","Banco Bilbao Vizcaya Argentaria, S.A.","Financial","Banks - Diversified","Spain",27739.13,6.27,4.64,0.65%,4088868
233,"BBWI","Bath & Body Works, Inc.","Consumer Cyclical","Specialty Retail","USA",8448.23,8.79,38.45,-2.19%,3927317
234,"BBY","Best Buy Co., Inc.","Consumer Cyclical","Specialty Retail","USA",16620.54,8.45,76.29,0.79%,2009236
235,"BC","Brunswick Corporation","Consumer Cyclical","Leisure","USA",5683.12,9.75,78.14,0.22%,482827
236,"BCE","BCE Inc.","Communication Services","Telecom Services","Canada",44121.41,19.66,49.79,0.42%,978584
237,"BCRX","BioCryst Pharmaceuticals, Inc.","Healthcare","Biotechnology","USA",2557.43,,13.74,23.23%,11745059
238,"BCS","Barclays PLC","Financial","Banks - Diversified","United Kingdom",30597.28,5.60,8.00,-0.87%,4623412
239,"BDN","Brandywine Realty Trust","Real Estate","REIT - Office","USA",1433.87,92.83,8.54,-2.51%,1710605
240,"BDX","Becton, Dickinson and Company","Healthcare","Medical Instruments & Supplies","USA",71990.60,39.82,252.51,3.09%,1807644
241,"BE","Bloom Energy Corporation","Industrials","Electrical Equipment & Parts","USA",3466.55,,22.88,6.47%,2469145
242,"BEAM","Beam Therapeutics Inc.","Healthcare","Biotechnology","USA",4757.50,,62.88,-0.21%,1097333
243,"BECN","Beacon Roofing Supply, Inc.","Industrials","Building Products & Equipment","USA",4031.59,15.81,61.73,1.70%,709302
244,"BEKE","KE Holdings Inc.","Real Estate","Real Estate Services","China",153637.50,,15.00,2.74%,5201669
245,"BEN","Franklin Resources, Inc.","Financial","Asset Management","USA",12796.56,8.19,27.63,0.22%,1878699
246,"BEPC","Brookfield Renewable Corporation","Utilities","Utilities - Renewable","USA",13942.97,,40.20,2.03%,393028
247,"BERY","Berry Global Group, Inc.","Consumer Cyclical","Packaging & Containers","USA",7193.32,10.31,55.65,2.43%,3541687
249,"BFAM","Bright Horizons Family Solutions Inc.","Consumer Cyclical","Personal Services","USA",4693.67,58.44,79.77,-3.22%,657134
250,"BFH","Bread Financial Holdings, Inc.","Financial","Credit Services","USA",2102.61,2.69,39.36,-1.20%,572872
251,"BFLY","Butterfly Network, Inc.","Healthcare","Medical Devices","USA",1161.50,,5.92,4.59%,2822243
252,"BG","Bunge Limited","Consumer Defensive","Farm Products","USA",14311.68,8.27,95.05,0.00%,1524304
253,"BGCP","BGC Partners, Inc.","Financial","Capital Markets","USA",1492.74,16.31,4.06,2.27%,2959970
254,"BGRY","Berkshire Grey, Inc.","Industrials","Specialty Industrial Machinery","USA",550.83,,2.45,6.06%,1180900
255,"BGS","B&G Foods, Inc.","Consumer Defensive","Packaged Foods","USA",1701.16,26.17,25.33,0.08%,1080944
256,"BHC","Bausch Health Companies Inc.","Healthcare","Drug Manufacturers - Specialty & Generic","Canada",3463.78,,5.12,-1.54%,11277247
257,"BHF","Brighthouse Financial, Inc.","Financial","Insurance - Life","USA",3128.00,3.30,42.50,-3.08%,890557
258,"BHG","Bright Health Group, Inc.","Healthcare","Healthcare Plans","USA",1280.96,,2.00,0.00%,1142115
259,"BHIL","Benson Hill, Inc.","Basic Materials","Agricultural Inputs","USA",653.52,,3.35,1.82%,708134
260,"BHP","BHP Group Limited","Basic Materials","Other Industrial Metals & Mining","Australia",130891.60,8.45,53.13,-0.23%,2646970
261,"BHR","Braemar Hotels & Resorts Inc.","Real Estate","REIT - Hotel & Motel","USA",381.31,,5.36,-2.72%,512916
262,"BHVN","Biohaven Pharmaceutical Holding Company Ltd.","Healthcare","Biotechnology","USA",10489.70,,147.10,0.64%,540975
263,"BIDU","Baidu, Inc.","Communication Services","Internet Content & Information","China",50336.96,,140.07,2.52%,1695488
264,"BIG","Big Lots, Inc.","Consumer Defensive","Discount Stores","USA",578.36,9.43,20.70,-1.71%,881558
265,"BIGC","BigCommerce Holdings, Inc.","Technology","Software - Application","USA",1305.42,,18.35,0.77%,1100530
266,"BIGZ","Blackrock Innovation & Growth Trust","Financial","Closed-End Fund - Equity","USA",2297.73,,9.41,2.17%,1249721
267,"BIIB","Biogen Inc.","Healthcare","Drug Manufacturers - General","USA",31506.33,15.51,217.30,1.73%,991150
268,"BILI","Bilibili Inc.","Communication Services","Electronic Gaming & Multimedia","China",10416.33,,24.99,2.42%,3499832
269,"BILL","Bill.com Holdings, Inc.","Technology","Software - Application","USA",14067.62,,141.44,-1.37%,1094065
270,"BIRD","Allbirds, Inc.","Consumer Cyclical","Apparel Retail","USA",680.41,,4.96,1.85%,1475473
271,"BITF","Bitfarms Ltd.","Financial","Capital Markets","Canada",365.38,6.64,1.54,-4.35%,4553645
272,"BJ","BJ's Wholesale Club Holdings, Inc.","Consumer Defensive","Discount Stores","USA",9414.93,20.85,69.36,-0.17%,1126749
273,"BK","The Bank of New York Mellon Corporation","Financial","Asset Management","USA",34332.60,10.96,43.06,-1.49%,1933838
274,"BKD","Brookdale Senior Living Inc.","Healthcare","Medical Care Facilities","USA",888.50,,4.68,-3.70%,793036
275,"BKE","The Buckle, Inc.","Consumer Cyclical","Apparel Retail","USA",1505.06,5.97,30.51,-0.16%,291538
276,"BKI","Black Knight, Inc.","Technology","Software - Infrastructure","USA",10092.18,19.71,65.70,2.38%,671644
277,"BKKT","Bakkt Holdings, Inc.","Technology","Software - Infrastructure","USA",789.80,,3.14,3.29%,7987348
278,"BKR","Baker Hughes Company","Energy","Oil & Gas Equipment & Services","USA",23562.29,,23.71,-6.02%,13509304
279,"BKU","BankUnited, Inc.","Financial","Banks - Regional","USA",2905.50,9.63,38.17,-0.73%,457670
280,"BL","BlackLine, Inc.","Technology","Software - Infrastructure","USA",4026.09,,67.62,1.03%,604156
281,"BLCO","Bausch + Lomb Corporation","Healthcare","Medical Instruments & Supplies","Canada",6085.69,31.14,15.57,5.06%,2271174
282,"BLDE","Blade Air Mobility, Inc.","Industrials","Airports & Air Services","USA",419.28,,6.12,4.44%,352959
283,"BLDP","Ballard Power Systems Inc.","Industrials","Specialty Industrial Machinery","Canada",2281.85,,8.73,5.43%,4801909
284,"BLDR","Builders FirstSource, Inc.","Industrials","Building Products & Equipment","USA",11736.76,6.30,70.81,2.61%,1723982
285,"BLI","Berkeley Lights, Inc.","Healthcare","Biotechnology","USA",364.22,,5.23,1.75%,467733
286,"BLK","BlackRock, Inc.","Financial","Asset Management","USA",101011.93,18.35,696.01,0.79%,745195
287,"BLMN","Bloomin' Brands, Inc.","Consumer Cyclical","Restaurants","USA",1681.81,9.90,20.83,-2.02%,2593100
288,"BLND","Blend Labs, Inc.","Technology","Software - Application","USA",670.59,,3.02,2.03%,2208825
289,"BLNK","Blink Charging Co.","Consumer Cyclical","Specialty Retail","USA",964.12,,22.50,1.95%,509028
290,"BLU","BELLUS Health Inc.","Healthcare","Biotechnology","Canada",1073.19,,10.37,3.91%,898408
291,"BLUE","bluebird bio, Inc.","Healthcare","Biotechnology","USA",367.64,,4.58,8.53%,6342110
292,"BMBL","Bumble Inc.","Technology","Software - Application","USA",6689.67,,35.81,0.62%,2022763
293,"BMO","Bank of Montreal","Financial","Banks - Diversified","Canada",65075.93,6.95,98.76,-0.49%,362035
294,"BMRN","BioMarin Pharmaceutical Inc.","Healthcare","Biotechnology","USA",17394.70,603.77,92.98,5.18%,2426986
295,"BMY","Bristol-Myers Squibb Company","Healthcare","Drug Manufacturers - General","USA",156144.13,23.97,72.12,-1.19%,8597036
296,"BNGO","Bionano Genomics, Inc.","Healthcare","Diagnostics & Research","USA",677.08,,2.35,3.98%,9852608
297,"BNL","Broadstone Net Lease, Inc.","Real Estate","REIT - Diversified","USA",3621.03,32.42,21.82,-0.82%,447193
298,"BNR","Burning Rock Biotech Limited","Healthcare","Diagnostics & Research","China",367.36,,3.35,5.02%,167188
299,"BNS","The Bank of Nova Scotia","Financial","Banks - Diversified","Canada",71838.65,9.42,60.77,0.02%,610095
300,"BNTX","BioNTech SE","Healthcare","Biotechnology","Germany",41389.33,3.46,180.44,1.24%,990037
301,"BODY","The Beachbody Company, Inc.","Communication Services","Internet Content & Information","USA",416.96,,1.40,0.72%,473442
302,"BOOT","Boot Barn Holdings, Inc.","Consumer Cyclical","Apparel Retail","USA",2036.04,9.68,60.85,-2.89%,607746
303,"BORR","Borr Drilling Limited","Energy","Oil & Gas Drilling","Bermuda",522.62,,3.82,-2.30%,1113666
304,"BOWL","Bowlero Corp.","Communication Services","Entertainment","USA",2116.48,,12.17,1.93%,396565
305,"BOX","Box, Inc.","Technology","Software - Infrastructure","USA",4256.40,,30.00,0.60%,956605
306,"BP","BP p.l.c.","Energy","Oil & Gas Integrated","United Kingdom",90042.57,,29.35,-1.15%,14419157
307,"BPMC","Blueprint Medicines Corporation","Healthcare","Biotechnology","USA",3904.56,,64.72,8.41%,788277
308,"BPOP","Popular, Inc.","Financial","Banks - Regional","USA",5998.71,6.90,76.01,-1.30%,403120
309,"BRBR","BellRing Brands, Inc.","Consumer Defensive","Packaged Foods","USA",3517.08,35.20,25.31,-0.59%,826055
310,"BRCC","BRC Inc.","Consumer Defensive","Packaged Foods","USA",1802.70,,8.97,1.82%,312091
311,"BRFS","BRF S.A.","Consumer Defensive","Packaged Foods","Brazil",3473.32,,3.18,0.00%,2540463
313,"BRKR","Bruker Corporation","Healthcare","Medical Devices","USA",9109.35,34.29,63.44,-7.14%,1480193
314,"BRMK","Broadmark Realty Capital Inc.","Real Estate","REIT - Mortgage","USA",968.53,12.35,7.46,0.27%,493302
315,"BRO","Brown & Brown, Inc.","Financial","Insurance Brokers","USA",17601.00,29.75,64.31,0.03%,1143505
316,"BROS","Dutch Bros Inc.","Consumer Cyclical","Restaurants","USA",6380.03,,42.35,0.43%,665167
317,"BRP","BRP Group, Inc.","Financial","Insurance Brokers","USA",3052.61,,28.32,0.43%,219788
318,"BRSP","BrightSpire Capital, Inc.","Real Estate","REIT - Diversified","USA",1123.66,60.14,8.72,1.16%,465303
319,"BRX","Brixmor Property Group Inc.","Real Estate","REIT - Retail","USA",6382.74,22.36,22.16,-0.40%,1644671
320,"BRY","Berry Corporation","Energy","Oil & Gas E&P","USA",690.27,,8.71,-0.91%,930302
321,"BRZE","Braze, Inc.","Technology","Software - Application","USA",4320.86,,47.66,1.27%,897855
322,"BSAC","Banco Santander-Chile","Financial","Banks - Regional","Chile",7463.78,7.90,15.35,0.92%,430459
323,"BSBR","Banco Santander (Brasil) S.A.","Financial","Banks - Regional","Brazil",19836.14,14.03,5.54,2.59%,1405213
324,"BSM","Black Stone Minerals, L.P.","Energy","Oil & Gas E&P","USA",3012.14,22.17,14.61,-2.73%,581043
325,"BSX","Boston Scientific Corporation","Healthcare","Medical Devices","USA",57878.67,71.58,41.23,-0.94%,6390476
326,"BSY","Bentley Systems, Incorporated","Technology","Software - Application","USA",11334.79,144.14,41.08,2.34%,614711
327,"BTAI","BioXcel Therapeutics, Inc.","Healthcare","Biotechnology","USA",453.05,,15.83,6.17%,235506
328,"BTG","B2Gold Corp.","Basic Materials","Gold","Canada",3610.08,8.14,3.42,0.00%,16938365
329,"BTI","British American Tobacco p.l.c.","Consumer Defensive","Tobacco","United Kingdom",92150.25,14.00,39.08,-1.29%,6114303
330,"BTRS","BTRS Holdings Inc.","Technology","Software - Application","USA",974.27,,6.77,-0.29%,720879
331,"BTU","Peabody Energy Corporation","Energy","Thermal Coal","USA",2955.07,3.87,18.91,-2.48%,3546581
332,"BUD","Anheuser-Busch InBev SA/NV","Consumer Defensive","Beverages - Brewers","Belgium",92767.27,28.79,53.78,1.11%,1356711
333,"BURL","Burlington Stores, Inc.","Consumer Cyclical","Apparel Retail","USA",10672.46,42.29,157.90,1.72%,832721
334,"BVN","Compania de Minas Buenaventura S.A.A.","Basic Materials","Other Precious Metals & Mining","Peru",1593.30,7.85,5.68,2.16%,1478260
335,"BWA","BorgWarner Inc.","Consumer Cyclical","Auto Parts","USA",8896.07,13.68,38.36,-2.91%,2082985
336,"BWXT","BWX Technologies, Inc.","Industrials","Aerospace & Defense","USA",4932.43,17.78,56.21,-0.02%,430834
337,"BX","Blackstone Inc.","Financial","Asset Management","USA",119900.12,18.77,102.84,1.73%,4470837
338,"BXMT","Blackstone Mortgage Trust, Inc.","Real Estate","REIT - Mortgage","USA",5036.74,12.66,30.34,0.43%,891501
339,"BXP","Boston Properties, Inc.","Real Estate","REIT - Office","USA",14972.25,20.62,86.66,-1.97%,975283
340,"BXSL","Blackstone Secured Lending Fund","Financial","Asset Management","USA",4120.41,8.97,24.50,2.47%,911402
341,"BYD","Boyd Gaming Corporation","Consumer Cyclical","Resorts & Casinos","USA",6096.12,11.21,55.50,0.42%,941030
342,"BYND","Beyond Meat, Inc.","Consumer Defensive","Packaged Foods","USA",2022.77,,31.39,-7.81%,4209703
343,"BZ","Kanzhun Limited","Industrials","Staffing & Employment Services","China",9704.15,,21.34,1.62%,3056047
344,"BZUN","Baozun Inc.","Consumer Cyclical","Internet Retail","China",726.14,,9.18,2.23%,177444
345,"C","Citigroup Inc.","Financial","Banks - Diversified","USA",100151.78,6.46,51.26,-0.68%,10145150
346,"CADE","Cadence Bank","Financial","Banks - Regional","USA",4624.17,14.96,25.50,-1.43%,895594
347,"CAG","Conagra Brands, Inc.","Consumer Defensive","Packaged Foods","USA",15917.59,18.45,33.98,-0.93%,2208838
348,"CAH","Cardinal Health, Inc.","Healthcare","Medical Distribution","USA",16011.79,,60.24,0.12%,2072434
349,"CAKE","The Cheesecake Factory Incorporated","Consumer Cyclical","Restaurants","USA",1525.26,18.02,29.96,-3.32%,1046250
350,"CAL","Caleres, Inc.","Consumer Cyclical","Footwear & Accessories","USA",956.60,5.60,26.36,1.15%,429243
351,"CALM","Cal-Maine Foods, Inc.","Consumer Defensive","Farm Products","USA",2404.35,18.54,51.20,-1.27%,842815
352,"CALX","Calix, Inc.","Technology","Software - Application","USA",3705.03,18.78,58.81,0.98%,370496
353,"CAN","Canaan Inc.","Technology","Computer Hardware","China",784.98,1.92,3.92,0.51%,1663222
354,"CANO","Cano Health, Inc.","Healthcare","Medical Care Facilities","USA",3015.96,,6.11,-6.29%,1762895
355,"CAR","Avis Budget Group, Inc.","Industrials","Rental & Leasing Services","USA",7359.98,5.49,177.52,-1.84%,737326
356,"CARA","Cara Therapeutics, Inc.","Healthcare","Biotechnology","USA",585.06,,10.44,12.26%,559880
357,"CARG","CarGurus, Inc.","Communication Services","Internet Content & Information","USA",2943.40,,25.30,-0.12%,1139165
358,"CARR","Carrier Global Corporation","Industrials","Building Products & Equipment","USA",34598.61,13.87,41.81,2.58%,5381693
359,"CARS","Cars.com Inc.","Consumer Cyclical","Auto & Truck Dealerships","USA",829.01,132.66,12.47,1.46%,410138
360,"CAT","Caterpillar Inc.","Industrials","Farm & Heavy Construction Machinery","USA",91526.18,15.49,183.64,0.42%,2475699
361,"CB","Chubb Limited","Financial","Insurance - Property & Casualty","Switzerland",76782.73,11.17,185.09,-0.33%,1387034
362,"CBAY","CymaBay Therapeutics, Inc.","Healthcare","Biotechnology","USA",357.78,,4.12,5.64%,925221
363,"CBD","Companhia Brasileira de Distribuicao","Consumer Cyclical","Department Stores","Brazil",861.10,7.58,3.16,4.98%,890344
364,"CBOE","Cboe Global Markets, Inc.","Financial","Financial Data & Stock Exchanges","USA",12827.18,25.50,119.09,1.05%,540097
365,"CBRE","CBRE Group, Inc.","Real Estate","Real Estate Services","USA",26011.61,14.23,82.31,-1.54%,1489846
366,"CC","The Chemours Company","Basic Materials","Specialty Chemicals","USA",5225.82,7.80,34.96,1.45%,1030357
367,"CCCC","C4 Therapeutics, Inc.","Healthcare","Biotechnology","USA",633.09,,11.70,6.95%,249232
368,"CCCS","CCC Intelligent Solutions Holdings Inc.","Technology","Software - Infrastructure","USA",6020.13,,9.91,1.12%,1793183
369,"CCEP","Coca-Cola Europacific Partners PLC","Consumer Defensive","Beverages - Non-Alcoholic","United Kingdom",23919.34,24.38,53.42,-1.60%,1390527
370,"CCI","Crown Castle International Corp.","Real Estate","REIT - Specialty","USA",74181.12,50.07,178.35,-0.08%,1081801
371,"CCJ","Cameco Corporation","Energy","Uranium","Canada",9668.92,202.44,24.90,0.97%,3410270
372,"CCK","Crown Holdings, Inc.","Consumer Cyclical","Packaging & Containers","USA",10796.07,,92.44,-6.92%,3708001
373,"CCL","Carnival Corporation & plc","Consumer Cyclical","Travel Services","USA",11678.45,,9.75,-0.41%,39938363
374,"CCO","Clear Channel Outdoor Holdings, Inc.","Communication Services","Advertising Agencies","USA",644.62,,1.47,-5.77%,3730517
375,"CCRN","Cross Country Healthcare, Inc.","Industrials","Staffing & Employment Services","USA",903.97,5.01,23.16,-15.62%,2997427
376,"CCXI","ChemoCentryx, Inc.","Healthcare","Biotechnology","USA",3640.54,,50.43,109.17%,36138179
377,"CD","Chindata Group Holdings Limited","Technology","Information Technology Services","China",2620.60,48.39,6.92,-0.14%,2056104
378,"CDAY","Ceridian HCM Holding Inc.","Technology","Software - Application","USA",9764.44,,64.88,10.38%,4037396
379,"CDE","Coeur Mining, Inc.","Basic Materials","Gold","USA",801.38,,3.17,4.28%,5798805
380,"CDEV","Centennial Resource Development, Inc.","Energy","Oil & Gas E&P","USA",1712.74,12.80,6.12,-2.55%,11820706
381,"CDLX","Cardlytics, Inc.","Communication Services","Internet Content & Information","USA",475.81,,14.74,-8.39%,879632
382,"CDMO","Avid Bioservices, Inc.","Healthcare","Biotechnology","USA",1185.32,13.11,19.18,0.52%,365595
383,"CDNA","CareDx, Inc","Healthcare","Diagnostics & Research","USA",1324.35,,24.30,-0.82%,1116798
384,"CDNS","Cadence Design Systems, Inc.","Technology","Software - Application","USA",48241.52,66.35,185.58,2.00%,1599093
385,"CDW","CDW Corporation","Technology","Information Technology Services","USA",23422.40,24.86,180.02,-1.07%,832546
386,"CDXS","Codexis, Inc.","Healthcare","Biotechnology","USA",580.39,,7.98,2.57%,1157206
387,"CE","Celanese Corporation","Basic Materials","Chemicals","USA",12083.50,5.88,110.98,0.33%,1075399
388,"CEF","Sprott Physical Gold and Silver Trust","Financial","Asset Management","Canada",3711.49,,16.83,1.57%,332701
389,"CEG","Constellation Energy Corporation","Utilities","Utilities - Renewable","USA",18515.07,,67.46,0.43%,2425906
390,"CEIX","CONSOL Energy Inc.","Energy","Thermal Coal","USA",2229.31,,60.96,5.89%,957122
391,"CELH","Celsius Holdings, Inc.","Consumer Defensive","Beverages - Non-Alcoholic","USA",7713.37,860.40,108.41,2.83%,1218042
392,"CELU","Celularity Inc.","Healthcare","Biotechnology","USA",422.41,,2.80,-5.41%,438976
393,"CENN","Cenntro Electric Group Limited","Consumer Cyclical","Auto Manufacturers","USA",401.52,,1.59,1.92%,2638483
394,"CENX","Century Aluminum Company","Basic Materials","Aluminum","USA",654.74,,7.60,-3.68%,1408704
395,"CEQP","Crestwood Equity Partners LP","Energy","Oil & Gas Midstream","USA",2725.02,,25.03,-7.54%,699988
396,"CERE","Cerevel Therapeutics Holdings, Inc.","Healthcare","Biotechnology","USA",4344.47,,29.50,4.80%,607174
397,"CERS","Cerus Corporation","Healthcare","Biotechnology","USA",1058.13,,5.82,-0.17%,2232015
398,"CERT","Certara, Inc.","Healthcare","Health Information Services","USA",3712.73,,23.85,3.29%,322640
399,"CF","CF Industries Holdings, Inc.","Basic Materials","Agricultural Inputs","USA",20475.62,12.78,99.05,2.20%,2348387
400,"CFFN","Capitol Federal Financial, Inc.","Financial","Banks - Regional","USA",1348.21,16.65,9.74,1.14%,892670
401,"CFG","Citizens Financial Group, Inc.","Financial","Banks - Regional","USA",17835.18,9.26,36.60,-1.82%,2680167
402,"CFLT","Confluent, Inc.","Technology","Software - Infrastructure","USA",8728.89,,32.34,11.44%,5316450
403,"CFVI","CF Acquisition Corp. VI","Financial","Shell Companies","USA",383.51,,10.05,0.10%,1048112
404,"CG","The Carlyle Group Inc.","Financial","Asset Management","USA",12682.29,5.20,38.38,-0.98%,2711893
405,"CGC","Canopy Growth Corporation","Healthcare","Drug Manufacturers - Specialty & Generic","Canada",1137.83,,2.89,-1.03%,8676495
406,"CGEM","Cullinan Oncology, Inc.","Healthcare","Biotechnology","USA",674.34,,14.53,3.12%,150787
407,"CGNT","Cognyte Software Ltd.","Technology","Software - Infrastructure","Israel",329.41,,4.86,0.21%,367390
408,"CGNX","Cognex Corporation","Technology","Scientific & Technical Instruments","USA",8023.47,30.98,47.95,3.21%,1929458
409,"CHD","Church & Dwight Co., Inc.","Consumer Defensive","Household & Personal Products","USA",22671.34,26.68,86.97,-0.66%,1485028
410,"CHGG","Chegg, Inc.","Consumer Defensive","Education & Training Services","USA",2671.95,47.75,21.63,-2.35%,2106812
411,"CHK","Chesapeake Energy Corporation","Energy","Oil & Gas E&P","USA",10990.18,,88.02,-3.83%,3534358
412,"CHKP","Check Point Software Technologies Ltd.","Technology","Software - Application","Israel",15464.54,19.69,118.83,0.76%,962071
413,"CHNG","Change Healthcare Inc.","Healthcare","Health Information Services","USA",7666.23,,23.84,-1.37%,1571455
414,"CHPT","ChargePoint Holdings, Inc.","Consumer Cyclical","Specialty Retail","USA",4653.32,,15.88,-0.50%,5647853
415,"CHRD","Chord Energy","Energy","Oil & Gas E&P","USA",4797.60,9.78,120.09,-2.63%,689156
416,"CHRS","Coherus BioSciences, Inc.","Healthcare","Biotechnology","USA",782.50,,10.58,5.17%,1389335
417,"CHRW","C.H. Robinson Worldwide, Inc.","Industrials","Integrated Freight & Logistics","USA",12500.27,12.92,107.52,-1.57%,1100327
418,"CHS","Chico's FAS, Inc.","Consumer Cyclical","Apparel Retail","USA",729.39,7.89,5.76,3.97%,2647724
419,"CHTR","Charter Communications, Inc.","Communication Services","Entertainment","USA",96907.20,16.64,459.45,1.61%,1115388
420,"CHWY","Chewy, Inc.","Consumer Cyclical","Internet Retail","USA",18243.49,,43.23,2.59%,2931640
421,"CHX","ChampionX Corporation","Energy","Oil & Gas Equipment & Services","USA",4016.86,26.04,20.49,-1.54%,1809807
422,"CI","Cigna Corporation","Healthcare","Healthcare Plans","USA",88665.66,17.37,280.10,3.08%,3654016
423,"CIEN","Ciena Corporation","Technology","Communication Equipment","USA",7561.18,19.24,52.49,0.56%,1036882
424,"CIG","Companhia Energetica de Minas Gerais","Utilities","Utilities - Diversified","Brazil",5540.84,4.71,2.27,3.18%,1873365
425,"CIM","Chimera Investment Corporation","Real Estate","REIT - Mortgage","USA",2090.26,13.23,9.26,-8.59%,4550718
426,"CINF","Cincinnati Financial Corporation","Financial","Insurance - Property & Casualty","USA",17720.98,29.60,95.50,-1.24%,811733
427,"CISO","Cerberus Cyber Sentinel Corporation","Technology","Software - Infrastructure","USA",391.26,,3.15,-0.63%,130588
428,"CIVI","Civitas Resources, Inc.","Energy","Oil & Gas E&P","USA",4627.92,14.10,56.13,-0.78%,1024734
429,"CL","Colgate-Palmolive Company","Consumer Defensive","Household & Personal Products","USA",67797.95,33.51,80.89,-0.66%,2786275
430,"CLAR","Clarus Corporation","Consumer Cyclical","Leisure","USA",727.05,30.79,20.32,-1.55%,514736
431,"CLDX","Celldex Therapeutics, Inc.","Healthcare","Biotechnology","USA",1620.93,,34.40,10.82%,1024618
432,"CLF","Cleveland-Cliffs Inc.","Basic Materials","Steel","USA",8724.94,2.70,17.94,4.79%,16595638
433,"CLM","Cornerstone Strategic Value Fund, Inc.","Financial","Asset Management","USA",1217.69,5.34,10.33,1.37%,3096041
434,"CLNE","Clean Energy Fuels Corp.","Energy","Oil & Gas Refining & Marketing","USA",1223.24,,6.32,-1.56%,2778634
435,"CLOV","Clover Health Investments, Corp.","Healthcare","Healthcare Plans","USA",1340.63,,2.97,-3.57%,6789906
436,"CLR","Continental Resources, Inc.","Energy","Oil & Gas E&P","USA",23025.59,11.84,65.09,-2.75%,1110647
437,"CLVT","Clarivate Plc","Technology","Information Technology Services","United Kingdom",9700.49,,14.77,1.65%,2524884
438,"CLX","The Clorox Company","Consumer Defensive","Household & Personal Products","USA",17007.85,37.35,137.76,-4.71%,3325988
439,"CM","Canadian Imperial Bank of Commerce","Financial","Banks - Diversified","Canada",44503.97,9.15,50.43,-0.24%,397837
440,"CMA","Comerica Incorporated","Financial","Banks - Regional","USA",10067.86,11.21,76.69,-1.79%,732976
441,"CMAX","CareMax, Inc.","Healthcare","Health Information Services","USA",603.85,,7.10,-2.20%,216459
442,"CMC","Commercial Metals Company","Basic Materials","Steel","USA",4547.50,4.52,39.81,1.40%,669602
443,"CMCSA","Comcast Corporation","Communication Services","Entertainment","USA",201599.79,12.71,38.93,1.17%,19886897
444,"CME","CME Group Inc.","Financial","Financial Data & Stock Exchanges","USA",70636.59,24.87,200.03,1.16%,1080619
445,"CMI","Cummins Inc.","Industrials","Specialty Industrial Machinery","USA",29277.85,16.33,219.54,0.81%,672149
446,"CMRE","Costamare Inc.","Industrials","Marine Shipping","Monaco",1406.22,3.02,11.23,-2.69%,609819
447,"CMS","CMS Energy Corporation","Utilities","Utilities - Regulated Electric","USA",19320.58,27.81,68.61,-1.05%,1031116
448,"CMTG","Claros Mortgage Trust, Inc.","Real Estate","REIT - Mortgage","USA",2544.29,18.02,18.60,0.05%,234989
449,"CNC","Centene Corporation","Healthcare","Healthcare Plans","USA",53662.28,29.57,92.97,0.18%,2639306
450,"CNDT","Conduent Incorporated","Technology","Information Technology Services","USA",900.62,8.71,4.25,1.67%,1468161
451,"CNHI","CNH Industrial N.V.","Industrials","Farm & Heavy Construction Machinery","United Kingdom",16190.86,10.44,12.65,2.18%,2741187
452,"CNI","Canadian National Railway Company","Industrials","Railroads","Canada",84305.96,22.16,126.25,0.97%,747189
453,"CNK","Cinemark Holdings, Inc.","Communication Services","Entertainment","USA",2385.27,,19.35,-0.15%,2299099
454,"CNMD","CONMED Corporation","Healthcare","Medical Devices","USA",3033.94,,96.53,-3.54%,366258
455,"CNNE","Cannae Holdings, Inc.","Consumer Cyclical","Restaurants","USA",1832.33,,22.34,0.90%,431366
456,"CNO","CNO Financial Group, Inc.","Financial","Insurance - Life","USA",2086.52,5.64,18.12,-1.20%,676341
457,"CNP","CenterPoint Energy, Inc.","Utilities","Utilities - Regulated Gas","USA",19047.77,21.80,31.39,-0.95%,2326888
458,"CNQ","Canadian Natural Resources Limited","Energy","Oil & Gas E&P","Canada",56296.28,8.22,50.91,-2.34%,3788387
459,"CNSL","Consolidated Communications Holdings, Inc.","Communication Services","Telecom Services","USA",813.40,,7.07,-2.35%,318430
460,"CNX","CNX Resources Corporation","Energy","Oil & Gas E&P","USA",3469.73,,15.74,-4.72%,3900263
461,"CODI","Compass Diversified","Industrials","Conglomerates","USA",1631.07,,24.29,-1.26%,203437
462,"COF","Capital One Financial Corporation","Financial","Credit Services","USA",40691.95,4.69,106.89,-1.99%,3319689
463,"COGT","Cogent Biosciences, Inc.","Healthcare","Biotechnology","USA",1059.92,,11.99,12.58%,1510651
464,"COIN","Coinbase Global, Inc.","Technology","Software - Application","USA",18442.31,8.53,88.90,10.01%,54251914
465,"COLB","Columbia Banking System, Inc.","Financial","Banks - Regional","USA",2302.45,10.57,29.53,-1.27%,714826
466,"COLD","Americold Realty Trust, Inc.","Real Estate","REIT - Industrial","USA",8406.79,,32.49,0.43%,1107686
467,"COMM","CommScope Holding Company, Inc.","Technology","Communication Equipment","USA",1897.48,,9.83,1.55%,5143957
468,"COMP","Compass, Inc.","Technology","Software - Application","USA",1637.27,,3.91,-1.51%,1913470
469,"COOK","Traeger, Inc.","Consumer Cyclical","Furnishings, Fixtures & Appliances","USA",405.61,,3.42,5.56%,1555870
470,"COOP","Mr. Cooper Group Inc.","Financial","Mortgage Finance","USA",3121.11,2.71,44.04,-1.06%,433053
471,"COP","ConocoPhillips","Energy","Oil & Gas E&P","USA",111291.21,9.25,89.88,-1.58%,7802144
472,"CORT","Corcept Therapeutics Incorporated","Healthcare","Biotechnology","USA",3051.99,31.03,28.33,-1.32%,1150160
473,"CORZ","Core Scientific, Inc.","Technology","Software - Infrastructure","USA",683.17,,2.63,-10.54%,4247357
474,"COST","Costco Wholesale Corporation","Consumer Defensive","Discount Stores","USA",232208.75,42.79,543.28,-0.68%,1998884
475,"COTY","Coty Inc.","Consumer Defensive","Household & Personal Products","USA",6647.00,60.65,7.52,0.53%,3594479
476,"COUP","Coupa Software Incorporated","Technology","Software - Application","USA",5708.55,,75.66,0.40%,1259329
477,"COUR","Coursera, Inc.","Consumer Defensive","Education & Training Services","USA",2335.53,,13.85,1.47%,1077893
478,"COWN","Cowen Inc.","Financial","Capital Markets","USA",1001.79,7.01,38.56,0.16%,1994834
479,"CP","Canadian Pacific Railway Limited","Industrials","Railroads","Canada",91738.57,27.38,79.36,2.12%,1581396
480,"CPB","Campbell Soup Company","Consumer Defensive","Packaged Foods","USA",14474.49,15.65,48.94,-1.51%,1615003
481,"CPE","Callon Petroleum Company","Energy","Oil & Gas E&P","USA",2225.38,4.42,37.22,-12.75%,3171598
482,"CPG","Crescent Point Energy Corp.","Energy","Oil & Gas E&P","Canada",4573.53,2.27,6.68,-6.57%,11739723
483,"CPNG","Coupang, Inc.","Consumer Cyclical","Internet Retail","South Korea",33719.02,,19.39,0.83%,8899840
484,"CPRI","Capri Holdings Limited","Consumer Cyclical","Apparel Manufacturing","United Kingdom",6995.49,9.71,49.33,-0.14%,1052315
485,"CPRT","Copart, Inc.","Industrials","Specialty Business Services","USA",29703.18,29.02,130.34,0.08%,1020929
486,"CPRX","Catalyst Pharmaceuticals, Inc.","Healthcare","Biotechnology","USA",1124.17,25.89,10.77,2.57%,1387780
487,"CPT","Camden Property Trust","Real Estate","REIT - Residential","USA",14057.89,41.31,137.11,0.59%,991856
488,"CRBU","Caribou Biosciences, Inc.","Healthcare","Biotechnology","USA",520.28,,8.56,0.00%,583061
489,"CRC","California Resources Corporation","Energy","Oil & Gas E&P","USA",3147.86,6.82,42.05,-3.02%,1995473
490,"CRDO","Credo Technology Group Holding Ltd","Technology","Communication Equipment","USA",2048.47,,16.29,1.81%,1466505
491,"CRF","Cornerstone Total Return Fund, Inc.","Financial","Asset Management","USA",612.31,5.22,9.84,1.03%,830019
492,"CRGE","Charge Enterprises, Inc.","Technology","Information Technology Services","USA",520.83,,2.68,-6.94%,633909
493,"CRH","CRH plc","Basic Materials","Building Materials","Ireland",28650.06,11.93,38.95,2.20%,424627
494,"CRI","Carter's, Inc.","Consumer Cyclical","Apparel Retail","USA",3107.09,10.87,81.83,-0.09%,507226
495,"CRK","Comstock Resources, Inc.","Energy","Oil & Gas E&P","USA",3633.89,,15.39,-7.73%,4240190
496,"CRL","Charles River Laboratories International, Inc.","Healthcare","Diagnostics & Research","USA",10956.31,27.74,227.64,2.83%,884153
497,"CRM","Salesforce, Inc.","Technology","Software - Application","USA",186467.21,185.70,191.27,0.85%,3756743
498,"CRON","Cronos Group Inc.","Healthcare","Drug Manufacturers - Specialty & Generic","Canada",1535.85,,3.42,0.00%,1699634
499,"CROX","Crocs, Inc.","Consumer Cyclical","Footwear & Accessories","USA",3641.21,6.21,69.08,-10.73%,6345324
500,"CRSP","CRISPR Therapeutics AG","Healthcare","Biotechnology","Switzerland",6432.74,21.90,78.91,0.42%,1457613
501,"CRSR","Corsair Gaming, Inc.","Technology","Computer Hardware","USA",1423.39,31.66,15.48,-0.51%,607416
502,"CRWD","CrowdStrike Holdings, Inc.","Technology","Software - Infrastructure","USA",42329.20,,189.24,-3.11%,5021960
503,"CS","Credit Suisse Group AG","Financial","Banks - Diversified","Switzerland",14183.95,,5.53,2.03%,10486266
504,"CSCO","Cisco Systems, Inc.","Technology","Communication Equipment","USA",184893.55,15.92,45.38,-0.72%,15236246
505,"CSGP","CoStar Group, Inc.","Real Estate","Real Estate Services","USA",27696.43,87.06,72.87,0.48%,1133501
506,"CSIQ","Canadian Solar Inc.","Technology","Solar","Canada",2214.57,28.21,37.32,2.89%,823286
507,"CSTM","Constellium SE","Basic Materials","Aluminum","France",1974.04,8.13,13.85,-5.97%,1309046
508,"CSX","CSX Corporation","Industrials","Railroads","USA",69209.91,18.34,32.83,1.02%,10668749
509,"CTAS","Cintas Corporation","Industrials","Specialty Business Services","USA",41574.13,36.62,427.19,0.26%,503149
510,"CTIC","CTI BioPharma Corp.","Healthcare","Biotechnology","USA",793.22,,7.29,4.89%,4152385
511,"CTKB","Cytek Biosciences, Inc.","Healthcare","Medical Devices","USA",1945.05,,14.90,5.82%,659551
512,"CTLT","Catalent, Inc.","Healthcare","Drug Manufacturers - Specialty & Generic","USA",18966.68,39.38,109.40,0.60%,1059813
513,"CTRA","Coterra Energy Inc.","Energy","Oil & Gas E&P","USA",21688.50,12.87,27.39,-4.50%,9837247
514,"CTRE","CareTrust REIT, Inc.","Real Estate","REIT - Healthcare Facilities","USA",1968.99,258.02,20.90,-2.02%,724219
515,"CTSH","Cognizant Technology Solutions Corporation","Technology","Information Technology Services","USA",36833.64,15.96,68.74,0.01%,3467979
516,"CTT","CatchMark Timber Trust, Inc.","Real Estate","REIT - Specialty","USA",513.91,8.40,10.74,-2.36%,293422
517,"CTVA","Corteva, Inc.","Basic Materials","Agricultural Inputs","USA",39310.01,22.96,55.22,-0.86%,3216410
518,"CTXS","Citrix Systems, Inc.","Technology","Software - Application","USA",12969.30,39.28,102.00,0.12%,390122
519,"CUBE","CubeSmart","Real Estate","REIT - Industrial","USA",9912.65,43.69,45.96,0.97%,1492660
520,"CUK","Carnival Corporation & plc","Consumer Cyclical","Travel Services","USA",11807.18,,8.90,0.00%,2662946
521,"CUZ","Cousins Properties Incorporated","Real Estate","REIT - Office","USA",4244.82,15.64,29.11,-2.22%,649594
522,"CVAC","CureVac N.V.","Healthcare","Biotechnology","Germany",2658.21,,13.70,8.30%,347127
523,"CVBF","CVB Financial Corp.","Financial","Banks - Regional","USA",3609.22,16.61,25.96,-1.03%,449519
524,"CVE","Cenovus Energy Inc.","Energy","Oil & Gas Integrated","Canada",30518.52,10.08,16.10,-7.63%,14791092
525,"CVET","Covetrus, Inc.","Healthcare","Health Information Services","USA",2900.56,,20.80,0.05%,520476
526,"CVI","CVR Energy, Inc.","Energy","Oil & Gas Refining & Marketing","USA",3046.15,19.92,31.31,-7.97%,1831740
527,"CVII","Churchill Capital Corp VII","Financial","Shell Companies","USA",1690.46,,9.81,0.10%,2644673
528,"CVNA","Carvana Co.","Consumer Cyclical","Internet Retail","USA",5721.59,,33.54,-3.90%,14031987
529,"CVS","CVS Health Corporation","Healthcare","Healthcare Plans","USA",133848.02,16.93,101.87,0.48%,7500008
530,"CVT","Cvent Holding Corp.","Technology","Software - Application","USA",2924.71,,6.33,4.11%,325018
531,"CVX","Chevron Corporation","Energy","Oil & Gas Integrated","USA",270634.31,14.21,151.14,-2.72%,10629811
532,"CWEN","Clearway Energy, Inc.","Utilities","Utilities - Renewable","USA",3097.74,131.07,37.88,0.32%,956820
533,"CWH","Camping World Holdings, Inc.","Consumer Cyclical","Recreational Vehicles","USA",2372.31,5.25,29.51,-1.11%,1229738
534,"CWK","Cushman & Wakefield plc","Real Estate","Real Estate Services","United Kingdom",3630.12,12.11,16.61,0.24%,975359
535,"CX","CEMEX, S.A.B. de C.V.","Basic Materials","Building Materials","Mexico",6383.09,19.82,4.30,-0.23%,3805363
536,"CXM","Sprinklr, Inc.","Technology","Software - Application","USA",3212.73,,12.68,2.76%,310252
537,"CXW","CoreCivic, Inc.","Real Estate","REIT - Specialty","USA",1242.82,12.85,9.82,-5.39%,1475166
538,"CYH","Community Health Systems, Inc.","Healthcare","Medical Care Facilities","USA",772.63,,3.30,-5.71%,3659146
539,"CYTK","Cytokinetics, Incorporated","Healthcare","Biotechnology","USA",4376.73,,46.72,9.06%,2001217
540,"CYXT","Cyxtera Technologies, Inc.","Technology","Information Technology Services","USA",2185.68,,12.72,1.68%,245034
541,"CZOO","Cazoo Group Ltd","Technology","Software - Application","United Kingdom",726.75,,0.98,-2.55%,10124698
542,"CZR","Caesars Entertainment, Inc.","Consumer Cyclical","Resorts & Casinos","USA",9916.89,,48.18,-2.19%,3426716
543,"D","Dominion Energy, Inc.","Utilities","Utilities - Diversified","USA",64965.87,29.68,82.89,-0.37%,2975443
544,"DADA","Dada Nexus Limited","Consumer Cyclical","Internet Retail","China",2020.77,,6.82,7.74%,934703
545,"DAL","Delta Air Lines, Inc.","Industrials","Airlines","USA",21169.55,36.23,33.33,0.24%,7547881
546,"DAN","Dana Incorporated","Consumer Cyclical","Auto Parts","USA",2178.38,16.32,15.96,-0.62%,1375804
547,"DAR","Darling Ingredients Inc.","Consumer Defensive","Packaged Foods","USA",10567.78,17.34,71.68,-0.33%,1323969
548,"DASH","DoorDash, Inc.","Communication Services","Internet Content & Information","USA",33112.71,,81.36,2.34%,10067657
549,"DAVE","Dave Inc.","Technology","Software - Application","USA",312.45,,0.79,7.19%,7797690
550,"DAWN","Day One Biopharmaceuticals, Inc.","Healthcare","Biotechnology","USA",1539.27,,20.45,6.90%,526429
551,"DB","Deutsche Bank Aktiengesellschaft","Financial","Banks - Regional","Germany",17809.34,7.36,8.82,1.03%,4332292
552,"DBD","Diebold Nixdorf, Incorporated","Technology","Software - Application","USA",388.22,,4.67,0.00%,1961703
553,"DBI","Designer Brands Inc.","Consumer Cyclical","Apparel Retail","USA",1045.20,7.15,15.15,-0.98%,1097181
554,"DBRG","DigitalBridge Group, Inc.","Real Estate","REIT - Diversified","USA",3461.57,,5.45,-0.55%,3421542
555,"DBVT","DBV Technologies S.A.","Healthcare","Biotechnology","France",447.55,,2.54,1.60%,83862
556,"DBX","Dropbox, Inc.","Technology","Software - Infrastructure","USA",9105.88,20.81,23.99,1.05%,2445998
557,"DCGO","DocGo Inc.","Healthcare","Medical Care Facilities","USA",827.37,,8.37,0.84%,662017
558,"DCP","DCP Midstream, LP","Energy","Oil & Gas Midstream","USA",6873.74,19.09,32.84,-7.07%,508497
559,"DCPH","Deciphera Pharmaceuticals, Inc.","Healthcare","Biotechnology","USA",1180.73,,16.81,23.88%,1926781
560,"DCT","Duck Creek Technologies, Inc.","Technology","Software - Application","USA",1895.04,,14.00,-2.44%,520364
561,"DD","DuPont de Nemours, Inc.","Basic Materials","Chemicals","USA",28908.98,21.44,58.57,0.72%,2843655
562,"DDD","3D Systems Corporation","Technology","Computer Hardware","USA",1495.29,6.20,12.37,0.08%,1401131
563,"DDL","Dingdong (Cayman) Limited","Consumer Defensive","Grocery Stores","China",1218.87,,4.51,1.81%,1009777
564,"DDOG","Datadog, Inc.","Technology","Software - Application","USA",32094.03,36830.00,110.49,-1.72%,13680975
565,"DE","Deere & Company","Industrials","Farm & Heavy Construction Machinery","USA",99317.59,17.86,342.38,1.74%,1332404
566,"DEA","Easterly Government Properties, Inc.","Real Estate","REIT - Office","USA",1670.00,54.54,18.87,-1.41%,703149
567,"DEI","Douglas Emmett, Inc.","Real Estate","REIT - Office","USA",3743.21,49.44,22.05,-3.46%,1384536
568,"DELL","Dell Technologies Inc.","Technology","Computer Hardware","USA",32128.10,6.80,44.20,-0.56%,3148665
569,"DEN","Denbury Inc.","Energy","Oil & Gas E&P","USA",3241.58,38.46,72.73,1.71%,904466
570,"DENN","Denny's Corporation","Consumer Cyclical","Restaurants","USA",568.80,8.24,9.78,-3.26%,727320
571,"DFS","Discover Financial Services","Financial","Credit Services","USA",27765.15,6.66,102.36,-0.39%,1718759
572,"DG","Dollar General Corporation","Consumer Defensive","Discount Stores","USA",56125.90,25.77,251.28,-0.28%,1319140
573,"DGX","Quest Diagnostics Incorporated","Healthcare","Diagnostics & Research","USA",15829.05,11.48,138.04,0.08%,709876
574,"DH","Definitive Healthcare Corp.","Healthcare","Health Information Services","USA",4260.18,,29.33,0.14%,732845
575,"DHC","Diversified Healthcare Trust","Real Estate","REIT - Healthcare Facilities","USA",437.52,0.86,1.74,0.00%,3062498
576,"DHI","D.R. Horton, Inc.","Consumer Cyclical","Residential Construction","USA",26590.35,4.93,76.70,3.34%,2527082
577,"DHR","Danaher Corporation","Healthcare","Diagnostics & Research","USA",201958.72,34.03,288.95,0.15%,2055075
578,"DHT","DHT Holdings, Inc.","Energy","Oil & Gas Midstream","Bermuda",1231.44,,7.04,-1.40%,2522398
579,"DINO","HF Sinclair Corporation","Energy","Oil & Gas Refining & Marketing","USA",10060.34,13.38,45.37,-4.18%,1857670
580,"DIS","The Walt Disney Company","Communication Services","Entertainment","USA",192113.03,73.10,108.12,-0.83%,7302058
581,"DISH","DISH Network Corporation","Communication Services","Entertainment","USA",10803.56,5.51,19.16,5.16%,4412863
582,"DK","Delek US Holdings, Inc.","Energy","Oil & Gas Refining & Marketing","USA",1644.19,,24.29,-9.37%,2620335
583,"DKNG","DraftKings Inc.","Consumer Cyclical","Gambling","USA",7128.87,,16.36,-2.73%,25470250
584,"DKS","DICK'S Sporting Goods, Inc.","Consumer Cyclical","Specialty Retail","USA",7610.84,7.52,96.83,-0.77%,929651
585,"DLB","Dolby Laboratories, Inc.","Communication Services","Entertainment","USA",7790.49,37.78,78.32,-0.03%,467312
586,"DLO","DLocal Limited","Technology","Software - Infrastructure","Uruguay",8885.65,108.46,30.37,5.27%,1460805
587,"DLR","Digital Realty Trust, Inc.","Real Estate","REIT - Office","USA",35946.78,26.84,129.44,0.05%,1416064
588,"DLTR","Dollar Tree, Inc.","Consumer Defensive","Discount Stores","USA",35482.23,24.78,162.16,-1.77%,995232
589,"DM","Desktop Metal, Inc.","Technology","Computer Hardware","USA",765.64,,2.42,3.42%,3428302
590,"DNA","Ginkgo Bioworks Holdings, Inc.","Healthcare","Biotechnology","USA",4387.98,,3.01,-1.63%,12784032
591,"DNB","Dun & Bradstreet Holdings, Inc.","Technology","Information Technology Services","USA",6877.41,,16.32,0.31%,1748606
592,"DNLI","Denali Therapeutics Inc.","Healthcare","Biotechnology","USA",4445.54,,33.40,0.57%,588685
593,"DNMR","Danimer Scientific, Inc.","Basic Materials","Specialty Chemicals","USA",493.66,63.42,4.82,-0.21%,818734
594,"DNN","Denison Mines Corp.","Energy","Uranium","Canada",949.96,17.16,1.15,-3.36%,5149065
595,"DNOW","NOW Inc.","Energy","Oil & Gas Equipment & Services","USA",1207.13,27.69,11.27,-1.83%,1119796
596,"DNP","DNP Select Income Fund Inc.","Financial","Closed-End Fund - Equity","USA",3891.47,7.46,11.33,-0.26%,340588
597,"DNUT","Krispy Kreme, Inc.","Consumer Defensive","Grocery Stores","USA",2432.70,,14.47,-0.21%,703880
598,"DO","Diamond Offshore Drilling, Inc.","Energy","Oil & Gas Drilling","USA",630.02,,6.40,-4.76%,568463
599,"DOC","Physicians Realty Trust","Real Estate","REIT - Healthcare Facilities","USA",3814.28,48.12,17.42,0.46%,993026
600,"DOCN","DigitalOcean Holdings, Inc.","Technology","Software - Infrastructure","USA",4325.76,,44.19,-2.36%,1412422
601,"DOCS","Doximity, Inc.","Healthcare","Health Information Services","USA",7633.50,63.78,40.31,-4.00%,3786463
602,"DOCU","DocuSign, Inc.","Technology","Software - Application","USA",14298.51,,71.19,0.10%,1937326
603,"DOLE","Dole plc","Consumer Defensive","Farm Products","Ireland",852.97,,8.99,-1.21%,292662
604,"DOV","Dover Corporation","Industrials","Specialty Industrial Machinery","USA",18505.99,16.84,132.46,-0.53%,775556
605,"DOW","Dow Inc.","Basic Materials","Chemicals","USA",35952.03,5.71,50.99,-0.97%,6962336
606,"DOX","Amdocs Limited","Technology","Software - Infrastructure","USA",10722.77,19.57,87.54,2.12%,1030545
607,"DOYU","DouYu International Holdings Limited","Communication Services","Internet Content & Information","China",377.99,,1.17,-0.85%,552368
608,"DPZ","Domino's Pizza, Inc.","Consumer Cyclical","Restaurants","USA",14076.50,30.46,391.34,0.11%,596993
609,"DQ","Daqo New Energy Corp.","Technology","Semiconductor Equipment & Materials","China",4958.04,4.26,66.82,6.89%,1393627
610,"DRE","Duke Realty Corporation","Real Estate","REIT - Industrial","USA",22791.31,24.90,61.75,0.10%,1093831
611,"DRH","DiamondRock Hospitality Company","Real Estate","REIT - Hotel & Motel","USA",1893.83,,9.24,0.33%,1377923
612,"DRI","Darden Restaurants, Inc.","Consumer Cyclical","Restaurants","USA",15211.83,16.96,125.78,-0.86%,799672
613,"DSEY","Diversey Holdings, Ltd.","Consumer Cyclical","Personal Services","USA",2172.12,,6.80,-10.64%,1215412
614,"DSX","Diana Shipping Inc.","Industrials","Marine Shipping","Greece",489.53,6.52,6.21,0.81%,3739358
615,"DT","Dynatrace, Inc.","Technology","Software - Application","USA",11731.08,226.33,40.74,0.77%,2843594
616,"DTC","Solo Brands, Inc.","Consumer Cyclical","Internet Retail","USA",404.59,,4.90,-8.92%,447006
617,"DTE","DTE Energy Company","Utilities","Utilities - Regulated Electric","USA",24290.70,31.68,129.00,-1.09%,787799
618,"DTM","DT Midstream, Inc.","Energy","Oil & Gas Midstream","USA",4988.07,16.56,52.98,-3.37%,522632
619,"DUK","Duke Energy Corporation","Utilities","Utilities - Regulated Electric","USA",81860.78,23.06,109.73,-0.98%,2961659
620,"DUOL","Duolingo, Inc.","Technology","Software - Application","USA",4110.02,,98.68,-5.63%,791671
621,"DV","DoubleVerify Holdings, Inc.","Technology","Software - Application","USA",4172.93,171.22,25.17,5.45%,2528432
622,"DVA","DaVita Inc.","Healthcare","Medical Care Facilities","USA",8334.79,10.15,85.31,0.60%,647064
623,"DVAX","Dynavax Technologies Corporation","Healthcare","Biotechnology","USA",1852.87,27.58,14.34,1.49%,2175725
624,"DVN","Devon Energy Corporation","Energy","Oil & Gas E&P","USA",34092.21,10.21,54.49,-3.90%,15326919
625,"DWAC","Digital World Acquisition Corp.","Financial","Shell Companies","USA",1182.13,,31.65,2.23%,819346
626,"DX","Dynex Capital, Inc.","Real Estate","REIT - Mortgage","USA",701.74,3.65,16.35,-1.33%,907096
627,"DXC","DXC Technology Company","Technology","Information Technology Services","USA",6022.61,9.19,26.15,-17.04%,8567997
628,"DXCM","DexCom, Inc.","Healthcare","Diagnostics & Research","USA",36737.37,175.23,89.54,-0.94%,2258433
629,"E","Eni S.p.A.","Energy","Oil & Gas Integrated","Italy",38783.01,4.71,23.05,-0.04%,566200
630,"EA","Electronic Arts Inc.","Communication Services","Electronic Gaming & Multimedia","USA",37484.41,48.38,133.24,-0.03%,1666338
631,"EAF","GrafTech International Ltd.","Industrials","Electrical Equipment & Parts","USA",1972.57,4.90,7.67,-1.16%,2660664
632,"EAT","Brinker International, Inc.","Consumer Cyclical","Restaurants","USA",1088.24,8.68,28.31,-4.03%,823058
633,"EB","Eventbrite, Inc.","Technology","Software - Application","USA",932.19,,8.18,-1.45%,1232156
634,"EBAY","eBay Inc.","Consumer Cyclical","Internet Retail","USA",26000.59,,47.87,-5.17%,10600296
635,"EBC","Eastern Bankshares, Inc.","Financial","Banks - Regional","USA",3615.76,21.94,20.27,-0.93%,415299
636,"EBIX","Ebix, Inc.","Technology","Software - Application","USA",691.77,11.17,23.92,-2.69%,223997
637,"EBR","Centrais Eletricas Brasileiras S.A.","Utilities","Utilities - Regulated Electric","Brazil",14591.05,11.91,9.30,3.79%,2205350
638,"EBS","Emergent BioSolutions Inc.","Healthcare","Drug Manufacturers - Specialty & Generic","USA",1686.76,11.13,32.74,6.58%,1009302
639,"EC","Ecopetrol S.A.","Energy","Oil & Gas Integrated","Colombia",20003.92,4.51,10.16,-3.97%,1939404
640,"ECL","Ecolab Inc.","Basic Materials","Specialty Chemicals","USA",46345.93,43.50,166.82,-0.13%,739417
641,"ED","Consolidated Edison, Inc.","Utilities","Utilities - Regulated Electric","USA",33274.29,22.52,97.43,-0.68%,1818611
642,"EDIT","Editas Medicine, Inc.","Healthcare","Biotechnology","USA",1391.25,,19.15,2.46%,1853139
643,"EDR","Endeavor Group Holdings, Inc.","Communication Services","Entertainment","USA",10737.14,716.97,23.66,0.94%,1237086
644,"EDU","New Oriental Education & Technology Group Inc.","Consumer Defensive","Education & Training Services","China",4323.44,,27.13,1.95%,1467162
645,"EE","Excelerate Energy, Inc.","Utilities","Utilities - Regulated Electric","USA",2475.80,154.86,22.61,-4.24%,434564
646,"EFC","Ellington Financial Inc.","Financial","Mortgage Finance","USA",951.69,10.07,15.78,-0.94%,447721
647,"EFX","Equifax Inc.","Industrials","Consulting Services","USA",24850.95,35.23,213.79,0.37%,605755
648,"EGHT","8x8, Inc.","Technology","Software - Application","USA",564.93,,4.36,-22.28%,8279839
649,"EGIO","Edgio, Inc.","Technology","Software - Infrastructure","USA",358.80,,2.76,1.47%,833167
650,"EGO","Eldorado Gold Corporation","Basic Materials","Gold","Canada",1042.66,,6.08,4.47%,1769772
651,"EHAB","Enhabit, Inc.","Healthcare","Medical Care Facilities","USA",645.41,5.50,12.45,-7.78%,2468608
652,"EHC","Encompass Health Corporation","Healthcare","Medical Care Facilities","USA",5152.71,13.50,52.87,-0.90%,1733923
653,"EIX","Edison International","Utilities","Utilities - Regulated Electric","USA",24584.81,44.89,68.95,-0.51%,1466458
654,"EL","The Estee Lauder Companies Inc.","Consumer Defensive","Household & Personal Products","USA",94204.49,29.87,273.31,1.39%,844025
655,"ELAN","Elanco Animal Health Incorporated","Healthcare","Drug Manufacturers - Specialty & Generic","USA",9159.65,,19.02,-1.30%,6556767
656,"ELF","e.l.f. Beauty, Inc.","Consumer Defensive","Household & Personal Products","USA",1850.25,89.11,36.18,6.82%,1976979
657,"ELP","Companhia Paranaense de Energia - COPEL","Utilities","Utilities - Diversified","Brazil",3419.23,25.41,6.58,3.46%,325636
658,"ELS","Equity LifeStyle Properties, Inc.","Real Estate","REIT - Residential","USA",13312.61,51.04,73.75,1.11%,826400
659,"ELV","Elevance Health Inc.","Healthcare","Healthcare Plans","USA",111800.96,19.04,474.90,-0.97%,614964
660,"ELY","Callaway Golf Company","Consumer Cyclical","Leisure","USA",4123.94,34.28,23.24,-0.21%,2485804
661,"EMBC","Embecta Corp.","Healthcare","Drug Manufacturers - Specialty & Generic","USA",1618.53,,29.60,-0.90%,295402
662,"EMN","Eastman Chemical Company","Basic Materials","Chemicals","USA",11970.76,15.45,93.80,0.46%,935513
663,"EMR","Emerson Electric Co.","Industrials","Specialty Industrial Machinery","USA",51024.19,18.72,89.59,-0.26%,2079829
664,"ENB","Enbridge Inc.","Energy","Oil & Gas Midstream","Canada",86554.49,19.21,43.25,-2.06%,2970186
665,"ENIC","Enel Chile S.A.","Utilities","Utilities - Regulated Electric","Chile",2092.99,26.32,1.50,4.17%,473147
666,"ENLC","EnLink Midstream, LLC","Energy","Oil & Gas Midstream","USA",4377.46,65.47,9.10,-4.21%,2055113
667,"ENPH","Enphase Energy, Inc.","Technology","Solar","USA",35924.38,208.62,295.82,1.92%,2949710
668,"ENR","Energizer Holdings, Inc.","Industrials","Electrical Equipment & Parts","USA",2151.64,12.10,30.19,-1.08%,374749
669,"ENTG","Entegris, Inc.","Technology","Semiconductor Equipment & Materials","USA",15189.33,32.20,106.13,1.33%,998908
670,"ENV","Envestnet, Inc.","Technology","Software - Application","USA",3075.81,,57.74,-0.67%,318427
671,"ENVX","Enovix Corporation","Industrials","Electrical Equipment & Parts","USA",1794.41,,13.88,2.74%,1267978
672,"EOG","EOG Resources, Inc.","Energy","Oil & Gas E&P","USA",56873.44,13.32,99.82,-3.66%,5756874
673,"EOLS","Evolus, Inc.","Healthcare","Drug Manufacturers - Specialty & Generic","USA",510.18,,9.52,-0.63%,694576
674,"EPAM","EPAM Systems, Inc.","Technology","Information Technology Services","USA",22136.13,53.12,415.39,12.26%,1164483
675,"EPD","Enterprise Products Partners L.P.","Energy","Oil & Gas Midstream","USA",55619.76,12.44,25.72,-1.68%,5034864
676,"EPRT","Essential Properties Realty Trust, Inc.","Real Estate","REIT - Diversified","USA",3071.92,29.69,24.02,-1.03%,2517082
677,"EQC","Equity Commonwealth","Real Estate","REIT - Office","USA",2964.23,,26.70,-0.22%,498633
678,"EQH","Equitable Holdings, Inc.","Financial","Insurance - Diversified","USA",10446.06,7.48,28.51,0.39%,2986607
679,"EQIX","Equinix, Inc.","Real Estate","REIT - Specialty","USA",58798.92,99.22,697.00,0.12%,333032
680,"EQNR","Equinor ASA","Energy","Oil & Gas Integrated","Norway",108112.29,7.10,35.75,-3.61%,2018638
681,"EQR","Equity Residential","Real Estate","REIT - Residential","USA",27219.07,22.48,74.93,0.56%,2387624
682,"EQRX","EQRx, Inc.","Healthcare","Biotechnology","USA",2602.78,,5.55,6.12%,1342597
683,"EQT","EQT Corporation","Energy","Oil & Gas E&P","USA",15731.51,,41.25,-3.60%,5934017
684,"EQX","Equinox Gold Corp.","Basic Materials","Gold","Canada",1613.06,2.88,4.30,-0.69%,3854974
685,"ERF","Enerplus Corporation","Energy","Oil & Gas E&P","Canada",2787.45,11.95,12.15,-5.59%,3541229
686,"ERIC","Telefonaktiebolaget LM Ericsson (publ)","Technology","Communication Equipment","Sweden",25364.61,11.20,7.67,1.72%,2914361
687,"ERJ","Embraer S.A.","Industrials","Aerospace & Defense","Brazil",1842.68,221.30,10.18,6.60%,2024882
688,"ES","Eversource Energy","Utilities","Utilities - Regulated Electric","USA",30313.01,23.72,91.00,0.19%,1746937
689,"ESI","Element Solutions Inc","Basic Materials","Specialty Chemicals","USA",4793.45,30.25,19.63,-0.25%,738070
690,"ESMT","EngageSmart, Inc.","Technology","Software - Infrastructure","USA",3380.58,,21.00,0.24%,457480
691,"ESNT","Essent Group Ltd.","Financial","Mortgage Finance","Bermuda",4486.00,5.73,42.59,0.83%,309814
692,"ESPR","Esperion Therapeutics, Inc.","Healthcare","Biotechnology","USA",396.23,,5.92,2.60%,818059
693,"ESRT","Empire State Realty Trust, Inc.","Real Estate","REIT - Diversified","USA",1181.37,,7.82,-0.51%,1009111
694,"ESTC","Elastic N.V.","Technology","Software - Application","USA",7995.96,,86.79,0.07%,956059
695,"ESTE","Earthstone Energy, Inc.","Energy","Oil & Gas E&P","USA",1732.91,139.79,13.28,-2.35%,1672868
696,"ET","Energy Transfer LP","Energy","Oil & Gas Midstream","USA",33189.12,10.48,11.11,-1.24%,24455132
697,"ETN","Eaton Corporation plc","Industrials","Specialty Industrial Machinery","Ireland",56648.10,26.94,148.71,0.01%,1128906
698,"ETR","Entergy Corporation","Utilities","Utilities - Diversified","USA",23332.88,22.74,118.93,1.32%,1494998
699,"ETRN","Equitrans Midstream Corporation","Energy","Oil & Gas Midstream","USA",3396.68,,8.44,-2.65%,4752611
700,"ETSY","Etsy, Inc.","Consumer Cyclical","Internet Retail","USA",12795.98,39.17,109.33,0.76%,2602904
701,"ETWO","E2open Parent Holdings, Inc.","Technology","Software - Infrastructure","USA",2144.27,,7.22,0.14%,1166970
702,"EURN","Euronav NV","Energy","Oil & Gas Midstream","Belgium",2888.03,,14.32,-1.38%,1222477
703,"EVBG","Everbridge, Inc.","Technology","Software - Application","USA",1329.91,,31.74,-2.85%,539859
704,"EVGO","EVgo, Inc.","Consumer Cyclical","Specialty Retail","USA",2101.85,12.14,9.43,5.84%,2252563
705,"EVH","Evolent Health, Inc.","Healthcare","Health Information Services","USA",3231.02,,35.58,-2.52%,1451183
706,"EVLV","Evolv Technologies Holdings, Inc.","Industrials","Security & Protection Services","USA",440.54,53.77,3.28,2.18%,421133
707,"EVOP","EVO Payments, Inc.","Technology","Software - Infrastructure","USA",2711.98,777.67,33.44,0.06%,747192
708,"EVRG","Evergy, Inc.","Utilities","Utilities - Regulated Electric","USA",15233.21,19.37,68.24,-0.19%,1130765
709,"EVRI","Everi Holdings Inc.","Consumer Cyclical","Gambling","USA",1792.12,12.16,19.75,-0.15%,464141
710,"EVTL","Vertical Aerospace Ltd.","Industrials","Aerospace & Defense","United Kingdom",1664.80,,8.01,-2.20%,270694
711,"EW","Edwards Lifesciences Corporation","Healthcare","Medical Devices","USA",68478.58,45.37,104.85,1.35%,1849277
712,"EWBC","East West Bancorp, Inc.","Financial","Banks - Diversified","USA",9673.34,10.53,69.12,-2.23%,589550
713,"EWCZ","European Wax Center, Inc.","Consumer Defensive","Household & Personal Products","USA",1293.60,,22.00,0.09%,490218
714,"EXAS","Exact Sciences Corporation","Healthcare","Diagnostics & Research","USA",8917.70,,49.37,3.74%,1743298
715,"EXC","Exelon Corporation","Utilities","Utilities - Diversified","USA",42239.70,17.85,45.06,1.69%,6942211
716,"EXEL","Exelixis, Inc.","Healthcare","Biotechnology","USA",6998.23,23.23,21.44,0.19%,1268694
717,"EXG","Eaton Vance Tax-Managed Global Diversified Equity Income Fund","Financial","Closed-End Fund - Foreign","USA",2712.97,,8.91,0.45%,371568
718,"EXK","Endeavour Silver Corp.","Basic Materials","Silver","Canada",645.06,48.82,3.71,6.61%,2575451
719,"EXPD","Expeditors International of Washington, Inc.","Industrials","Integrated Freight & Logistics","USA",16442.70,11.99,103.55,0.75%,1252453
720,"EXPE","Expedia Group, Inc.","Consumer Cyclical","Travel Services","USA",15709.16,81.50,102.20,-3.27%,6969816
721,"EXPI","eXp World Holdings, Inc.","Real Estate","Real Estate Services","USA",2158.27,27.95,15.15,-2.32%,1115614
722,"EXR","Extra Space Storage Inc.","Real Estate","REIT - Industrial","USA",25040.81,31.62,195.25,0.47%,644927
723,"EXTR","Extreme Networks, Inc.","Technology","Communication Equipment","USA",1552.89,41.27,13.70,0.37%,1200213
724,"EYE","National Vision Holdings, Inc.","Consumer Cyclical","Specialty Retail","USA",2510.67,23.24,30.51,-1.10%,630705
725,"F","Ford Motor Company","Consumer Cyclical","Auto Manufacturers","USA",55475.09,5.35,15.37,-2.04%,84670619
726,"FA","First Advantage Corporation","Industrials","Specialty Business Services","USA",2106.65,43.68,14.02,-1.61%,585070
727,"FAF","First American Financial Corporation","Financial","Insurance - Specialty","USA",5813.56,6.72,55.22,-0.70%,557039
728,"FANG","Diamondback Energy, Inc.","Energy","Oil & Gas E&P","USA",19905.96,7.66,116.45,-4.06%,3198345
729,"FAST","Fastenal Company","Industrials","Industrial Distribution","USA",28248.10,29.28,52.29,0.91%,2525189
730,"FATE","Fate Therapeutics, Inc.","Healthcare","Biotechnology","USA",3417.42,,32.55,-0.79%,2188213
731,"FAX","Abrdn Asia-Pacific Income Fund Inc","Financial","Closed-End Fund - Debt","USA",705.93,3.96,2.85,0.00%,645517
732,"FAZE","FaZe Holdings Inc.","Communication Services","Internet Content & Information","USA",937.02,,13.89,10.85%,767533
733,"FBHS","Fortune Brands Home & Security, Inc.","Consumer Cyclical","Furnishings, Fixtures & Appliances","USA",8526.23,12.27,67.83,1.65%,788966
734,"FBP","First BanCorp.","Financial","Banks - Regional","USA",2830.49,9.81,14.81,-1.73%,1418277
735,"FBRT","Franklin BSP Realty Trust, Inc.","Real Estate","REIT - Mortgage","USA",1260.33,,15.02,0.07%,249838
736,"FCEL","FuelCell Energy, Inc.","Industrials","Electrical Equipment & Parts","USA",1434.73,,3.93,4.52%,18689342
737,"FCX","Freeport-McMoRan Inc.","Basic Materials","Copper","USA",38695.14,9.93,28.76,0.24%,12456159
738,"FDX","FedEx Corporation","Industrials","Integrated Freight & Logistics","USA",59912.74,16.35,236.10,1.25%,1081721
739,"FE","FirstEnergy Corp.","Utilities","Utilities - Diversified","USA",21188.11,16.30,38.75,-1.65%,4153391
740,"FERG","Ferguson plc","Industrials","Industrial Distribution","United Kingdom",24929.36,13.54,125.69,2.19%,190238
741,"FFIE","Faraday Future Intelligent Electric Inc.","Consumer Cyclical","Auto Manufacturers","USA",905.46,,2.77,-6.73%,26208564
742,"FFIV","F5, Inc.","Technology","Software - Infrastructure","USA",10095.57,30.84,172.25,0.36%,553177
743,"FGEN","FibroGen, Inc.","Healthcare","Biotechnology","USA",1313.95,,13.95,9.76%,819296
744,"FHB","First Hawaiian, Inc.","Financial","Banks - Regional","USA",3145.93,12.43,25.61,-0.66%,393414
745,"FHI","Federated Hermes, Inc.","Financial","Asset Management","USA",3170.20,13.04,34.18,-0.38%,378698
746,"FHN","First Horizon Corporation","Financial","Banks - Regional","USA",12324.19,13.60,22.87,0.18%,2728315
747,"FIBK","First Interstate BancSystem, Inc.","Financial","Banks - Regional","USA",4276.54,22.01,40.02,-1.38%,308935
748,"FIGS","FIGS, Inc.","Consumer Cyclical","Apparel Manufacturing","USA",1679.63,,11.04,-3.24%,4838212
749,"FINV","FinVolution Group","Financial","Credit Services","China",1380.95,3.74,4.59,1.10%,641781
750,"FIS","Fidelity National Information Services, Inc.","Technology","Information Technology Services","USA",56828.55,65.69,96.57,-7.26%,8661987
751,"FISV","Fiserv, Inc.","Technology","Information Technology Services","USA",67430.45,34.66,106.66,-1.40%,4690614
752,"FITB","Fifth Third Bancorp","Financial","Banks - Regional","USA",22926.85,10.21,33.79,-1.52%,2591128
753,"FIVE","Five Below, Inc.","Consumer Cyclical","Specialty Retail","USA",7141.96,29.55,137.61,-1.13%,951812
754,"FIVN","Five9, Inc.","Technology","Software - Infrastructure","USA",7100.58,,115.72,-0.07%,879413
755,"FL","Foot Locker, Inc.","Consumer Cyclical","Footwear & Accessories","USA",2575.14,3.56,28.42,-0.63%,1376913
756,"FLEX","Flex Ltd.","Technology","Electronic Components","Singapore",7211.55,8.80,16.95,0.65%,4041132
757,"FLNC","Fluence Energy, Inc.","Utilities","Utilities - Renewable","USA",2007.70,,15.99,10.81%,1009443
758,"FLNG","FLEX LNG Ltd.","Energy","Oil & Gas Midstream","Bermuda",1611.98,13.72,30.34,-6.50%,705919
759,"FLO","Flowers Foods, Inc.","Consumer Defensive","Packaged Foods","USA",5706.15,26.77,27.63,-1.14%,778730
760,"FLR","Fluor Corporation","Industrials","Engineering & Construction","USA",3551.68,,25.40,0.83%,1714628
761,"FLS","Flowserve Corporation","Industrials","Specialty Industrial Machinery","USA",4095.99,46.48,33.84,0.59%,609822
762,"FLT","FLEETCOR Technologies, Inc.","Technology","Information Technology Services","USA",17343.49,21.03,223.01,-1.23%,536357
763,"FLWS","1-800-FLOWERS.COM, Inc.","Consumer Cyclical","Specialty Retail","USA",684.36,10.97,10.73,-1.83%,245696
764,"FLYW","Flywire Corporation","Technology","Information Technology Services","USA",2536.77,,24.66,-0.80%,439690
765,"FMC","FMC Corporation","Basic Materials","Agricultural Inputs","USA",13194.74,16.29,106.05,-2.74%,976004
766,"FMS","Fresenius Medical Care AG & Co. KGaA","Healthcare","Medical Care Facilities","Germany",10805.62,10.42,18.44,-0.38%,563199
767,"FMTX","Forma Therapeutics Holdings, Inc.","Healthcare","Biotechnology","USA",488.56,,9.84,9.09%,276863
768,"FMX","Fomento Economico Mexicano, S.A.B. de C.V.","Consumer Defensive","Beverages - Brewers","Mexico",20344.11,14.63,60.64,1.74%,576654
769,"FNB","F.N.B. Corporation","Financial","Banks - Regional","USA",4114.36,10.85,11.83,-0.67%,1165094
770,"FND","Floor & Decor Holdings, Inc.","Consumer Cyclical","Home Improvement Retail","USA",7957.61,31.61,81.86,-2.17%,2098925
771,"FNF","Fidelity National Financial, Inc.","Financial","Insurance - Specialty","USA",10599.51,5.03,38.69,1.36%,1508383
772,"FNKO","Funko, Inc.","Consumer Cyclical","Leisure","USA",1233.88,23.54,26.69,-1.07%,1028015
773,"FNV","Franco-Nevada Corporation","Basic Materials","Gold","Canada",31130.91,25.97,129.19,3.78%,661847
774,"FOLD","Amicus Therapeutics, Inc.","Healthcare","Biotechnology","USA",3271.17,,10.94,5.50%,7487831
775,"FOSL","Fossil Group, Inc.","Consumer Cyclical","Luxury Goods","USA",346.24,12.40,6.57,1.23%,225011
776,"FOUR","Shift4 Payments, Inc.","Technology","Software - Infrastructure","USA",3445.96,,43.15,6.54%,3286517
777,"FOX","Fox Corporation","Communication Services","Broadcasting","USA",18305.72,10.54,31.19,-0.32%,615317
778,"FOXA","Fox Corporation","Communication Services","Broadcasting","USA",18909.58,16.81,33.53,-0.12%,1443674
779,"FPI","Farmland Partners Inc.","Real Estate","REIT - Specialty","USA",726.67,946.00,14.19,-4.44%,518019
780,"FR","First Industrial Realty Trust, Inc.","Real Estate","REIT - Industrial","USA",6697.20,22.28,52.56,0.02%,665422
781,"FRC","First Republic Bank","Financial","Banks - Regional","USA",28310.04,20.10,162.44,-0.31%,1009965
782,"FREY","FREYR Battery","Industrials","Electrical Equipment & Parts","Luxembourg",1150.19,,11.05,3.08%,1081256
783,"FRGE","Forge Global Holdings, Inc.","Technology","Software - Application","USA",1039.15,33.43,6.05,32.97%,22630711
784,"FRO","Frontline Ltd.","Energy","Oil & Gas Midstream","Bermuda",2250.14,,10.24,-0.68%,3728851
785,"FROG","JFrog Ltd.","Technology","Software - Application","USA",2422.71,,24.80,2.18%,1233126
786,"FRPT","Freshpet, Inc.","Consumer Defensive","Packaged Foods","USA",2377.36,,53.75,-1.79%,384852
787,"FRSH","Freshworks Inc.","Technology","Software - Application","USA",4172.63,,15.40,1.85%,2263502
788,"FRT","Federal Realty Investment Trust","Real Estate","REIT - Retail","USA",8095.43,31.90,105.04,0.84%,792993
789,"FSK","FS KKR Capital Corp.","Financial","Asset Management","USA",6215.11,2.53,21.81,-0.09%,644153
790,"FSLR","First Solar, Inc.","Technology","Solar","USA",8181.52,49.22,99.17,1.31%,1772423
791,"FSLY","Fastly, Inc.","Technology","Software - Application","USA",1366.79,,11.58,-12.34%,7157657
792,"FSM","Fortuna Silver Mines Inc.","Basic Materials","Silver","Canada",839.91,10.18,2.88,6.67%,5985455
793,"FSP","Franklin Street Properties Corp.","Real Estate","REIT - Office","USA",344.43,3.80,3.42,-3.93%,789990
794,"FSR","Fisker Inc.","Consumer Cyclical","Auto Manufacturers","USA",2924.05,,10.38,-0.29%,11397710
795,"FTAI","Fortress Transportation and Infrastructure Investors LLC","Industrials","Rental & Leasing Services","USA",1696.67,,18.23,-2.62%,1114658
796,"FTCH","Farfetch Limited","Consumer Cyclical","Internet Retail","United Kingdom",3533.80,2.46,9.03,-2.59%,6233117
797,"FTCI","FTC Solar, Inc.","Technology","Solar","USA",407.43,,4.95,0.81%,591389
798,"FTDR","Frontdoor, Inc.","Consumer Cyclical","Personal Services","USA",2004.55,17.34,25.06,-4.35%,2027884
799,"FTI","TechnipFMC plc","Energy","Oil & Gas Equipment & Services","United Kingdom",2966.99,,7.97,-2.80%,8562087
800,"FTNT","Fortinet, Inc.","Technology","Software - Infrastructure","USA",41008.97,68.68,52.61,-16.33%,19661026
801,"FTS","Fortis Inc.","Utilities","Utilities - Regulated Electric","Canada",28384.27,17.66,46.71,0.41%,633668
802,"FTV","Fortive Corporation","Technology","Scientific & Technical Instruments","USA",21705.04,36.18,65.59,0.47%,1695251
803,"FUBO","fuboTV Inc.","Communication Services","Broadcasting","USA",543.12,,2.97,1.71%,15356386
804,"FULC","Fulcrum Therapeutics, Inc.","Healthcare","Biotechnology","USA",309.39,,7.17,13.63%,470225
805,"FULT","Fulton Financial Corporation","Financial","Banks - Regional","USA",2587.55,10.16,16.35,-0.37%,1168671
806,"FUTU","Futu Holdings Limited","Financial","Capital Markets","Hong Kong",6458.54,22.95,42.34,0.57%,2022311
807,"FVRR","Fiverr International Ltd.","Consumer Cyclical","Internet Retail","Israel",1606.78,,40.24,8.55%,3538635
808,"FWONK","Formula One Group","Communication Services","Broadcasting","USA",13616.14,16697.50,66.79,0.29%,1008172
809,"FYBR","Frontier Communications Parent, Inc.","Communication Services","Telecom Services","USA",6258.46,1.28,26.00,-1.70%,960867
810,"G","Genpact Limited","Technology","Information Technology Services","Bermuda",8668.29,24.83,48.41,0.12%,1174823
811,"GAB","The Gabelli Equity Trust Inc.","Financial","Closed-End Fund - Equity","USA",1654.86,2.38,6.28,-1.26%,283394
812,"GBDC","Golub Capital BDC, Inc.","Financial","Asset Management","USA",2368.53,8.40,14.09,-0.14%,396794
813,"GBT","Global Blood Therapeutics, Inc.","Healthcare","Biotechnology","USA",3248.92,,47.99,41.44%,8853178
814,"GBTG","Global Business Travel Group, Inc.","Technology","Software - Application","USA",2682.99,,6.75,-1.03%,81181
815,"GCI","Gannett Co., Inc.","Communication Services","Publishing","USA",333.78,2300.00,2.30,-28.35%,7524326
816,"GCP","GCP Applied Technologies Inc.","Basic Materials","Specialty Chemicals","USA",2348.53,142.48,31.63,0.22%,263952
817,"GD","General Dynamics Corporation","Industrials","Aerospace & Defense","USA",60954.27,19.40,229.16,-0.65%,895009
818,"GDDY","GoDaddy Inc.","Technology","Software - Infrastructure","USA",12289.14,43.71,77.49,2.54%,1096052
819,"GDRX","GoodRx Holdings, Inc.","Healthcare","Health Information Services","USA",2670.84,,6.62,1.85%,1812355
820,"GDS","GDS Holdings Limited","Technology","Software - Infrastructure","China",5527.99,,29.21,0.34%,569222
821,"GE","General Electric Company","Industrials","Specialty Industrial Machinery","USA",78236.06,,73.67,-1.43%,4320325
822,"GEL","Genesis Energy, L.P.","Energy","Oil & Gas Midstream","USA",999.97,,9.37,-4.97%,680463
823,"GENI","Genius Sports Limited","Communication Services","Internet Content & Information","United Kingdom",673.43,,3.42,3.01%,967154
824,"GEO","The GEO Group, Inc.","Real Estate","REIT - Healthcare Facilities","USA",908.49,12.96,6.96,-1.83%,1123599
825,"GERN","Geron Corporation","Healthcare","Biotechnology","USA",962.77,,2.46,20.59%,13631127
826,"GES","Guess', Inc.","Consumer Cyclical","Apparel Retail","USA",1134.71,7.75,19.43,1.04%,346654
827,"GETY","Getty Images Holdings, Inc.","Communication Services","Internet Content & Information","USA",1063.26,,24.93,-15.32%,856037
828,"GEVO","Gevo, Inc.","Basic Materials","Specialty Chemicals","USA",538.40,,3.03,-0.98%,7688275
829,"GFF","Griffon Corporation","Industrials","Tools & Accessories","USA",1611.22,12.06,30.62,3.03%,386832
830,"GFI","Gold Fields Limited","Basic Materials","Gold","South Africa",8267.12,10.46,9.24,3.94%,6592396
831,"GFL","GFL Environmental Inc.","Industrials","Waste Management","Canada",12400.76,,28.48,-0.07%,849800
832,"GFS","GLOBALFOUNDRIES Inc.","Technology","Semiconductors","USA",26669.13,,53.63,-0.85%,2528433
833,"GGAL","Grupo Financiero Galicia S.A.","Financial","Banks - Regional","Argentina",2020.70,4.24,7.64,-2.30%,1089192
834,"GGB","Gerdau S.A.","Basic Materials","Steel","Brazil",7061.43,2.57,4.64,4.50%,17975969
835,"GGG","Graco Inc.","Industrials","Specialty Industrial Machinery","USA",10822.51,26.52,67.30,0.18%,466409
836,"GGN","GAMCO Global Gold, Natural Resources & Income Trust","Financial","Asset Management","USA",537.59,9.31,3.49,0.29%,555287
837,"GGR","Gogoro Inc.","Consumer Cyclical","Auto Parts","Taiwan",1284.35,,5.45,-7.47%,330066
838,"GH","Guardant Health, Inc.","Healthcare","Diagnostics & Research","USA",5214.25,,51.09,-1.90%,1005829
839,"GIII","G-III Apparel Group, Ltd.","Consumer Cyclical","Apparel Retail","USA",1072.18,5.43,22.52,-0.71%,261469
840,"GIL","Gildan Activewear Inc.","Consumer Cyclical","Apparel Manufacturing","Canada",5471.16,9.25,30.97,5.02%,1280315
841,"GILD","Gilead Sciences, Inc.","Healthcare","Drug Manufacturers - General","USA",79149.46,17.29,61.91,-0.58%,5515520
842,"GIS","General Mills, Inc.","Consumer Defensive","Packaged Foods","USA",44512.24,17.08,75.52,-0.11%,2621246
843,"GL","Globe Life Inc.","Financial","Insurance - Life","USA",9693.82,13.90,97.72,-1.27%,290268
844,"GLBE","Global-E Online Ltd.","Consumer Cyclical","Internet Retail","Israel",4235.15,,26.82,1.94%,1266829
845,"GLNG","Golar LNG Limited","Energy","Oil & Gas Midstream","Bermuda",2442.53,6.45,21.82,-3.11%,663618
846,"GLPI","Gaming and Leisure Properties, Inc.","Real Estate","REIT - Specialty","USA",12799.71,22.98,50.48,-0.88%,1610638
847,"GLW","Corning Incorporated","Technology","Electronic Components","USA",29405.10,15.69,36.49,-0.03%,3159972
848,"GM","General Motors Company","Consumer Cyclical","Auto Manufacturers","USA",50523.10,6.89,36.23,-2.89%,16852919
849,"GMAB","Genmab A/S","Healthcare","Biotechnology","Denmark",23626.16,73.04,36.01,1.64%,492801
850,"GME","GameStop Corp.","Consumer Cyclical","Specialty Retail","USA",11602.37,,38.36,1.13%,5386423
851,"GMED","Globus Medical, Inc.","Healthcare","Medical Devices","USA",6104.51,43.11,58.85,-1.42%,1146563
852,"GNK","Genco Shipping & Trading Limited","Industrials","Marine Shipping","USA",743.30,3.37,17.51,-7.40%,1919376
853,"GNL","Global Net Lease, Inc.","Real Estate","REIT - Office","USA",1484.41,,14.43,-2.57%,462865
854,"GNRC","Generac Holdings Inc.","Industrials","Specialty Industrial Machinery","USA",14206.17,32.27,243.59,-2.17%,1262537
855,"GNTX","Gentex Corporation","Consumer Cyclical","Auto Parts","USA",6462.33,18.32,27.67,-2.05%,1228202
856,"GNW","Genworth Financial, Inc.","Financial","Insurance - Life","USA",2108.79,2.50,4.19,-1.18%,3703647
857,"GO","Grocery Outlet Holding Corp.","Consumer Defensive","Grocery Stores","USA",4369.21,79.71,44.08,0.36%,852060
858,"GOEV","Canoo Inc.","Consumer Cyclical","Auto Manufacturers","USA",1000.74,,3.57,-4.55%,6782469
859,"GOF","Guggenheim Strategic Opportunities Fund","Financial","Closed-End Fund - Debt","USA",947.23,,17.47,-0.11%,345807
860,"GOGL","Golden Ocean Group Limited","Industrials","Marine Shipping","Bermuda",2135.75,3.28,10.27,-2.38%,2954508
861,"GOGO","Gogo Inc.","Communication Services","Telecom Services","USA",2288.66,25.25,18.28,0.05%,556048
862,"GOL","Gol Linhas Aereas Inteligentes S.A.","Industrials","Airlines","Brazil",662.78,,3.85,13.24%,1688031
863,"GOLD","Barrick Gold Corporation","Basic Materials","Gold","Canada",27507.38,14.61,15.78,3.82%,27219444
864,"GOOG","Alphabet Inc.","Communication Services","Internet Content & Information","USA",1569578.54,20.60,118.87,0.08%,15730668
865,"GOOGL","Alphabet Inc.","Communication Services","Internet Content & Information","USA",1501845.09,22.72,118.19,0.09%,21563370
866,"GOOS","Canada Goose Holdings Inc.","Consumer Cyclical","Apparel Manufacturing","Canada",2502.89,22.70,20.11,0.15%,1051677
867,"GOSS","Gossamer Bio, Inc.","Healthcare","Biotechnology","USA",1051.77,,12.85,4.90%,1216756
868,"GOTU","Gaotu Techedu Inc.","Consumer Defensive","Education & Training Services","China",456.28,,1.67,3.09%,1670301
869,"GPC","Genuine Parts Company","Consumer Cyclical","Specialty Retail","USA",20303.52,19.42,149.93,-0.73%,847577
870,"GPK","Graphic Packaging Holding Company","Consumer Cyclical","Packaging & Containers","USA",6669.66,23.42,21.57,-1.55%,2542985
871,"GPN","Global Payments Inc.","Industrials","Specialty Business Services","USA",35614.49,36.82,128.60,-1.19%,2254413
872,"GPRE","Green Plains Inc.","Basic Materials","Specialty Chemicals","USA",1780.81,,36.68,-1.34%,1251583
873,"GPRO","GoPro, Inc.","Technology","Consumer Electronics","USA",1043.65,2.89,6.84,1.48%,3350405
874,"GPS","The Gap, Inc.","Consumer Cyclical","Apparel Retail","USA",3311.78,,9.75,-0.31%,4168537
875,"GRAB","Grab Holdings Limited","Financial","Asset Management","Singapore",13805.09,,3.62,9.70%,25238737
876,"GRBK","Green Brick Partners, Inc.","Consumer Cyclical","Residential Construction","USA",1384.49,6.65,29.32,13.60%,1941102
877,"GRFS","Grifols, S.A.","Healthcare","Drug Manufacturers - General","Spain",8977.92,32.23,9.09,6.07%,1126272
878,"GRMN","Garmin Ltd.","Technology","Scientific & Technical Instruments","Switzerland",18078.22,18.64,97.81,-0.01%,547944
879,"GROV","Grove Collaborative Holdings, Inc.","Consumer Defensive","Household & Personal Products","USA",748.07,,4.51,6.87%,169934
880,"GRPN","Groupon, Inc.","Communication Services","Internet Content & Information","USA",370.56,6.72,12.46,-1.42%,396412
881,"GS","The Goldman Sachs Group, Inc.","Financial","Capital Markets","USA",110954.10,7.50,331.87,-0.39%,1531300
882,"GSAT","Globalstar, Inc.","Communication Services","Telecom Services","USA",2655.64,,1.53,-4.97%,4884884
883,"GSK","GSK plc","Healthcare","Drug Manufacturers - General","United Kingdom",82936.05,15.18,40.60,-0.54%,3250550
884,"GSL","Global Ship Lease, Inc.","Industrials","Marine Shipping","United Kingdom",674.83,3.02,19.09,-4.88%,1306898
885,"GSM","Ferroglobe PLC","Basic Materials","Other Industrial Metals & Mining","United Kingdom",1013.72,10.65,5.86,-0.17%,420071
886,"GT","The Goodyear Tire & Rubber Company","Consumer Cyclical","Auto Parts","USA",3278.88,4.18,12.57,-1.18%,4278833
887,"GTE","Gran Tierra Energy Inc.","Energy","Oil & Gas E&P","Canada",530.37,,1.15,-8.73%,5840344
888,"GTES","Gates Industrial Corporation plc","Industrials","Specialty Industrial Machinery","USA",3492.00,14.16,12.39,0.73%,515398
889,"GTHX","G1 Therapeutics, Inc.","Healthcare","Biotechnology","USA",443.10,,10.49,20.16%,3464855
890,"GTLB","GitLab Inc.","Technology","Software - Application","USA",8958.03,,63.33,0.97%,1327548
891,"GTN","Gray Television, Inc.","Communication Services","Broadcasting","USA",1906.86,30.58,19.63,0.36%,815852
892,"GWH","ESS Tech, Inc.","Industrials","Electrical Equipment & Parts","USA",568.22,,4.21,6.31%,704791
893,"GWRE","Guidewire Software, Inc.","Technology","Software - Application","USA",6520.26,,79.70,-0.33%,346337
894,"GXO","GXO Logistics, Inc.","Industrials","Specialty Business Services","USA",5691.90,33.85,51.66,-0.86%,1670352
895,"H","Hyatt Hotels Corporation","Consumer Cyclical","Lodging","USA",9484.28,611.86,85.66,1.21%,738735
896,"HA","Hawaiian Holdings, Inc.","Industrials","Airlines","USA",823.12,,16.28,1.62%,544124
897,"HAIN","The Hain Celestial Group, Inc.","Consumer Defensive","Packaged Foods","USA",2037.39,18.93,22.60,-2.75%,851787
898,"HAL","Halliburton Company","Energy","Oil & Gas Equipment & Services","USA",24386.20,17.09,27.27,-4.08%,11019147
899,"HALO","Halozyme Therapeutics, Inc.","Healthcare","Biotechnology","USA",6620.13,15.21,45.39,-4.40%,1864417
900,"HAS","Hasbro, Inc.","Consumer Cyclical","Leisure","USA",10887.21,20.34,78.91,-0.19%,601026
901,"HASI","Hannon Armstrong Sustainable Infrastructure Capital, Inc.","Real Estate","REIT - Specialty","USA",3013.39,28.30,38.12,0.95%,830237
902,"HAYW","Hayward Holdings, Inc.","Industrials","Electrical Equipment & Parts","USA",3099.83,10.98,11.65,-0.51%,3269388
903,"HBAN","Huntington Bancshares Incorporated","Financial","Banks - Regional","USA",18920.93,11.84,13.32,-0.52%,9957212
904,"HBI","Hanesbrands Inc.","Consumer Cyclical","Apparel Manufacturing","USA",3714.58,7.83,11.17,-0.62%,3573186
905,"HBM","Hudbay Minerals Inc.","Basic Materials","Copper","Canada",1082.42,,3.59,2.28%,1230960
906,"HCA","HCA Healthcare, Inc.","Healthcare","Medical Care Facilities","USA",60559.26,10.23,212.72,-1.73%,1088359
907,"HCAT","Health Catalyst, Inc.","Healthcare","Health Information Services","USA",940.91,,18.27,2.07%,885432
908,"HCC","Warrior Met Coal, Inc.","Basic Materials","Coking Coal","USA",1440.67,4.62,28.50,-9.58%,1850255
909,"HCM","HUTCHMED (China) Limited","Healthcare","Drug Manufacturers - General","Hong Kong",2172.21,,13.28,7.62%,240018
910,"HCP","HashiCorp, Inc.","Technology","Software - Infrastructure","USA",6642.32,,36.91,-6.56%,2799874
911,"HCSG","Healthcare Services Group, Inc.","Healthcare","Medical Care Facilities","USA",1028.05,35.03,14.01,-2.51%,470249
912,"HD","The Home Depot, Inc.","Consumer Cyclical","Home Improvement Retail","USA",313565.29,19.50,307.17,0.26%,2716313
913,"HDB","HDFC Bank Limited","Financial","Banks - Regional","India",114077.72,150.62,62.43,-1.05%,1383184
914,"HDSN","Hudson Technologies, Inc.","Basic Materials","Specialty Chemicals","USA",372.62,6.53,8.78,-5.59%,2162852
915,"HEPS","D-Market Elektronik Hizmetler ve Ticaret A.S.","Consumer Cyclical","Internet Retail","Turkey",384.68,,1.18,8.26%,1054777
916,"HES","Hess Corporation","Energy","Oil & Gas E&P","USA",29479.67,21.18,99.86,-5.49%,2695696
917,"HESM","Hess Midstream LP","Energy","Oil & Gas Midstream","USA",7328.52,14.83,28.29,-2.11%,475355
918,"HGV","Hilton Grand Vacations Inc.","Consumer Cyclical","Resorts & Casinos","USA",5147.78,20.87,42.66,0.73%,556696
919,"HIG","The Hartford Financial Services Group, Inc.","Financial","Insurance - Diversified","USA",20719.27,8.68,63.13,-0.50%,2076888
920,"HIMS","Hims & Hers Health, Inc.","Consumer Defensive","Household & Personal Products","USA",1244.68,,6.48,-0.61%,1742792
921,"HIMX","Himax Technologies, Inc.","Technology","Semiconductors","Taiwan",1235.59,2.53,7.02,-1.96%,1651760
922,"HIPO","Hippo Holdings Inc.","Financial","Insurance - Specialty","USA",470.00,,0.83,0.60%,2543314
923,"HIVE","HIVE Blockchain Technologies Ltd.","Financial","Capital Markets","Canada",444.13,0.47,4.92,-1.99%,1681876
924,"HIW","Highwoods Properties, Inc.","Real Estate","REIT - Office","USA",3384.92,12.06,33.14,-2.18%,897219
925,"HKD","AMTD Digital Inc.","Technology","Software - Application","Hong Kong",148035.99,860.22,800.00,-27.27%,89131
926,"HL","Hecla Mining Company","Basic Materials","Gold","USA",2419.72,148.12,4.74,7.48%,6732937
927,"HLF","Herbalife Nutrition Ltd.","Consumer Defensive","Packaged Foods","USA",2962.50,7.46,27.83,1.20%,1232064
928,"HLGN","Heliogen, Inc.","Utilities","Utilities - Renewable","USA",419.78,,2.55,-4.14%,822889
929,"HLIT","Harmonic Inc.","Technology","Communication Equipment","USA",1141.75,79.02,11.30,1.44%,1235912
930,"HLLY","Holley Inc.","Consumer Cyclical","Auto Parts","USA",1084.00,,6.04,0.33%,2866140
931,"HLMN","Hillman Solutions Corp.","Industrials","Tools & Accessories","USA",1719.21,,9.26,0.00%,1288925
932,"HLN","Haleon plc","Healthcare","Drug Manufacturers - Specialty & Generic","United Kingdom",34478.42,18.51,7.31,0.14%,8784240
933,"HLT","Hilton Worldwide Holdings Inc.","Consumer Cyclical","Lodging","USA",36275.95,38.04,131.05,0.06%,1357243
934,"HLTH","Cue Health Inc.","Healthcare","Health Information Services","USA",516.59,,3.70,3.06%,365520
935,"HLX","Helix Energy Solutions Group, Inc.","Energy","Oil & Gas Equipment & Services","USA",515.17,,3.80,-4.28%,2473693
936,"HMC","Honda Motor Co., Ltd.","Consumer Cyclical","Auto Manufacturers","Japan",44955.93,8.29,25.36,-1.78%,1434209
937,"HMY","Harmony Gold Mining Company Limited","Basic Materials","Gold","South Africa",1960.07,48.66,3.26,3.49%,6161415
938,"HNGR","Hanger, Inc.","Healthcare","Medical Care Facilities","USA",728.34,19.56,18.58,-0.21%,455302
939,"HNST","The Honest Company, Inc.","Consumer Cyclical","Specialty Retail","USA",315.81,,3.48,-1.97%,1077258
940,"HOG","Harley-Davidson, Inc.","Consumer Cyclical","Recreational Vehicles","USA",4961.61,9.06,37.11,-1.17%,1114410
941,"HOLX","Hologic, Inc.","Healthcare","Medical Instruments & Supplies","USA",17665.43,11.99,71.20,-1.47%,1022258
942,"HOMB","Home Bancshares, Inc. (Conway, AR)","Financial","Banks - Regional","USA",4748.33,17.19,23.64,-0.34%,550099
943,"HON","Honeywell International Inc.","Industrials","Specialty Industrial Machinery","USA",125010.95,26.24,192.44,0.49%,1699073
944,"HOOD","Robinhood Markets, Inc.","Technology","Software - Infrastructure","USA",9328.29,,10.88,5.53%,27827375
945,"HOPE","Hope Bancorp, Inc.","Financial","Banks - Regional","USA",1742.21,8.10,14.67,-0.74%,466414
946,"HOUS","Anywhere Real Estate Inc.","Real Estate","Real Estate Services","USA",1308.12,3.79,10.54,1.05%,1236344
947,"HP","Helmerich & Payne, Inc.","Energy","Oil & Gas Drilling","USA",3967.95,,39.07,-9.05%,1113868
948,"HPE","Hewlett Packard Enterprise Company","Technology","Communication Equipment","USA",18241.47,5.14,14.29,0.14%,7153012
949,"HPP","Hudson Pacific Properties, Inc.","Real Estate","REIT - Office","USA",1955.81,,14.15,-1.87%,1223510
950,"HPQ","HP Inc.","Technology","Computer Hardware","USA",33602.24,5.96,33.26,0.91%,6556251
951,"HQY","HealthEquity, Inc.","Healthcare","Health Information Services","USA",4885.37,,57.34,-2.63%,323499
952,"HR","Healthcare Realty Trust Incorporated","Real Estate","REIT - Healthcare Facilities","USA",9143.51,60.33,25.22,-0.39%,4285138
953,"HRB","H&R Block, Inc.","Consumer Cyclical","Personal Services","USA",6226.69,33.17,39.61,-0.58%,1081019
954,"HRL","Hormel Foods Corporation","Consumer Defensive","Packaged Foods","USA",26133.51,27.96,48.93,-0.85%,1149767
955,"HRMY","Harmony Biosciences Holdings, Inc.","Healthcare","Biotechnology","USA",3123.80,65.12,52.36,0.08%,401455
956,"HRTX","Heron Therapeutics, Inc.","Healthcare","Biotechnology","USA",311.02,,2.94,0.00%,2978943
957,"HSBC","HSBC Holdings plc","Financial","Banks - Diversified","United Kingdom",129892.71,11.46,32.71,-0.43%,2073517
958,"HSC","Harsco Corporation","Industrials","Specialty Industrial Machinery","USA",467.34,35.73,5.86,7.13%,961344
959,"HSIC","Henry Schein, Inc.","Healthcare","Medical Distribution","USA",10094.78,16.13,74.15,-0.52%,1256041
960,"HST","Host Hotels & Resorts, Inc.","Real Estate","REIT - Hotel & Motel","USA",12481.20,49.52,17.68,1.96%,11138436
961,"HSY","The Hershey Company","Consumer Defensive","Confectioners","USA",44333.99,31.46,225.24,-1.26%,648560
962,"HTGC","Hercules Capital, Inc.","Financial","Mortgage Finance","USA",1854.80,16.42,15.58,-1.08%,910981
963,"HTH","Hilltop Holdings Inc.","Financial","Banks - Regional","USA",1750.43,10.43,27.82,-2.08%,378579
964,"HTHT","Huazhu Group Limited","Consumer Cyclical","Lodging","China",13810.64,,39.76,3.09%,556056
965,"HTZ","Hertz Global Holdings, Inc.","Industrials","Rental & Leasing Services","USA",7162.16,7.62,21.37,-0.05%,3538557
966,"HUBS","HubSpot, Inc.","Technology","Software - Application","USA",16312.06,,355.46,1.51%,934202
967,"HUM","Humana Inc.","Healthcare","Healthcare Plans","USA",60279.21,19.58,479.93,-0.39%,410947
968,"HUN","Huntsman Corporation","Basic Materials","Chemicals","USA",6064.46,5.29,28.61,-0.59%,1765661
969,"HUT","Hut 8 Mining Corp.","Financial","Capital Markets","Canada",530.84,,2.30,-4.17%,12268972
970,"HUYA","HUYA Inc.","Communication Services","Entertainment","China",827.12,13.92,3.34,-0.30%,710806
971,"HWM","Howmet Aerospace Inc.","Industrials","Specialty Industrial Machinery","USA",14689.99,52.12,37.11,-0.32%,3053755
972,"HXL","Hexcel Corporation","Industrials","Aerospace & Defense","USA",4970.60,55.26,61.67,0.60%,391338
973,"HYLN","Hyliion Holdings Corp.","Consumer Cyclical","Auto Parts","USA",753.38,,4.53,2.26%,1435878
974,"HYZN","Hyzon Motors Inc.","Consumer Cyclical","Auto Manufacturers","USA",1002.30,,4.49,4.66%,1456147
975,"HZNP","Horizon Therapeutics Public Limited Company","Healthcare","Drug Manufacturers - General","Ireland",15225.75,18.35,67.00,0.06%,7717957
976,"IAA","IAA, Inc.","Industrials","Specialty Business Services","USA",4888.30,16.83,37.80,-0.11%,521531
977,"IAC","IAC/InterActiveCorp","Communication Services","Internet Content & Information","USA",6876.83,282.23,75.92,1.73%,512871
978,"IAG","IAMGOLD Corporation","Basic Materials","Gold","Canada",620.51,,1.49,-5.70%,13796796
979,"IAU","iShares Gold Trust","Financial","Exchange Traded Fund","USA",9931.70,,34.05,1.58%,5523602
980,"IBKR","Interactive Brokers Group, Inc.","Financial","Capital Markets","USA",24955.98,23.73,60.95,2.94%,2258164
981,"IBM","International Business Machines Corporation","Technology","Information Technology Services","USA",117376.81,20.85,131.64,-0.53%,3173528
982,"IBN","ICICI Bank Limited","Financial","Banks - Regional","India",71007.62,21.17,20.79,-1.05%,5183252
983,"IBRX","ImmunityBio, Inc.","Healthcare","Biotechnology","USA",1830.53,,4.23,1.93%,949038
984,"ICE","Intercontinental Exchange, Inc.","Financial","Financial Data & Stock Exchanges","USA",57345.03,14.92,107.44,4.29%,3800680
985,"ICL","ICL Group Ltd","Basic Materials","Agricultural Inputs","Israel",12305.15,21.73,9.56,-1.85%,907326
986,"ICPT","Intercept Pharmaceuticals, Inc.","Healthcare","Biotechnology","USA",528.34,,15.65,13.08%,1738644
987,"IDEX","Ideanomics, Inc.","Technology","Software - Application","USA",349.88,,0.72,-2.30%,2884519
988,"IDXX","IDEXX Laboratories, Inc.","Healthcare","Diagnostics & Research","USA",32899.77,47.54,405.02,-0.45%,475305
989,"IEA","Infrastructure and Energy Alternatives, Inc.","Industrials","Engineering & Construction","USA",678.81,,14.21,-0.28%,758431
990,"IEP","Icahn Enterprises L.P.","Industrials","Conglomerates","USA",15912.58,,53.15,-0.99%,418152
991,"IFF","International Flavors & Fragrances Inc.","Basic Materials","Specialty Chemicals","USA",31622.02,58.34,126.94,0.32%,874578
992,"IGT","International Game Technology PLC","Consumer Cyclical","Gambling","United Kingdom",4224.87,64.59,20.54,-1.63%,1626012
993,"IHRT","iHeartMedia, Inc.","Communication Services","Broadcasting","USA",1280.25,55.42,8.59,-5.08%,1034222
994,"IIVI","II-VI Incorporated","Technology","Scientific & Technical Instruments","USA",5618.75,30.03,53.40,0.32%,1163504
995,"ILMN","Illumina, Inc.","Healthcare","Diagnostics & Research","USA",33837.06,49.13,225.28,0.98%,862377
996,"ILPT","Industrial Logistics Properties Trust","Real Estate","REIT - Industrial","USA",594.24,,9.47,0.00%,506220
997,"IMAB","I-Mab","Healthcare","Biotechnology","China",763.64,,9.05,3.19%,320742
998,"IMAX","IMAX Corporation","Communication Services","Entertainment","Canada",1045.00,,17.44,1.63%,546490
999,"IMGN","ImmunoGen, Inc.","Healthcare","Biotechnology","USA",1349.12,,5.44,10.57%,2661940
1000,"IMO","Imperial Oil Limited","Energy","Oil & Gas Integrated","Canada",25094.10,74.47,41.85,-5.79%,1840327
1001,"INCY","Incyte Corporation","Healthcare","Biotechnology","USA",16543.62,17.12,71.91,-0.87%,1592020
1002,"INDI","indie Semiconductor, Inc.","Technology","Semiconductor Equipment & Materials","USA",1113.00,,7.65,0.79%,570700
1003,"INFA","Informatica Inc.","Technology","Software - Infrastructure","USA",5745.61,,23.34,2.06%,390961
1004,"INFN","Infinera Corporation","Technology","Communication Equipment","USA",1047.84,,5.09,-0.68%,25602192
1005,"INFY","Infosys Limited","Technology","Information Technology Services","India",82411.48,30.30,20.15,0.25%,8486522
1006,"ING","ING Groep N.V.","Financial","Banks - Diversified","Netherlands",34954.39,8.60,9.50,-2.46%,3132215
1007,"INMD","InMode Ltd.","Healthcare","Medical Devices","Israel",2725.22,18.55,37.24,2.56%,2584266
1008,"INN","Summit Hotel Properties, Inc.","Real Estate","REIT - Hotel & Motel","USA",858.43,,8.16,-0.24%,772691
1009,"INO","Inovio Pharmaceuticals, Inc.","Healthcare","Biotechnology","USA",561.81,,2.28,3.64%,6891018
1010,"INSM","Insmed Incorporated","Healthcare","Biotechnology","USA",3062.83,,25.06,15.17%,2570286
1011,"INSW","International Seaways, Inc.","Industrials","Marine Shipping","USA",1212.97,,24.24,-2.77%,519907
1012,"INT","World Fuel Services Corporation","Energy","Oil & Gas Refining & Marketing","USA",1422.47,21.28,27.24,-1.98%,457622
1013,"INTC","Intel Corporation","Technology","Semiconductors","USA",161354.72,7.65,35.66,-2.35%,53995117
1014,"INTU","Intuit Inc.","Technology","Software - Application","USA",124898.45,52.95,466.30,0.12%,1418134
1015,"INVA","Innoviva, Inc.","Healthcare","Biotechnology","USA",1021.16,11.13,14.31,0.42%,480576
1016,"INVH","Invitation Homes Inc.","Real Estate","REIT - Residential","USA",21923.45,65.72,37.92,0.66%,2182816
1017,"INVZ","Innoviz Technologies Ltd.","Consumer Cyclical","Auto Parts","Israel",642.05,,5.42,-0.91%,2814085
1018,"IONQ","IonQ, Inc.","Technology","Computer Hardware","USA",1160.21,,6.20,5.08%,3966488
1019,"IONS","Ionis Pharmaceuticals, Inc.","Healthcare","Biotechnology","USA",6315.15,,43.29,5.53%,1474729
1020,"IOT","Samsara Inc.","Technology","Software - Infrastructure","USA",7837.28,,16.00,2.70%,1201759
1021,"IOVA","Iovance Biotherapeutics, Inc.","Healthcare","Biotechnology","USA",2055.43,,12.54,4.15%,2694521
1022,"IP","International Paper Company","Consumer Cyclical","Packaging & Containers","USA",15463.85,12.24,41.87,-1.74%,2598551
1023,"IPG","The Interpublic Group of Companies, Inc.","Communication Services","Advertising Agencies","USA",11427.33,11.94,29.57,-1.50%,2727072
1024,"IPGP","IPG Photonics Corporation","Technology","Semiconductor Equipment & Materials","USA",5151.69,19.83,103.51,0.09%,229582
1025,"IPOF","Social Capital Hedosophia Holdings Corp. VI","Financial","Shell Companies","USA",1434.64,27.59,9.96,0.00%,1258845
1026,"IQ","iQIYI, Inc.","Communication Services","Internet Content & Information","China",3462.23,,3.90,-2.01%,8341489
1027,"IQV","IQVIA Holdings Inc.","Healthcare","Diagnostics & Research","USA",40953.26,39.14,234.34,0.48%,637747
1028,"IR","Ingersoll Rand Inc.","Industrials","Specialty Industrial Machinery","USA",19014.47,38.80,49.78,-0.22%,4846977
1029,"IRM","Iron Mountain Incorporated","Real Estate","REIT - Specialty","USA",13797.65,31.90,48.94,1.20%,2006215
1030,"IRT","Independence Realty Trust, Inc.","Real Estate","REIT - Residential","USA",4470.56,33.01,20.96,-0.38%,1344463
1031,"IRWD","Ironwood Pharmaceuticals, Inc.","Healthcare","Drug Manufacturers - Specialty & Generic","USA",1906.37,3.60,11.48,2.41%,2555132
1032,"IS","ironSource Ltd.","Technology","Software - Application","Israel",4640.20,77.46,4.57,0.44%,13814187
1033,"ISEE","IVERIC bio, Inc.","Healthcare","Biotechnology","USA",1452.45,,12.13,5.94%,2641302
1034,"ISRG","Intuitive Surgical, Inc.","Healthcare","Medical Instruments & Supplies","USA",84768.87,61.93,242.46,0.12%,1180374
1035,"IT","Gartner, Inc.","Technology","Information Technology Services","USA",23206.45,30.99,293.27,1.74%,419953
1036,"ITCI","Intra-Cellular Therapies, Inc.","Healthcare","Biotechnology","USA",5479.13,,58.77,4.57%,831373
1037,"ITT","ITT Inc.","Industrials","Specialty Industrial Machinery","USA",6210.19,22.03,77.04,2.45%,644280
1038,"ITUB","Itau Unibanco Holding S.A.","Financial","Banks - Regional","Brazil",41311.34,8.55,4.65,3.79%,32770329
1039,"ITW","Illinois Tool Works Inc.","Industrials","Specialty Industrial Machinery","USA",62101.41,24.60,209.42,0.42%,1096993
1040,"IVR","Invesco Mortgage Capital Inc.","Real Estate","REIT - Mortgage","USA",509.53,,16.41,-4.09%,802991
1041,"IVT","InvenTrust Properties Corp.","Real Estate","REIT - Retail","USA",1767.93,441.61,27.38,-2.32%,180337
1042,"IVZ","Invesco Ltd.","Financial","Asset Management","USA",7608.79,7.67,17.80,-0.56%,2633970
1043,"J","Jacobs Engineering Group Inc.","Industrials","Engineering & Construction","USA",15997.01,44.61,128.79,0.85%,465997
1044,"JAMF","Jamf Holding Corp.","Technology","Software - Application","USA",3247.44,,26.99,3.37%,445999
1045,"JAZZ","Jazz Pharmaceuticals plc","Healthcare","Biotechnology","Ireland",9658.25,,151.17,-0.32%,873168
1046,"JBGS","JBG SMITH Properties","Real Estate","REIT - Office","USA",2869.45,,23.98,-1.96%,606847
1047,"JBHT","J.B. Hunt Transport Services, Inc.","Industrials","Integrated Freight & Logistics","USA",17771.12,20.42,181.19,1.46%,447857
1048,"JBI","Janus International Group, Inc.","Industrials","Building Products & Equipment","USA",1494.65,28.69,10.33,0.68%,419813
1049,"JBL","Jabil Inc.","Technology","Electronic Components","USA",7979.91,10.44,60.92,0.83%,603972
1050,"JBLU","JetBlue Airways Corporation","Industrials","Airlines","USA",2777.77,,8.68,1.05%,11062903
1051,"JCI","Johnson Controls International plc","Industrials","Engineering & Construction","Ireland",36453.51,31.67,54.63,0.64%,5428518
1052,"JD","JD.com, Inc.","Consumer Cyclical","Internet Retail","China",104993.75,,63.35,3.63%,7226799
1053,"JEF","Jefferies Financial Group Inc.","Financial","Financial Conglomerates","USA",7505.78,7.50,33.02,0.61%,1006910
1054,"JELD","JELD-WEN Holding, Inc.","Industrials","Building Products & Equipment","USA",1282.81,10.38,15.21,5.04%,1055398
1055,"JHG","Janus Henderson Group plc","Financial","Asset Management","United Kingdom",3993.07,8.46,24.91,-2.70%,1164831
1056,"JKS","JinkoSolar Holding Co., Ltd.","Technology","Solar","China",3014.98,41.07,63.46,3.37%,642234
1057,"JMIA","Jumia Technologies AG","Consumer Cyclical","Internet Retail","Germany",654.65,,6.64,6.24%,4381947
1058,"JNJ","Johnson & Johnson","Healthcare","Drug Manufacturers - General","USA",448629.57,24.97,171.79,-1.60%,5648612
1059,"JNPR","Juniper Networks, Inc.","Technology","Communication Equipment","USA",8917.93,23.62,27.92,-1.03%,2859445
1060,"JOBY","Joby Aviation, Inc.","Industrials","Airports & Air Services","USA",4129.51,,6.96,12.99%,7788759
1061,"JPM","JPMorgan Chase & Co.","Financial","Banks - Diversified","USA",329664.24,9.02,112.36,-1.10%,18005262
1062,"JPS","Nuveen Preferred Securities Income Fund","Financial","Closed-End Fund - Debt","USA",1603.28,5.42,7.83,0.00%,422083
1063,"JQC","Nuveen Credit Strategies Income Fund","Financial","Closed-End Fund - Debt","USA",749.92,6.23,5.53,0.55%,325332
1064,"JWN","Nordstrom, Inc.","Consumer Cyclical","Department Stores","USA",3624.96,10.93,23.64,-5.44%,4977257
1065,"JXN","Jackson Financial Inc.","Financial","Asset Management","USA",2344.72,1.11,27.91,-1.73%,1153982
1066,"K","Kellogg Company","Consumer Defensive","Packaged Foods","USA",24365.03,16.44,73.82,-0.19%,3498597
1067,"KAR","KAR Auction Services, Inc.","Consumer Cyclical","Specialty Retail","USA",1912.54,,16.23,1.44%,1589850
1068,"KBH","KB Home","Consumer Cyclical","Residential Construction","USA",2748.79,4.34,31.69,1.86%,1165066
1069,"KBR","KBR, Inc.","Industrials","Engineering & Construction","USA",6805.84,,50.65,0.56%,1326519
1070,"KC","Kingsoft Cloud Holdings Limited","Technology","Software - Application","China",883.74,,3.43,-1.15%,2033553
1071,"KD","Kyndryl Holdings, Inc.","Technology","Information Technology Services","USA",2360.92,,10.63,2.51%,2953373
1072,"KDNY","Chinook Therapeutics, Inc.","Healthcare","Biotechnology","USA",1305.92,,20.37,5.76%,960777
1073,"KDP","Keurig Dr Pepper Inc.","Consumer Defensive","Beverages - Non-Alcoholic","USA",52560.71,25.36,38.68,-1.07%,5529411
1074,"KEY","KeyCorp","Financial","Banks - Regional","USA",16291.88,7.78,17.74,-2.04%,7681679
1075,"KEYS","Keysight Technologies, Inc.","Technology","Scientific & Technical Instruments","USA",28933.04,30.39,168.02,1.50%,577024
1076,"KGC","Kinross Gold Corporation","Basic Materials","Gold","Canada",4273.65,174.00,3.48,4.19%,17475186
1077,"KHC","The Kraft Heinz Company","Consumer Defensive","Packaged Foods","USA",44720.02,35.78,37.03,-0.83%,4498890
1078,"KIM","Kimco Realty Corporation","Real Estate","REIT - Retail","USA",12824.49,17.77,21.34,-0.42%,2405718
1079,"KIND","Nextdoor Holdings, Inc.","Communication Services","Internet Content & Information","USA",1391.31,,3.70,-0.54%,1157681
1080,"KKR","KKR & Co. Inc.","Financial","Asset Management","USA",43866.03,11.92,53.24,-0.09%,2649812
1081,"KLAC","KLA Corporation","Technology","Semiconductor Equipment & Materials","USA",55842.65,18.14,397.40,0.37%,1154722
1082,"KLIC","Kulicke and Soffa Industries, Inc.","Technology","Semiconductor Equipment & Materials","Singapore",2920.55,6.33,49.72,3.20%,2038715
1083,"KLTR","Kaltura, Inc.","Technology","Software - Infrastructure","USA",312.39,,2.58,0.39%,186625
1084,"KMB","Kimberly-Clark Corporation","Consumer Defensive","Household & Personal Products","USA",44911.38,25.15,132.76,-1.48%,1211720
1085,"KMI","Kinder Morgan, Inc.","Energy","Oil & Gas Midstream","USA",39311.65,16.20,17.30,-2.86%,14761330
1086,"KMT","Kennametal Inc.","Industrials","Tools & Accessories","USA",2065.57,16.12,26.36,0.19%,655010
1087,"KMX","CarMax, Inc.","Consumer Cyclical","Auto & Truck Dealerships","USA",15010.02,16.89,99.47,-0.33%,737020
1088,"KN","Knowles Corporation","Technology","Communication Equipment","USA",1512.85,10.12,16.70,0.54%,1365300
1089,"KNBE","KnowBe4, Inc.","Technology","Software - Infrastructure","USA",3116.28,,17.28,6.40%,1590326
1090,"KNX","Knight-Swift Transportation Holdings Inc.","Industrials","Trucking","USA",8230.83,10.05,53.67,-0.79%,1407230
1091,"KO","The Coca-Cola Company","Consumer Defensive","Beverages - Non-Alcoholic","USA",270371.46,28.94,63.67,-0.39%,11777550
1092,"KOD","Kodiak Sciences Inc.","Healthcare","Biotechnology","USA",468.26,,9.16,6.26%,736396
1093,"KODK","Eastman Kodak Company","Industrials","Specialty Business Services","USA",447.99,5890.00,5.89,-2.48%,694256
1094,"KOS","Kosmos Energy Ltd.","Energy","Oil & Gas E&P","USA",2456.60,379.33,5.69,-5.79%,7299684
1095,"KPTI","Karyopharm Therapeutics Inc.","Healthcare","Biotechnology","USA",390.21,,4.53,0.67%,3468113
1096,"KR","The Kroger Co.","Consumer Defensive","Grocery Stores","USA",33057.06,16.13,46.70,-0.57%,4878466
1097,"KRC","Kilroy Realty Corporation","Real Estate","REIT - Office","USA",6004.76,30.93,51.10,-1.58%,635707
1098,"KREF","KKR Real Estate Finance Trust Inc.","Real Estate","REIT - Mortgage","USA",1315.25,10.26,19.24,0.63%,371961
1099,"KRG","Kite Realty Group Trust","Real Estate","REIT - Retail","USA",4150.07,,19.72,0.25%,1502574
1100,"KRNT","Kornit Digital Ltd.","Industrials","Specialty Industrial Machinery","Israel",1414.22,264.11,29.58,-1.33%,697914
1101,"KRON","Kronos Bio, Inc.","Healthcare","Biotechnology","USA",356.25,,5.41,4.74%,197721
1102,"KSS","Kohl's Corporation","Consumer Cyclical","Department Stores","USA",3579.89,4.63,30.02,-3.47%,3282975
1103,"KT","KT Corporation","Communication Services","Telecom Services","South Korea",7435.00,5.96,14.30,0.42%,576395
1104,"KTOS","Kratos Defense & Security Solutions, Inc.","Industrials","Aerospace & Defense","USA",1824.96,,15.05,-1.44%,835850
1105,"KURA","Kura Oncology, Inc.","Healthcare","Biotechnology","USA",1067.97,,15.08,0.00%,2456249
1106,"KYMR","Kymera Therapeutics, Inc.","Healthcare","Biotechnology","USA",1509.74,,28.13,5.43%,997193
1107,"KYN","Kayne Anderson Energy Infrastructure Fund, Inc.","Financial","Closed-End Fund - Equity","USA",1105.16,2.63,8.74,-2.46%,344324
1108,"KZR","Kezar Life Sciences, Inc.","Healthcare","Biotechnology","USA",614.60,,10.00,1.11%,1309885
1109,"L","Loews Corporation","Financial","Insurance - Property & Casualty","USA",13327.99,8.45,54.38,-1.73%,848302
1110,"LAC","Lithium Americas Corp.","Basic Materials","Other Industrial Metals & Mining","Canada",4183.75,,25.92,0.31%,1840226
1111,"LADR","Ladder Capital Corp","Real Estate","REIT - Mortgage","USA",1420.01,19.00,11.46,0.70%,387679
1112,"LAMR","Lamar Advertising Company","Real Estate","REIT - Specialty","USA",9822.87,22.99,100.07,-0.05%,514024
1113,"LAUR","Laureate Education, Inc.","Consumer Defensive","Education & Training Services","USA",2044.06,,11.90,3.30%,926086
1114,"LAZ","Lazard Ltd","Financial","Capital Markets","Bermuda",3958.56,8.22,38.21,-1.16%,546274
1115,"LAZR","Luminar Technologies, Inc.","Consumer Cyclical","Auto Parts","USA",2480.36,,7.43,-1.46%,5327496
1116,"LBRDK","Liberty Broadband Corporation","Communication Services","Entertainment","USA",16942.39,35.18,113.76,1.34%,1101050
1117,"LBRT","Liberty Energy Inc.","Energy","Oil & Gas Equipment & Services","USA",2432.43,,12.77,-6.86%,2773111
1118,"LBTYA","Liberty Global plc","Communication Services","Entertainment","United Kingdom",11072.32,0.94,21.61,0.09%,1000768
1119,"LBTYK","Liberty Global plc","Communication Services","Entertainment","United Kingdom",8040.29,1.12,22.77,0.26%,1482885
1120,"LC","LendingClub Corporation","Financial","Credit Services","USA",1725.36,5.78,15.16,1.74%,1253765
1121,"LCID","Lucid Group, Inc.","Consumer Cyclical","Auto Manufacturers","USA",31260.42,,18.56,-9.73%,37227412
1122,"LCTX","Lineage Cell Therapeutics, Inc.","Healthcare","Biotechnology","USA",307.70,,1.77,8.59%,1016491
1123,"LDI","loanDepot, Inc.","Financial","Mortgage Finance","USA",546.92,6.78,1.87,-4.10%,454211
1124,"LDOS","Leidos Holdings, Inc.","Technology","Information Technology Services","USA",13096.01,19.54,99.31,-0.63%,787277
1125,"LEA","Lear Corporation","Consumer Cyclical","Auto Parts","USA",8483.36,40.83,148.00,-5.27%,1043748
1126,"LEG","Leggett & Platt, Incorporated","Consumer Cyclical","Furnishings, Fixtures & Appliances","USA",5277.90,13.69,40.54,0.35%,1006687
1127,"LEGN","Legend Biotech Corporation","Healthcare","Biotechnology","USA",8314.32,,50.02,3.95%,361328
1128,"LEN","Lennar Corporation","Consumer Cyclical","Residential Construction","USA",23855.64,5.83,85.40,3.44%,2824560
1129,"LESL","Leslie's, Inc.","Consumer Cyclical","Home Improvement Retail","USA",2891.75,21.47,15.61,0.06%,2017873
1130,"LEV","The Lion Electric Company","Industrials","Farm & Heavy Construction Machinery","Canada",972.51,,5.37,2.68%,698821
1131,"LEVI","Levi Strauss & Co.","Consumer Cyclical","Apparel Manufacturing","USA",7412.56,13.35,19.36,-0.10%,1451838
1132,"LFC","China Life Insurance Company Limited","Financial","Insurance - Life","China",95260.33,5.45,7.28,1.53%,499099
1133,"LFG","Archaea Energy Inc.","Utilities","Utilities - Renewable","USA",1743.98,,16.36,-3.08%,758936
1134,"LFST","LifeStance Health Group, Inc.","Healthcare","Medical Care Facilities","USA",2624.13,,7.13,-0.70%,326571
1137,"LH","Laboratory Corporation of America Holdings","Healthcare","Diagnostics & Research","USA",22260.80,11.59,252.39,-0.15%,402944
1138,"LHX","L3Harris Technologies, Inc.","Industrials","Aerospace & Defense","USA",42803.49,25.62,237.85,-1.45%,944222
1139,"LI","Li Auto Inc.","Consumer Cyclical","Auto Manufacturers","China",35796.45,11440.00,34.32,1.00%,5045600
1140,"LICY","Li-Cycle Holdings Corp.","Industrials","Waste Management","Canada",1136.11,,7.51,1.35%,1287330
1141,"LIDR","AEye, Inc.","Consumer Cyclical","Auto Parts","USA",387.80,,2.58,1.57%,342330
1142,"LILAK","Liberty Latin America Ltd.","Communication Services","Telecom Services","Bermuda",1361.06,12.28,7.44,-0.93%,924107
1143,"LILM","Lilium N.V.","Industrials","Aerospace & Defense","Germany",885.31,,3.15,9.00%,2456202
1144,"LIN","Linde plc","Basic Materials","Specialty Chemicals","United Kingdom",146133.04,38.93,302.24,0.73%,1451091
1145,"LITE","Lumentum Holdings Inc.","Technology","Communication Equipment","USA",6048.62,37.04,91.08,-2.52%,1029370
1146,"LKQ","LKQ Corporation","Consumer Cyclical","Auto Parts","USA",15066.22,12.96,54.43,-0.51%,1087538
1147,"LLY","Eli Lilly and Company","Healthcare","Drug Manufacturers - General","USA",289888.93,45.38,305.79,-2.56%,4693440
1148,"LMND","Lemonade, Inc.","Financial","Insurance - Property & Casualty","USA",1498.83,,23.31,5.38%,1370110
1149,"LMT","Lockheed Martin Corporation","Industrials","Aerospace & Defense","USA",109331.56,24.77,428.13,-0.27%,1125433
1150,"LNC","Lincoln National Corporation","Financial","Insurance - Life","USA",7927.65,6.59,47.04,-9.17%,4064085
1151,"LNG","Cheniere Energy, Inc.","Energy","Oil & Gas Midstream","USA",35859.55,,144.13,-0.87%,2373153
1152,"LNT","Alliant Energy Corporation","Utilities","Utilities - Regulated Electric","USA",14778.73,22.56,61.15,-0.20%,1337208
1153,"LNTH","Lantheus Holdings, Inc.","Healthcare","Diagnostics & Research","USA",4725.35,,71.24,-6.13%,3264116
1154,"LNW","Light & Wonder, Inc.","Consumer Cyclical","Gambling","USA",4953.27,175.03,52.51,-2.27%,421660
1155,"LOGI","Logitech International S.A.","Technology","Computer Hardware","Switzerland",9856.93,17.87,58.96,0.60%,528225
1156,"LOW","Lowe's Companies, Inc.","Consumer Cyclical","Home Improvement Retail","USA",124952.12,16.07,197.16,0.89%,3531555
1157,"LPG","Dorian LPG Ltd.","Energy","Oil & Gas Midstream","USA",625.87,8.55,15.31,-5.55%,757763
1158,"LPI","Laredo Petroleum, Inc.","Energy","Oil & Gas E&P","USA",1093.93,12.55,66.46,-17.63%,2264669
1159,"LPLA","LPL Financial Holdings Inc.","Financial","Capital Markets","USA",16466.49,38.61,219.29,1.03%,759799
1160,"LPRO","Open Lending Corporation","Financial","Credit Services","USA",1349.69,8.75,10.84,-1.28%,997503
1161,"LPSN","LivePerson, Inc.","Technology","Software - Application","USA",1145.44,,15.24,-2.68%,1647673
1162,"LPX","Louisiana-Pacific Corporation","Industrials","Building Products & Equipment","USA",4909.22,3.73,61.79,-0.18%,915933
1163,"LQDA","Liquidia Corporation","Healthcare","Biotechnology","USA",368.40,,5.23,0.38%,670515
1164,"LRCX","Lam Research Corporation","Technology","Semiconductor Equipment & Materials","USA",68066.16,16.24,531.85,1.36%,1612193
1165,"LRN","Stride, Inc.","Consumer Defensive","Education & Training Services","USA",1811.73,20.61,43.73,-0.70%,338654
1166,"LSCC","Lattice Semiconductor Corporation","Technology","Semiconductors","USA",8541.90,80.79,64.55,-0.80%,1459327
1167,"LSI","Life Storage, Inc.","Real Estate","REIT - Industrial","USA",10220.69,37.39,127.44,2.69%,663336
1168,"LSPD","Lightspeed Commerce Inc.","Technology","Software - Application","Canada",3698.42,,21.54,-12.01%,2328506
1169,"LSXMA","The Liberty SiriusXM Group","Communication Services","Broadcasting","USA",30414.86,15.78,41.56,0.95%,493374
1170,"LSXMK","The Liberty SiriusXM Group","Communication Services","Broadcasting","USA",9287.08,,41.44,0.88%,422897
1171,"LTHM","Livent Corporation","Basic Materials","Specialty Chemicals","USA",4190.80,91.58,23.81,-1.61%,4743896
1172,"LU","Lufax Holding Ltd","Financial","Credit Services","China",10861.70,4.51,4.51,-0.66%,9011904
1173,"LULU","Lululemon Athletica Inc.","Consumer Cyclical","Apparel Retail","Canada",38442.60,40.20,316.40,0.32%,881117
1174,"LUMN","Lumen Technologies, Inc.","Communication Services","Telecom Services","USA",11280.54,5.26,10.84,-2.78%,17833593
1175,"LUNG","Pulmonx Corporation","Healthcare","Medical Devices","USA",696.19,,19.36,1.31%,127114
1176,"LUV","Southwest Airlines Co.","Industrials","Airlines","USA",24599.84,24.64,38.79,-0.54%,4957512
1177,"LVS","Las Vegas Sands Corp.","Consumer Cyclical","Resorts & Casinos","USA",31051.32,,39.30,0.87%,4587566
1178,"LW","Lamb Weston Holdings, Inc.","Consumer Defensive","Packaged Foods","USA",11223.70,58.51,80.63,-1.37%,1070829
1179,"LWLG","Lightwave Logic, Inc.","Basic Materials","Specialty Chemicals","USA",1112.06,,10.86,-3.12%,624209
1180,"LX","LexinFintech Holdings Ltd.","Financial","Credit Services","China",404.17,1.66,2.03,3.05%,708054
1181,"LXP","LXP Industrial Trust","Real Estate","REIT - Diversified","USA",2980.47,9.44,10.68,-0.09%,1049190
1182,"LXRX","Lexicon Pharmaceuticals, Inc.","Healthcare","Biotechnology","USA",552.93,,2.69,0.00%,1997332
1183,"LXU","LSB Industries, Inc.","Basic Materials","Chemicals","USA",1153.57,,13.87,-1.07%,427425
1184,"LYB","LyondellBasell Industries N.V.","Basic Materials","Specialty Chemicals","USA",27785.79,4.86,85.50,-0.18%,2478147
1185,"LYEL","Lyell Immunopharma, Inc.","Healthcare","Biotechnology","USA",1713.24,,6.65,6.40%,676289
1186,"LYFT","Lyft, Inc.","Technology","Software - Application","USA",5811.22,,17.39,4.07%,26707786
1187,"LYG","Lloyds Banking Group plc","Financial","Banks - Regional","United Kingdom",36788.69,7.48,2.20,-0.90%,13536358
1188,"LYV","Live Nation Entertainment, Inc.","Communication Services","Entertainment","USA",22082.78,,97.50,-0.58%,2038000
1189,"LZ","LegalZoom.com, Inc.","Industrials","Specialty Business Services","USA",1995.56,,10.27,-2.65%,1167154
1190,"LZB","La-Z-Boy Incorporated","Consumer Cyclical","Furnishings, Fixtures & Appliances","USA",1190.56,8.38,28.53,-0.63%,228089
1191,"M","Macy's, Inc.","Consumer Cyclical","Department Stores","USA",4712.06,3.36,17.67,-2.48%,8373732
1192,"MA","Mastercard Incorporated","Financial","Credit Services","USA",336030.39,36.08,356.07,0.55%,2337649
1193,"MAA","Mid-America Apartment Communities, Inc.","Real Estate","REIT - Residential","USA",20099.11,35.13,178.77,0.40%,713527
1194,"MAC","The Macerich Company","Real Estate","REIT - Retail","USA",2158.63,227.33,10.23,-0.20%,1839684
1195,"MAG","MAG Silver Corp.","Basic Materials","Silver","Canada",1569.31,330.95,13.90,5.86%,432704
1196,"MANT","ManTech International Corporation","Technology","Software - Application","USA",3922.46,28.88,95.81,-0.03%,180530
1197,"MANU","Manchester United plc","Consumer Cyclical","Leisure","United Kingdom",1921.08,,11.65,2.01%,503102
1198,"MAPS","WM Technology, Inc.","Technology","Software - Application","USA",508.74,5.22,3.63,-0.55%,711789
1199,"MAR","Marriott International, Inc.","Consumer Cyclical","Lodging","USA",51636.77,35.24,158.99,-0.22%,1337206
1200,"MARA","Marathon Digital Holdings, Inc.","Financial","Capital Markets","USA",1353.00,,13.42,1.05%,26957155
1201,"MAS","Masco Corporation","Industrials","Building Products & Equipment","USA",12149.89,23.60,52.89,1.26%,2240126
1202,"MASI","Masimo Corporation","Healthcare","Medical Instruments & Supplies","USA",8252.60,38.94,150.76,0.33%,684540
1203,"MAT","Mattel, Inc.","Consumer Cyclical","Leisure","USA",7915.75,7.34,22.81,0.18%,3400144
1204,"MAXR","Maxar Technologies Inc.","Technology","Communication Equipment","USA",2017.10,18.29,28.33,-0.67%,412691
1205,"MC","Moelis & Company","Financial","Capital Markets","USA",2962.66,9.70,45.19,-0.53%,382228
1206,"MCD","McDonald's Corporation","Consumer Cyclical","Restaurants","USA",189477.47,32.11,260.64,-0.55%,2088161
1207,"MCHP","Microchip Technology Incorporated","Technology","Semiconductors","USA",38920.05,32.04,72.76,-0.63%,3399070
1208,"MCK","McKesson Corporation","Healthcare","Medical Distribution","USA",48225.76,46.63,337.81,3.27%,1427790
1209,"MCO","Moody's Corporation","Financial","Financial Data & Stock Exchanges","USA",54405.94,33.87,313.29,1.09%,873397
1210,"MCRB","Seres Therapeutics, Inc.","Healthcare","Biotechnology","USA",633.08,,4.88,9.66%,1294747
1211,"MCW","Mister Car Wash, Inc.","Consumer Cyclical","Personal Services","USA",3463.05,,11.73,-3.54%,1011342
1212,"MD","Pediatrix Medical Group, Inc.","Healthcare","Medical Care Facilities","USA",1694.58,20.29,19.36,-13.53%,1555190
1213,"MDB","MongoDB, Inc.","Technology","Software - Infrastructure","USA",21543.62,,340.88,0.46%,947295
1214,"MDC","M.D.C. Holdings, Inc.","Consumer Cyclical","Residential Construction","USA",2523.92,4.23,35.27,2.11%,385859
1215,"MDLZ","Mondelez International, Inc.","Consumer Defensive","Confectioners","USA",87495.01,23.31,64.25,-1.35%,5670651
1216,"MDRX","Allscripts Healthcare Solutions, Inc.","Healthcare","Health Information Services","USA",1771.03,13.68,15.45,-2.09%,1699662
1217,"MDT","Medtronic plc","Healthcare","Medical Devices","Ireland",124785.82,24.95,93.21,-0.60%,3390347
1218,"MDU","MDU Resources Group, Inc.","Basic Materials","Building Materials","USA",5885.57,16.93,29.82,6.27%,2596980
1219,"MDXG","MiMedx Group, Inc.","Healthcare","Medical Devices","USA",450.93,,3.79,2.71%,474364
1220,"ME","23andMe Holding Co.","Healthcare","Diagnostics & Research","USA",1567.67,,3.40,2.72%,3218694
1221,"MELI","MercadoLibre, Inc.","Consumer Cyclical","Internet Retail","Uruguay",50717.02,283.13,1034.83,16.16%,1849524
1222,"MEOH","Methanex Corporation","Basic Materials","Chemicals","Canada",2662.38,5.15,35.56,0.34%,294752
1223,"MET","MetLife, Inc.","Financial","Insurance - Life","USA",51062.33,8.27,63.80,0.31%,7366394
1224,"META","Meta Platforms, Inc.","Communication Services","Internet Content & Information","USA",492024.54,14.14,170.57,1.05%,23895351
1225,"METC","Ramaco Resources, Inc.","Basic Materials","Coking Coal","USA",511.68,6.41,11.03,-0.72%,641908
1226,"MFA","MFA Financial, Inc.","Real Estate","REIT - Mortgage","USA",1159.33,10.91,12.03,-4.83%,2898883
1227,"MFC","Manulife Financial Corporation","Financial","Insurance - Life","Canada",33877.85,5.00,18.20,-0.33%,2462873
1228,"MFG","Mizuho Financial Group, Inc.","Financial","Banks - Regional","Japan",28502.26,6.97,2.37,-0.84%,1082698
1229,"MGA","Magna International Inc.","Consumer Cyclical","Auto Parts","Canada",17552.55,14.79,62.01,-4.29%,1621734
1230,"MGI","MoneyGram International, Inc.","Financial","Credit Services","USA",984.90,,10.22,-0.87%,1114043
1231,"MGM","MGM Resorts International","Consumer Cyclical","Resorts & Casinos","USA",14494.44,11.52,35.45,3.65%,8207165
1232,"MGNI","Magnite, Inc.","Communication Services","Advertising Agencies","USA",1188.36,,8.55,-4.04%,3188121
1233,"MGY","Magnolia Oil & Gas Corporation","Energy","Oil & Gas E&P","USA",4683.29,7.54,21.80,-5.42%,1849139
1234,"MHK","Mohawk Industries, Inc.","Consumer Cyclical","Furnishings, Fixtures & Appliances","USA",7951.95,7.97,118.81,-1.12%,513229
1235,"MIDD","The Middleby Corporation","Industrials","Specialty Industrial Machinery","USA",7765.86,17.14,146.36,-0.79%,620264
1236,"MIN","MFS Intermediate Income Trust","Financial","Closed-End Fund - Debt","USA",347.98,157.89,3.00,0.00%,306302
1237,"MIR","Mirion Technologies, Inc.","Industrials","Specialty Industrial Machinery","USA",1427.20,,7.51,1.49%,501059
1238,"MKC","McCormick & Company, Incorporated","Consumer Defensive","Packaged Foods","USA",23146.11,34.90,88.29,-0.14%,804274
1239,"MKFG","Markforged Holding Corporation","Technology","Computer Hardware","USA",481.88,10.32,2.60,5.69%,1197306
1240,"MKSI","MKS Instruments, Inc.","Technology","Scientific & Technical Instruments","USA",6527.63,12.42,123.77,1.85%,506299
1241,"ML","MoneyLion Inc.","Technology","Software - Application","USA",501.03,,1.95,7.14%,1793098
1242,"MLCO","Melco Resorts & Entertainment Limited","Consumer Cyclical","Resorts & Casinos","Hong Kong",2675.26,,5.03,-1.76%,1462604
1243,"MMAT","Meta Materials Inc.","Technology","Electronic Components","Canada",333.11,,0.92,0.02%,3053886
1244,"MMC","Marsh & McLennan Companies, Inc.","Financial","Insurance Brokers","USA",79548.82,24.94,165.31,-0.05%,1654139
1245,"MMM","3M Company","Industrials","Specialty Industrial Machinery","USA",81790.38,20.72,148.12,3.23%,5903662
1246,"MMP","Magellan Midstream Partners, L.P.","Energy","Oil & Gas Midstream","USA",10421.43,13.40,49.88,-4.22%,1147958
1247,"MNDT","Mandiant, Inc.","Technology","Software - Infrastructure","USA",5373.43,,22.79,-0.09%,1906152
1248,"MNDY","monday.com Ltd.","Technology","Software - Application","Israel",5351.59,,121.71,1.39%,378375
1249,"MNKD","MannKind Corporation","Healthcare","Biotechnology","USA",1096.14,,4.29,4.63%,3633186
1250,"MNRL","Brigham Minerals, Inc.","Energy","Oil & Gas E&P","USA",1475.80,16.76,25.48,-5.03%,831830
1251,"MNSO","MINISO Group Holding Limited","Consumer Cyclical","Specialty Retail","China",2649.07,23.28,6.89,7.82%,813283
1252,"MNST","Monster Beverage Corporation","Consumer Defensive","Beverages - Non-Alcoholic","USA",49896.17,38.06,96.36,0.32%,3076627
1253,"MNTV","Momentive Global Inc.","Technology","Software - Application","USA",1308.11,,8.58,-1.72%,2689835
1254,"MO","Altria Group, Inc.","Consumer Defensive","Tobacco","USA",80500.93,26.95,44.25,0.05%,6444227
1255,"MOMO","Hello Group Inc.","Communication Services","Internet Content & Information","China",953.13,,4.68,2.63%,1453879
1256,"MOS","The Mosaic Company","Basic Materials","Agricultural Inputs","USA",18171.41,7.32,51.71,-2.30%,4095933
1257,"MP","MP Materials Corp.","Basic Materials","Other Industrial Metals & Mining","USA",5782.80,33.17,35.06,1.10%,2218361
1258,"MPC","Marathon Petroleum Corporation","Energy","Oil & Gas Refining & Marketing","USA",47887.48,20.93,90.17,-2.71%,4366787
1259,"MPLN","MultiPlan Corporation","Healthcare","Health Information Services","USA",2969.29,28.65,4.47,-10.78%,3276242
1260,"MPLX","MPLX LP","Energy","Oil & Gas Midstream","USA",30401.28,10.32,30.52,-5.36%,2052401
1261,"MPW","Medical Properties Trust, Inc.","Real Estate","REIT - Healthcare Facilities","USA",9367.93,8.53,16.01,-0.37%,10879954
1262,"MQ","Marqeta, Inc.","Technology","Software - Infrastructure","USA",5817.68,,10.96,-2.23%,27437994
1263,"MRC","MRC Global Inc.","Energy","Oil & Gas Equipment & Services","USA",909.95,,11.12,-1.77%,572994
1264,"MRK","Merck & Co., Inc.","Healthcare","Drug Manufacturers - General","USA",224195.29,13.24,86.82,-0.91%,7988575
1265,"MRNA","Moderna, Inc.","Healthcare","Biotechnology","USA",74380.65,5.71,194.18,4.12%,6869471
1266,"MRO","Marathon Oil Corporation","Energy","Oil & Gas E&P","USA",14630.52,7.49,21.47,-6.20%,17749690
1267,"MRSN","Mersana Therapeutics, Inc.","Healthcare","Biotechnology","USA",535.99,,4.95,-0.20%,3176380
1268,"MRTX","Mirati Therapeutics, Inc.","Healthcare","Biotechnology","USA",4568.84,,77.90,8.53%,1025158
1269,"MRVI","Maravai LifeSciences Holdings, Inc.","Healthcare","Biotechnology","USA",6537.15,14.52,26.28,-0.11%,1395631
1270,"MRVL","Marvell Technology, Inc.","Technology","Semiconductors","USA",46386.97,,57.35,-1.49%,9753993
1271,"MS","Morgan Stanley","Financial","Capital Markets","USA",143951.96,11.54,85.36,0.36%,5718825
1272,"MSCI","MSCI Inc.","Financial","Financial Data & Stock Exchanges","USA",37634.54,51.11,496.76,0.09%,446223
1273,"MSFT","Microsoft Corporation","Technology","Software - Infrastructure","USA",2026667.86,29.41,283.65,0.42%,18074651
1274,"MSI","Motorola Solutions, Inc.","Technology","Communication Equipment","USA",38697.95,32.83,239.69,0.52%,944120
1275,"MSPR","MSP Recovery, Inc.","Healthcare","Health Information Services","USA",4752.43,,1.66,-19.42%,802285
1276,"MSTR","MicroStrategy Incorporated","Technology","Software - Application","USA",3204.45,,309.31,-1.39%,890140
1277,"MT","ArcelorMittal S.A.","Basic Materials","Steel","Luxembourg",20321.53,1.51,24.14,0.58%,1893704
1278,"MTB","M&T Bank Corporation","Financial","Banks - Regional","USA",30094.98,12.72,175.44,-0.61%,714047
1279,"MTCH","Match Group, Inc.","Communication Services","Internet Content & Information","USA",18646.36,73.60,66.53,5.20%,5698253
1280,"MTDR","Matador Resources Company","Energy","Oil & Gas E&P","USA",5914.83,5.98,51.93,-5.89%,1169624
1281,"MTG","MGIC Investment Corporation","Financial","Insurance - Specialty","USA",4377.78,7.39,14.52,1.89%,4401281
1282,"MTOR","Meritor, Inc.","Consumer Cyclical","Auto Parts","USA",2585.66,11.89,36.50,0.00%,0
1283,"MTTR","Matterport, Inc.","Technology","Software - Application","USA",1306.14,,4.79,0.00%,3284851
1284,"MTZ","MasTec, Inc.","Industrials","Engineering & Construction","USA",7186.29,25.97,80.24,0.65%,569242
1285,"MU","Micron Technology, Inc.","Technology","Semiconductors","USA",71573.65,7.39,64.85,0.93%,11324649
1286,"MUFG","Mitsubishi UFJ Financial Group, Inc.","Financial","Banks - Diversified","Japan",67179.83,8.03,5.26,-3.13%,5623050
1287,"MULN","Mullen Automotive, Inc.","Consumer Cyclical","Auto Manufacturers","USA",441.38,,0.84,-8.63%,77872964
1288,"MUR","Murphy Oil Corporation","Energy","Oil & Gas E&P","USA",4769.19,49.27,32.47,1.31%,3216091
1289,"MVIS","MicroVision, Inc.","Technology","Scientific & Technical Instruments","USA",842.63,,5.76,4.73%,3917365
1290,"MVST","Microvast Holdings, Inc.","Industrials","Electrical Equipment & Parts","USA",721.62,,3.01,3.44%,2201532
1291,"MWA","Mueller Water Products, Inc.","Industrials","Specialty Industrial Machinery","USA",2042.78,27.51,13.12,0.61%,401041
1292,"MX","Magnachip Semiconductor Corporation","Technology","Semiconductors","Luxembourg",669.24,10.34,14.78,-0.14%,434779
1293,"MXCT","MaxCyte, Inc.","Healthcare","Diagnostics & Research","USA",564.93,,5.61,-4.43%,264192
1294,"MXL","MaxLinear, Inc.","Technology","Semiconductors","USA",3353.40,32.97,42.07,-0.75%,556592
1295,"MYGN","Myriad Genetics, Inc.","Healthcare","Diagnostics & Research","USA",2147.89,,27.40,5.67%,864918
1296,"MYOV","Myovant Sciences Ltd.","Healthcare","Biotechnology","United Kingdom",1313.96,,14.65,3.31%,892124
1297,"MYPS","PLAYSTUDIOS, Inc.","Communication Services","Electronic Gaming & Multimedia","USA",482.65,,3.74,-3.86%,427133
1298,"NA","Nano Labs Ltd","Technology","Semiconductors","China",382.09,,7.12,-0.42%,89826
1299,"NAD","Nuveen Quality Municipal Income Fund","Financial","Asset Management","USA",3015.71,,13.21,-0.08%,328808
1300,"NARI","Inari Medical, Inc.","Healthcare","Medical Devices","USA",4262.62,,81.10,-0.71%,1325510
1301,"NAT","Nordic American Tankers Limited","Industrials","Marine Shipping","Bermuda",548.22,,2.49,-1.58%,2205770
1302,"NATI","National Instruments Corporation","Technology","Software - Application","USA",4746.89,49.86,39.39,1.57%,742706
1303,"NAVI","Navient Corporation","Financial","Credit Services","USA",2335.79,4.18,16.13,0.06%,968421
1304,"NBIX","Neurocrine Biosciences, Inc.","Healthcare","Biotechnology","USA",9307.13,131.59,95.93,1.99%,583344
1305,"NCLH","Norwegian Cruise Line Holdings Ltd.","Consumer Cyclical","Travel Services","USA",5148.91,,12.98,-0.08%,14223494
1306,"NCNO","nCino, Inc.","Technology","Software - Application","USA",3822.75,,35.65,0.20%,259890
1307,"NCR","NCR Corporation","Technology","Information Technology Services","USA",4503.67,81.14,34.08,0.09%,3606684
1308,"NCV","Virtus Convertible & Income Fund","Financial","Closed-End Fund - Debt","USA",364.21,2.74,4.03,-0.25%,526556
1309,"NDAQ","Nasdaq, Inc.","Financial","Financial Data & Stock Exchanges","USA",28952.11,26.99,182.79,1.45%,653540
1310,"NE","Noble Corporation","Energy","Oil & Gas Drilling","USA",1841.87,34.43,29.47,-3.76%,467599
1311,"NEA","Nuveen AMT-Free Quality Municipal Income Fund","Financial","Asset Management","USA",3803.75,6.18,12.72,-0.47%,496475
1312,"NEE","NextEra Energy, Inc.","Utilities","Utilities - Regulated Electric","USA",164452.22,67.37,87.98,1.76%,8675408
1313,"NEGG","Newegg Commerce, Inc.","Consumer Cyclical","Internet Retail","USA",1437.10,47.38,3.98,11.48%,1511919
1314,"NEM","Newmont Corporation","Basic Materials","Gold","USA",36200.00,48.48,45.28,1.98%,10426881
1315,"NEO","NeoGenomics, Inc.","Healthcare","Diagnostics & Research","USA",1253.67,,10.18,1.80%,1210985
1316,"NEOG","Neogen Corporation","Healthcare","Diagnostics & Research","USA",2337.10,48.23,21.56,-2.80%,5797500
1317,"NEP","NextEra Energy Partners, LP","Utilities","Utilities - Renewable","USA",6502.57,18.02,80.15,-0.17%,542308
1318,"NET","Cloudflare, Inc.","Technology","Software - Infrastructure","USA",18440.51,,58.43,0.12%,6747464
1319,"NEWR","New Relic, Inc.","Technology","Software - Infrastructure","USA",4140.94,,61.32,-2.15%,1480162
1320,"NEX","NexTier Oilfield Solutions Inc.","Energy","Oil & Gas Equipment & Services","USA",2012.52,52.29,8.21,-6.28%,2755066
1321,"NEXT","NextDecade Corporation","Energy","Oil & Gas E&P","USA",822.76,,7.16,-3.89%,560781
1322,"NFE","New Fortress Energy Inc.","Utilities","Utilities - Regulated Gas","USA",9679.60,28.24,49.23,-1.07%,1600621
1323,"NFG","National Fuel Gas Company","Energy","Oil & Gas Integrated","USA",6272.10,13.54,69.69,-1.76%,493711
1324,"NFLX","Netflix, Inc.","Communication Services","Entertainment","USA",103082.45,21.52,229.91,1.40%,7130776
1325,"NG","NovaGold Resources Inc.","Basic Materials","Gold","Canada",1968.86,,4.80,3.67%,982308
1326,"NGD","New Gold Inc.","Basic Materials","Gold","Canada",651.86,,0.81,6.29%,2616277
1327,"NI","NiSource Inc.","Utilities","Utilities - Regulated Gas","USA",11678.81,19.63,29.85,-1.39%,4727130
1328,"NIO","NIO Inc.","Consumer Cyclical","Auto Manufacturers","China",34293.14,,20.90,2.96%,37596746
1329,"NIU","Niu Technologies","Consumer Cyclical","Auto Manufacturers","China",514.72,20.15,6.61,0.61%,508097
1330,"NKE","NIKE, Inc.","Consumer Cyclical","Footwear & Accessories","USA",168536.32,30.51,114.48,0.18%,4328368
1331,"NKLA","Nikola Corporation","Industrials","Farm & Heavy Construction Machinery","USA",3186.52,,7.95,6.28%,21182790
1332,"NKTR","Nektar Therapeutics","Healthcare","Biotechnology","USA",856.55,,4.42,-1.12%,1962473
1333,"NKTX","Nkarta, Inc.","Healthcare","Biotechnology","USA",629.74,,13.69,1.71%,422185
1334,"NLOK","NortonLifeLock Inc.","Technology","Software - Infrastructure","USA",15562.86,18.80,26.60,-0.52%,7526126
1335,"NLSN","Nielsen Holdings plc","Industrials","Consulting Services","USA",8354.91,14.53,22.96,-3.29%,3833466
1336,"NLY","Annaly Capital Management, Inc.","Real Estate","REIT - Mortgage","USA",10142.04,2.62,6.62,-0.30%,45463398
1337,"NMIH","NMI Holdings, Inc.","Financial","Insurance - Property & Casualty","USA",1779.56,7.45,21.04,3.19%,646326
1338,"NMR","Nomura Holdings, Inc.","Financial","Capital Markets","Japan",11504.73,10.76,3.66,5.17%,972315
1339,"NMRK","Newmark Group, Inc.","Real Estate","Real Estate Services","USA",1953.55,2.96,10.49,0.48%,1540009
1340,"NMZ","Nuveen Municipal High Income Opportunity Fund","Financial","Asset Management","USA",1217.47,4.33,12.44,-0.56%,390421
1341,"NNDM","Nano Dimension Ltd.","Technology","Computer Hardware","Israel",884.93,,3.48,2.65%,2797407
1342,"NNN","National Retail Properties, Inc.","Real Estate","REIT - Retail","USA",8086.71,27.72,46.43,-1.44%,896438
1343,"NNOX","Nano-X Imaging Ltd.","Healthcare","Medical Devices","Israel",787.34,,14.11,4.06%,465959
1344,"NOC","Northrop Grumman Corporation","Industrials","Aerospace & Defense","USA",69172.39,13.31,478.04,-0.77%,654901
1345,"NOG","Northern Oil and Gas, Inc.","Energy","Oil & Gas E&P","USA",1966.06,,25.69,-6.58%,1433419
1346,"NOK","Nokia Oyj","Technology","Communication Equipment","Finland",30035.37,17.85,5.23,0.19%,22318093
1347,"NOMD","Nomad Foods Limited","Consumer Defensive","Packaged Foods","United Kingdom",3245.66,17.24,18.65,-1.79%,670670
1348,"NOV","NOV Inc.","Energy","Oil & Gas Equipment & Services","USA",5728.92,,17.31,-3.51%,3865119
1349,"NOVA","Sunnova Energy International Inc.","Technology","Solar","USA",2322.02,,27.06,7.00%,4700318
1350,"NOW","ServiceNow, Inc.","Technology","Software - Application","USA",99255.69,544.15,493.00,4.57%,3324487
1351,"NPTN","NeoPhotonics Corporation","Technology","Semiconductors","USA",843.89,,16.01,0.00%,0
1352,"NRDY","Nerdy, Inc.","Technology","Software - Application","USA",384.90,,2.98,0.00%,717247
1353,"NRG","NRG Energy, Inc.","Utilities","Utilities - Independent Power Producers","USA",8974.80,2.38,39.14,4.74%,4185521
1354,"NRGV","Energy Vault Holdings, Inc.","Utilities","Utilities - Renewable","USA",601.05,,4.30,4.37%,697223
1355,"NRIX","Nurix Therapeutics, Inc.","Healthcare","Biotechnology","USA",885.35,,18.69,3.15%,320267
1356,"NRZ","New Residential Investment Corp.","Real Estate","REIT - Mortgage","USA",4948.20,4.95,10.89,0.00%,0
1357,"NS","NuStar Energy L.P.","Energy","Oil & Gas Midstream","USA",1670.66,,14.89,-5.76%,971482
1358,"NSA","National Storage Affiliates Trust","Real Estate","REIT - Industrial","USA",4658.36,51.82,52.96,-2.38%,743718
1359,"NSC","Norfolk Southern Corporation","Industrials","Railroads","USA",57076.54,19.99,250.93,0.25%,1467791
1360,"NSTG","NanoString Technologies, Inc.","Healthcare","Biotechnology","USA",670.95,,14.73,3.44%,852171
1361,"NTAP","NetApp, Inc.","Technology","Computer Hardware","USA",15779.83,17.62,72.11,-0.61%,780847
1362,"NTCO","Natura &Co Holding S.A.","Consumer Defensive","Household & Personal Products","Brazil",4808.35,51.40,6.99,5.11%,1884985
1363,"NTCT","NetScout Systems, Inc.","Technology","Software - Infrastructure","USA",2399.11,72.57,34.47,-2.30%,642660
1364,"NTES","NetEase, Inc.","Communication Services","Internet Content & Information","China",61727.73,23.87,89.00,-1.67%,1708951
1365,"NTLA","Intellia Therapeutics, Inc.","Healthcare","Biotechnology","USA",5175.51,,65.43,-8.74%,2909689
1366,"NTNX","Nutanix, Inc.","Technology","Software - Infrastructure","USA",3665.41,,16.82,1.63%,1239488
1367,"NTR","Nutrien Ltd.","Basic Materials","Agricultural Inputs","Canada",56741.55,8.28,82.46,0.70%,2824243
1368,"NTRA","Natera, Inc.","Healthcare","Diagnostics & Research","USA",4913.91,,50.99,4.08%,1837261
1369,"NTRS","Northern Trust Corporation","Financial","Asset Management","USA",20219.62,13.60,99.85,0.02%,973318
1370,"NTST","NETSTREIT Corp.","Real Estate","REIT - Retail","USA",978.38,220.54,20.29,-3.10%,4257444
1371,"NU","Nu Holdings Ltd.","Financial","Banks - Diversified","Brazil",20776.97,,4.67,4.94%,20752766
1372,"NUE","Nucor Corporation","Basic Materials","Steel","USA",32979.85,5.72,134.25,2.17%,1676992
1373,"NUTX","Nutex Health, Inc.","Healthcare","Health Information Services","USA",2389.32,,3.53,3.52%,823201
1374,"NUV","Nuveen Municipal Value Fund, Inc.","Financial","Closed-End Fund - Debt","USA",1876.35,18.82,9.26,-0.22%,265769
1375,"NUVB","Nuvation Bio Inc.","Healthcare","Biotechnology","USA",586.31,,2.37,2.60%,1578327
1376,"NVAX","Novavax, Inc.","Healthcare","Biotechnology","USA",5007.66,,61.93,1.34%,3317994
1377,"NVCR","NovoCure Limited","Healthcare","Medical Instruments & Supplies","USA",8519.10,,74.88,2.98%,347733
1378,"NVDA","NVIDIA Corporation","Technology","Semiconductors","USA",470510.00,51.56,192.15,1.70%,40911678
1379,"NVG","Nuveen AMT-Free Municipal Credit Income Fund","Financial","Asset Management","USA",3050.26,4.85,14.29,0.35%,255943
1380,"NVO","Novo Nordisk A/S","Healthcare","Drug Manufacturers - General","Denmark",181651.39,35.56,104.47,4.56%,5117327
1381,"NVRO","Nevro Corp.","Healthcare","Medical Devices","USA",1639.74,,45.46,-4.13%,1293051
1382,"NVS","Novartis AG","Healthcare","Drug Manufacturers - General","Switzerland",206856.63,8.35,85.23,0.44%,1523238
1383,"NVST","Envista Holdings Corporation","Healthcare","Medical Instruments & Supplies","USA",6487.80,26.86,40.85,3.21%,4821103
1384,"NVT","nVent Electric plc","Industrials","Electrical Equipment & Parts","United Kingdom",5535.34,21.34,34.65,-1.37%,629185
1385,"NVTA","Invitae Corporation","Healthcare","Diagnostics & Research","USA",516.94,,2.10,5.53%,12410783
1386,"NVTS","Navitas Semiconductor Corporation","Technology","Semiconductors","Ireland",649.08,,5.34,0.95%,748904
1387,"NWBI","Northwest Bancshares, Inc.","Financial","Banks - Regional","USA",1720.53,14.13,14.09,0.36%,584661
1388,"NWG","NatWest Group plc","Financial","Banks - Diversified","United Kingdom",28988.66,9.90,6.20,-0.16%,1370816
1389,"NWL","Newell Brands Inc.","Consumer Defensive","Household & Personal Products","USA",8044.05,11.66,19.57,-1.21%,2474150
1390,"NWS","News Corporation","Communication Services","Broadcasting","USA",10324.66,21.14,17.55,-0.96%,582977
1391,"NWSA","News Corporation","Communication Services","Broadcasting","USA",10160.70,20.69,17.38,-0.74%,1698233
1392,"NXE","NexGen Energy Ltd.","Energy","Uranium","Canada",2445.37,,4.17,-0.48%,913868
1393,"NXPI","NXP Semiconductors N.V.","Technology","Semiconductors","Netherlands",47739.92,20.11,184.26,-0.70%,1627731
1394,"NYCB","New York Community Bancorp, Inc.","Financial","Banks - Regional","USA",4594.15,8.64,10.32,0.10%,4220720
1395,"NYMT","New York Mortgage Trust, Inc.","Real Estate","REIT - Mortgage","USA",1103.64,63.62,2.99,-4.17%,3839851
1396,"NYT","The New York Times Company","Communication Services","Publishing","USA",5108.45,28.33,30.85,0.13%,1663592
1397,"NZF","Nuveen Municipal Credit Income Fund","Financial","Asset Management","USA",1944.28,4.55,13.68,0.15%,232971
1398,"O","Realty Income Corporation","Real Estate","REIT - Retail","USA",42348.57,71.05,72.47,0.65%,3072040
1399,"OBE","Obsidian Energy Ltd.","Energy","Oil & Gas E&P","Canada",728.45,1.43,7.68,-5.65%,1129617
1400,"OC","Owens Corning","Industrials","Building Products & Equipment","USA",7805.31,7.91,88.99,0.68%,669872
1401,"OCFT","OneConnect Financial Technology Co., Ltd.","Technology","Software - Application","China",577.21,,1.43,3.62%,272367
1402,"OCGN","Ocugen, Inc.","Healthcare","Biotechnology","USA",608.96,,2.77,2.59%,5290070
1403,"OCSL","Oaktree Specialty Lending Corporation","Financial","Credit Services","USA",1264.33,4.79,7.01,-1.68%,755101
1404,"OCUL","Ocular Therapeutix, Inc.","Healthcare","Biotechnology","USA",370.58,,4.86,3.62%,415840
1405,"ODFL","Old Dominion Freight Line, Inc.","Industrials","Trucking","USA",30548.03,27.73,299.08,1.14%,529920
1406,"OEC","Orion Engineered Carbons S.A.","Basic Materials","Specialty Chemicals","Luxembourg",1034.06,7.26,17.14,-1.66%,254470
1407,"OFC","Corporate Office Properties Trust","Real Estate","REIT - Office","USA",2862.62,27.18,26.55,-2.32%,523623
1408,"OGE","OGE Energy Corp.","Utilities","Utilities - Regulated Electric","USA",7721.41,8.34,40.13,-1.33%,987159
1409,"OGI","OrganiGram Holdings Inc.","Healthcare","Drug Manufacturers - Specialty & Generic","Canada",425.71,,1.10,-2.65%,1305385
1410,"OGN","Organon & Co.","Healthcare","Drug Manufacturers - General","USA",8458.69,6.32,32.41,-0.49%,2145828
1411,"OHI","Omega Healthcare Investors, Inc.","Real Estate","REIT - Healthcare Facilities","USA",7424.17,17.32,31.36,-2.15%,1564963
1412,"OI","O-I Glass, Inc.","Consumer Cyclical","Packaging & Containers","USA",1972.59,6.44,13.23,-2.51%,1314848
1413,"OII","Oceaneering International, Inc.","Energy","Oil & Gas Equipment & Services","USA",920.27,,8.65,-5.67%,1241723
1414,"OKE","ONEOK, Inc.","Energy","Oil & Gas Midstream","USA",25971.06,17.16,57.62,-2.31%,2582741
1415,"OKTA","Okta, Inc.","Technology","Software - Infrastructure","USA",16081.94,,104.07,-0.40%,1192172
1416,"OLLI","Ollie's Bargain Outlet Holdings, Inc.","Consumer Defensive","Discount Stores","USA",4074.78,34.91,62.42,-2.74%,833116
1417,"OLN","Olin Corporation","Basic Materials","Specialty Chemicals","USA",7495.26,5.85,52.17,2.27%,1610593
1418,"OLO","Olo Inc.","Technology","Software - Application","USA",2227.21,,14.05,2.48%,1389471
1419,"OLPX","Olaplex Holdings, Inc.","Consumer Cyclical","Specialty Retail","USA",10144.55,45.00,15.66,-6.73%,4310195
1420,"OM","Outset Medical, Inc.","Healthcare","Medical Devices","USA",984.60,,18.79,-3.19%,891870
1421,"OMC","Omnicom Group Inc.","Communication Services","Advertising Agencies","USA",14233.64,11.79,70.30,-0.01%,1034421
1422,"OMCL","Omnicell, Inc.","Healthcare","Health Information Services","USA",4900.69,74.30,110.70,-0.67%,324239
1423,"OMF","OneMain Holdings, Inc.","Financial","Credit Services","USA",5054.59,4.59,37.78,-1.31%,1029325
1424,"OMI","Owens & Minor, Inc.","Healthcare","Medical Distribution","USA",2480.96,12.96,32.67,0.77%,831181
1425,"ON","ON Semiconductor Corporation","Technology","Semiconductors","USA",27677.30,20.91,68.05,-1.13%,6196231
1426,"ONB","Old National Bancorp","Financial","Banks - Regional","USA",4856.25,16.66,16.99,-1.28%,1183789
1427,"ONEM","1Life Healthcare, Inc.","Healthcare","Health Information Services","USA",3290.60,,16.90,-1.17%,4888365
1428,"ONL","Orion Office REIT Inc.","Real Estate","REIT - Office","USA",591.96,,10.82,-0.55%,383885
1429,"ONON","On Holding AG","Consumer Cyclical","Apparel Retail","Switzerland",6226.19,,22.63,0.80%,1239591
1430,"OPAD","Offerpad Solutions Inc.","Real Estate","Real Estate Services","USA",443.92,32.32,1.81,-13.40%,4711970
1431,"OPCH","Option Care Health, Inc.","Healthcare","Medical Care Facilities","USA",6141.81,35.50,34.22,-1.53%,1860164
1432,"OPEN","Opendoor Technologies Inc.","Real Estate","Real Estate Services","USA",2840.68,,4.70,-9.79%,41802604
1433,"OPK","OPKO Health, Inc.","Healthcare","Diagnostics & Research","USA",1712.95,,2.40,-1.64%,4705408
1434,"OR","Osisko Gold Royalties Ltd","Basic Materials","Gold","Canada",2369.85,,10.40,3.38%,604323
1435,"ORA","Ormat Technologies, Inc.","Utilities","Utilities - Renewable","USA",4843.05,78.96,91.43,4.10%,932586
1436,"ORAN","Orange S.A.","Communication Services","Telecom Services","France",26765.10,6.54,10.10,0.60%,391146
1437,"ORC","Orchid Island Capital, Inc.","Real Estate","REIT - Mortgage","USA",557.98,,3.17,-1.55%,2161779
1438,"ORCC","Owl Rock Capital Corporation","Financial","Credit Services","USA",4983.94,9.86,12.83,0.79%,1225311
1439,"ORCL","Oracle Corporation","Technology","Software - Infrastructure","USA",201044.96,32.25,77.40,0.04%,3649853
1440,"ORGN","Origin Materials, Inc.","Basic Materials","Chemicals","USA",879.01,8.97,6.73,7.34%,1891905
1441,"ORGO","Organogenesis Holdings Inc.","Healthcare","Drug Manufacturers - Specialty & Generic","USA",783.10,9.29,5.92,2.78%,850894
1442,"ORI","Old Republic International Corporation","Financial","Insurance - Diversified","USA",6769.50,6.97,22.40,-0.36%,1608302
1443,"ORLY","O'Reilly Automotive, Inc.","Consumer Cyclical","Specialty Retail","USA",44161.29,22.33,706.92,0.22%,472983
1444,"ORMP","Oramed Pharmaceuticals Inc.","Healthcare","Biotechnology","USA",305.16,,8.64,3.47%,786146
1445,"OSCR","Oscar Health, Inc.","Healthcare","Healthcare Plans","USA",1251.92,,5.90,0.34%,1020509
1446,"OSH","Oak Street Health, Inc.","Healthcare","Medical Care Facilities","USA",7062.20,,29.57,1.72%,1957040
1447,"OSK","Oshkosh Corporation","Industrials","Farm & Heavy Construction Machinery","USA",5675.83,47.01,82.98,-0.62%,345309
1448,"OSTK","Overstock.com, Inc.","Consumer Cyclical","Internet Retail","USA",1182.73,16.83,28.39,-4.12%,1088340
1449,"OTEX","Open Text Corporation","Technology","Software - Application","Canada",11054.43,23.83,41.63,1.26%,368028
1450,"OTIS","Otis Worldwide Corporation","Industrials","Specialty Industrial Machinery","USA",32868.48,27.35,79.50,0.34%,2129609
1451,"OTLY","Oatly Group AB","Consumer Defensive","Beverages - Non-Alcoholic","Sweden",2124.31,,3.73,5.67%,4951323
1452,"OUST","Ouster, Inc.","Technology","Electronic Components","USA",325.40,,1.94,-2.02%,2275629
1453,"OUT","Outfront Media Inc.","Real Estate","REIT - Specialty","USA",2800.67,34.59,17.85,-2.72%,2122866
1454,"OVV","Ovintiv Inc.","Energy","Oil & Gas E&P","USA",11129.16,14.25,45.63,-2.79%,5673405
1455,"OWL","Blue Owl Capital Inc.","Financial","Asset Management","USA",15936.33,,11.93,4.01%,3993336
1456,"OXLC","Oxford Lane Capital Corp.","Financial","Closed-End Fund - Debt","USA",795.13,2.09,6.47,-1.45%,958611
1457,"OXY","Occidental Petroleum Corporation","Energy","Oil & Gas E&P","USA",51418.65,8.71,57.46,-5.79%,37891292
1458,"OZK","Bank OZK","Financial","Banks - Regional","USA",5058.96,9.29,39.85,-1.02%,374475
1459,"PAA","Plains All American Pipeline, L.P.","Energy","Oil & Gas Midstream","USA",7708.43,47.05,11.01,1.19%,8446582
1460,"PAAS","Pan American Silver Corp.","Basic Materials","Silver","Canada",4111.08,23.88,20.61,5.21%,2625164
1461,"PACB","Pacific Biosciences of California, Inc.","Healthcare","Diagnostics & Research","USA",1339.50,,5.81,11.52%,15133111
1462,"PACK","Ranpak Holdings Corp.","Consumer Cyclical","Packaging & Containers","USA",589.60,,5.36,1.13%,1233906
1463,"PACW","PacWest Bancorp","Financial","Banks - Regional","USA",3218.26,6.14,27.53,0.15%,809314
1464,"PAGP","Plains GP Holdings, L.P.","Energy","Oil & Gas Midstream","USA",2694.72,167.16,11.20,2.38%,5889618
1465,"PAGS","PagSeguro Digital Ltd.","Technology","Software - Infrastructure","Brazil",4969.52,22.14,15.03,22.89%,10673796
1466,"PANW","Palo Alto Networks, Inc.","Technology","Software - Infrastructure","USA",47882.25,,501.70,-5.17%,2803145
1467,"PARA","Paramount Global","Communication Services","Entertainment","USA",17178.91,4.45,25.31,1.08%,14765700
1468,"PARR","Par Pacific Holdings, Inc.","Energy","Oil & Gas Refining & Marketing","USA",946.75,,16.27,-4.01%,485503
1469,"PATH","UiPath Inc.","Technology","Software - Infrastructure","USA",11711.20,,21.29,1.57%,4530226
1470,"PAYA","Paya Holdings Inc.","Technology","Software - Infrastructure","USA",900.81,6940.00,6.94,-1.42%,532993
1471,"PAYO","Payoneer Global Inc.","Technology","Software - Infrastructure","USA",1938.46,,5.65,1.99%,1964503
1472,"PAYX","Paychex, Inc.","Industrials","Staffing & Employment Services","USA",45237.36,33.52,128.57,-0.31%,764771
1473,"PB","Prosperity Bancshares, Inc.","Financial","Banks - Regional","USA",6549.83,13.21,72.51,-1.32%,314738
1474,"PBA","Pembina Pipeline Corporation","Energy","Oil & Gas Midstream","Canada",20033.21,,36.40,-2.26%,907949
1475,"PBF","PBF Energy Inc.","Energy","Oil & Gas Refining & Marketing","USA",3302.24,2.61,29.27,-10.27%,2909055
1476,"PBI","Pitney Bowes Inc.","Industrials","Business Equipment & Supplies","USA",709.21,16.23,3.23,-1.22%,1877310
1477,"PBR","Petroleo Brasileiro S.A. - Petrobras","Energy","Oil & Gas Integrated","Brazil",79392.82,3.19,14.15,2.83%,29481469
1479,"PCAR","PACCAR Inc","Industrials","Farm & Heavy Construction Machinery","USA",30752.88,14.34,90.88,0.04%,2179852
1480,"PCG","PG&E Corporation","Utilities","Utilities - Regulated Electric","USA",27040.01,115.10,11.05,-0.63%,6640793
1481,"PCOR","Procore Technologies, Inc.","Technology","Software - Application","USA",7988.89,,62.04,9.53%,1468815
1482,"PCT","PureCycle Technologies, Inc.","Industrials","Pollution & Treatment Controls","USA",1383.20,,8.61,2.01%,724584
1483,"PD","PagerDuty, Inc.","Technology","Software - Application","USA",2426.81,,27.92,-0.50%,507593
1484,"PDCE","PDC Energy, Inc.","Energy","Oil & Gas E&P","USA",5241.02,10.94,54.92,-12.25%,2511781
1485,"PDCO","Patterson Companies, Inc.","Healthcare","Medical Distribution","USA",2885.76,14.62,30.17,0.40%,705465
1486,"PDD","Pinduoduo Inc.","Consumer Cyclical","Internet Retail","China",72720.51,37.17,51.26,3.24%,9065893
1487,"PDI","PIMCO Dynamic Income Fund","Financial","Closed-End Fund - Debt","USA",1548.92,,21.94,-1.22%,1012250
1488,"PDM","Piedmont Office Realty Trust, Inc.","Real Estate","REIT - Office","USA",1546.50,33.46,12.85,-2.50%,727784
1489,"PEAK","Healthpeak Properties, Inc.","Real Estate","REIT - Healthcare Facilities","USA",14120.06,46.67,26.88,-0.22%,4987027
1490,"PEB","Pebblebrook Hotel Trust","Real Estate","REIT - Hotel & Motel","USA",2395.60,,18.82,-1.36%,1453257
1491,"PECO","Phillips Edison & Company, Inc.","Real Estate","REIT - Retail","USA",3608.79,138.57,32.84,-0.42%,731566
1492,"PEG","Public Service Enterprise Group Incorporated","Utilities","Utilities - Diversified","USA",30461.94,,64.73,-0.99%,1983238
1493,"PEGA","Pegasystems Inc.","Technology","Software - Application","USA",3756.22,,38.70,-3.99%,461318
1494,"PENN","Penn National Gaming, Inc.","Consumer Cyclical","Resorts & Casinos","USA",5830.78,16.23,35.14,-3.96%,5644472
1495,"PEP","PepsiCo, Inc.","Consumer Defensive","Beverages - Non-Alcoholic","USA",238040.04,25.94,175.87,-0.54%,3821852
1496,"PFE","Pfizer Inc.","Healthcare","Drug Manufacturers - General","USA",287735.08,9.61,49.86,0.00%,17010955
1497,"PFG","Principal Financial Group, Inc.","Financial","Insurance - Diversified","USA",16651.70,11.67,67.98,-0.10%,1155770
1498,"PFGC","Performance Food Group Company","Consumer Defensive","Food Distribution","USA",8151.44,108.63,51.38,1.36%,655022
1499,"PFHC","ProFrac Holding Corp.","Energy","Oil & Gas Equipment & Services","USA",2416.47,,17.16,-6.54%,240325
1500,"PFSI","PennyMac Financial Services, Inc.","Financial","Mortgage Finance","USA",3004.35,4.49,56.02,-1.91%,451827
1501,"PG","The Procter & Gamble Company","Consumer Defensive","Household & Personal Products","USA",363872.85,25.28,144.65,-0.16%,6121399
1502,"PGEN","Precigen, Inc.","Healthcare","Biotechnology","USA",459.91,,2.12,18.44%,2364710
1503,"PGNY","Progyny, Inc.","Healthcare","Health Information Services","USA",2769.50,53.64,29.77,-8.54%,1622009
1504,"PGR","The Progressive Corporation","Financial","Insurance - Property & Casualty","USA",67153.17,83.24,116.78,1.77%,2627572
1505,"PGRE","Paramount Group, Inc.","Real Estate","REIT - Office","USA",1636.35,750.00,7.50,-0.79%,682337
1506,"PGY","Pagaya Technologies Ltd.","Technology","Software - Infrastructure","Israel",10638.24,,17.69,-34.24%,1623300
1507,"PH","Parker-Hannifin Corporation","Industrials","Specialty Industrial Machinery","USA",36105.61,22.69,293.47,1.18%,1176518
1508,"PHG","Koninklijke Philips N.V.","Healthcare","Diagnostics & Research","Netherlands",18249.45,46.02,20.34,1.55%,1074415
1509,"PHM","PulteGroup, Inc.","Consumer Cyclical","Residential Construction","USA",9875.48,4.71,42.62,1.82%,2044582
1510,"PHR","Phreesia, Inc.","Healthcare","Health Information Services","USA",1420.62,,26.44,3.20%,211124
1511,"PHYS","Sprott Physical Gold Trust","Financial","Exchange Traded Fund","USA",4785.35,,14.05,1.66%,2394297
1512,"PII","Polaris Inc.","Consumer Cyclical","Recreational Vehicles","USA",6579.56,17.04,116.37,-0.22%,321504
1513,"PINC","Premier, Inc.","Healthcare","Health Information Services","USA",4362.26,17.59,37.47,-1.65%,443229
1514,"PING","Ping Identity Holding Corp.","Technology","Software - Infrastructure","USA",2500.68,,28.00,-0.28%,8997584
1515,"PINS","Pinterest, Inc.","Communication Services","Internet Content & Information","USA",14733.49,41.96,22.53,0.40%,11652970
1516,"PK","Park Hotels & Resorts Inc.","Real Estate","REIT - Hotel & Motel","USA",3386.10,,15.05,-3.15%,3806018
1517,"PKG","Packaging Corporation of America","Consumer Cyclical","Packaging & Containers","USA",12789.16,12.71,137.74,-1.01%,956555
1518,"PKI","PerkinElmer, Inc.","Healthcare","Diagnostics & Research","USA",18982.62,24.68,152.95,-0.83%,515493
1519,"PL","Planet Labs PBC","Industrials","Aerospace & Defense","USA",1510.67,,5.83,0.00%,1144643
1520,"PLAB","Photronics, Inc.","Technology","Semiconductor Equipment & Materials","USA",1482.63,17.27,24.69,1.06%,813586
1521,"PLAY","Dave & Buster's Entertainment, Inc.","Consumer Cyclical","Restaurants","USA",1842.05,12.52,39.58,-0.68%,621142
1522,"PLD","Prologis, Inc.","Real Estate","REIT - Industrial","USA",93015.55,26.11,130.75,0.02%,2062597
1523,"PLNT","Planet Fitness, Inc.","Consumer Cyclical","Leisure","USA",7246.98,125.85,80.29,-1.15%,570753
1524,"PLRX","Pliant Therapeutics, Inc.","Healthcare","Biotechnology","USA",626.88,,17.37,0.40%,839595
1525,"PLTK","Playtika Holding Corp.","Communication Services","Electronic Gaming & Multimedia","Israel",5038.80,13.97,12.10,-7.14%,3267536
1526,"PLTR","Palantir Technologies Inc.","Technology","Software - Infrastructure","USA",22417.79,,11.32,1.07%,32020444
1527,"PLUG","Plug Power Inc.","Industrials","Electrical Equipment & Parts","USA",11221.04,,24.11,2.33%,19365360
1528,"PLYA","Playa Hotels & Resorts N.V.","Consumer Cyclical","Resorts & Casinos","USA",1183.61,52.96,7.15,1.13%,2409193
1529,"PM","Philip Morris International Inc.","Consumer Defensive","Tobacco","USA",151613.84,16.83,98.00,-0.82%,3251010
1530,"PMT","PennyMac Mortgage Investment Trust","Real Estate","REIT - Mortgage","USA",1356.75,,15.20,0.40%,578703
1531,"PMVP","PMV Pharmaceuticals, Inc.","Healthcare","Biotechnology","USA",782.27,,16.26,8.62%,665012
1532,"PNC","The PNC Financial Services Group, Inc.","Financial","Banks - Regional","USA",66242.38,13.89,164.08,-0.77%,1473423
1533,"PNM","PNM Resources, Inc.","Utilities","Utilities - Regulated Electric","USA",4073.86,21.37,48.20,-0.60%,557234
1534,"PNR","Pentair plc","Industrials","Specialty Industrial Machinery","United Kingdom",8187.25,14.47,49.30,0.61%,992713
1535,"PNT","POINT Biopharma Global Inc.","Healthcare","Biotechnology","USA",749.76,,7.95,2.58%,277999
1536,"PNW","Pinnacle West Capital Corporation","Utilities","Utilities - Regulated Electric","USA",8487.78,15.38,76.57,1.73%,1342935
1537,"PODD","Insulet Corporation","Healthcare","Medical Devices","USA",17452.20,422.46,256.01,-1.86%,684465
1538,"POLY","Plantronics, Inc.","Technology","Communication Equipment","USA",1739.22,111.15,39.79,-0.05%,1238746
1539,"POR","Portland General Electric Company","Utilities","Utilities - Regulated Electric","USA",4617.93,19.65,52.68,0.53%,796072
1540,"POSH","Poshmark, Inc.","Consumer Cyclical","Internet Retail","USA",879.30,,11.86,3.22%,666157
1541,"POWW","AMMO, Inc.","Industrials","Aerospace & Defense","USA",596.19,20.73,5.39,-1.28%,1396003
1542,"PPC","Pilgrim's Pride Corporation","Consumer Defensive","Packaged Foods","USA",7522.39,9.84,29.99,-2.85%,608772
1543,"PPG","PPG Industries, Inc.","Basic Materials","Specialty Chemicals","USA",29560.87,28.47,128.13,-0.09%,838555
1544,"PPL","PPL Corporation","Utilities","Utilities - Regulated Electric","USA",20323.16,210.29,28.60,-1.35%,4938238
1545,"PRCT","PROCEPT BioRobotics Corporation","Healthcare","Medical Devices","USA",1661.80,,38.37,-4.77%,243658
1546,"PRDO","Perdoceo Education Corporation","Consumer Defensive","Education & Training Services","USA",895.92,8.40,13.22,-2.87%,413654
1547,"PRG","PROG Holdings, Inc.","Industrials","Rental & Leasing Services","USA",963.14,8.73,20.20,2.23%,680841
1548,"PRGO","Perrigo Company plc","Healthcare","Drug Manufacturers - Specialty & Generic","Ireland",5714.19,,42.45,-0.16%,666653
1549,"PRM","Perimeter Solutions, SA","Basic Materials","Specialty Chemicals","USA",1770.04,24.97,10.91,-1.80%,831291
1550,"PRMW","Primo Water Corporation","Consumer Defensive","Beverages - Non-Alcoholic","USA",2066.84,13040.00,13.04,0.23%,1142988
1551,"PRTS","CarParts.com, Inc.","Consumer Cyclical","Internet Retail","USA",453.13,,8.54,0.00%,623380
1552,"PRU","Prudential Financial, Inc.","Financial","Insurance - Life","USA",35135.93,7.79,95.95,-0.89%,2127578
1553,"PRVA","Privia Health Group, Inc.","Healthcare","Health Information Services","USA",4071.32,,38.62,0.26%,498643
1554,"PSA","Public Storage","Real Estate","REIT - Industrial","USA",58001.81,32.13,330.57,0.66%,787093
1555,"PSEC","Prospect Capital Corporation","Financial","Asset Management","USA",3021.46,3.03,7.75,-0.13%,689947
1556,"PSFE","Paysafe Limited","Technology","Information Technology Services","United Kingdom",1586.58,,2.21,0.45%,2502089
1557,"PSLV","Sprott Physical Silver Trust","Financial","Exchange Traded Fund","USA",2945.98,,6.92,0.58%,2657006
1558,"PSNY","Polestar Automotive Holding UK","Consumer Cyclical","Auto Manufacturers","Sweden",19566.52,5.03,9.25,3.12%,2179761
1559,"PSTG","Pure Storage, Inc.","Technology","Computer Hardware","USA",8482.57,,29.52,1.48%,1723021
1560,"PSTH","Pershing Square Tontine Holdings, Ltd.","Financial","Shell Companies","USA",4028.00,,20.14,0.00%,0
1561,"PSX","Phillips 66","Energy","Oil & Gas Refining & Marketing","USA",39467.86,14.38,82.65,-3.34%,2987393
1562,"PTC","PTC Inc.","Technology","Software - Application","USA",13444.56,28.70,120.85,-0.71%,645686
1563,"PTCT","PTC Therapeutics, Inc.","Healthcare","Biotechnology","USA",3576.56,,49.23,2.95%,1347650
1564,"PTEN","Patterson-UTI Energy, Inc.","Energy","Oil & Gas Drilling","USA",2773.39,,13.86,-10.75%,3350668
1565,"PTGX","Protagonist Therapeutics, Inc.","Healthcare","Biotechnology","USA",580.11,,11.71,4.46%,1420467
1566,"PTLO","Portillo's Inc.","Consumer Cyclical","Restaurants","USA",1682.28,437.12,25.79,6.75%,1196852
1567,"PTON","Peloton Interactive, Inc.","Consumer Cyclical","Leisure","USA",3359.37,,10.50,-7.81%,11381506
1568,"PTRA","Proterra Inc.","Consumer Cyclical","Auto Manufacturers","USA",1142.36,,5.90,0.85%,1446867
1569,"PUBM","PubMatic, Inc.","Technology","Software - Application","USA",486.18,17.70,17.65,-0.62%,489839
1570,"PUK","Prudential plc","Financial","Insurance - Life","United Kingdom",31727.20,14.39,24.14,-0.33%,265444
1571,"PUMP","ProPetro Holding Corp.","Energy","Oil & Gas Equipment & Services","USA",821.58,,8.05,-5.74%,2408763
1572,"PVH","PVH Corp.","Consumer Cyclical","Apparel Manufacturing","USA",4140.54,4.60,63.73,1.11%,965302
1573,"PWP","Perella Weinberg Partners","Financial","Capital Markets","USA",682.12,,7.66,5.08%,643996
1574,"PWR","Quanta Services, Inc.","Industrials","Engineering & Construction","USA",18514.64,40.46,133.41,-2.66%,1778661
1575,"PXD","Pioneer Natural Resources Company","Energy","Oil & Gas E&P","USA",49240.90,12.98,212.86,-3.54%,3798872
1576,"PYPL","PayPal Holdings, Inc.","Financial","Credit Services","USA",112164.16,32.06,96.98,-0.96%,20122337
1577,"PZZA","Papa John's International, Inc.","Consumer Cyclical","Restaurants","USA",2990.40,,93.89,-2.98%,980716
1578,"QCOM","QUALCOMM Incorporated","Technology","Semiconductors","USA",179357.59,13.38,151.01,1.24%,6248155
1579,"QDEL","QuidelOrtho Corporation","Healthcare","Diagnostics & Research","USA",6478.32,4.14,97.17,-4.34%,928250
1580,"QFIN","360 DigiTech, Inc.","Financial","Credit Services","China",2082.73,2.85,14.72,1.66%,406150
1581,"QGEN","Qiagen N.V.","Healthcare","Diagnostics & Research","Netherlands",11160.97,22.65,50.42,1.31%,799520
1582,"QRTEA","Qurate Retail, Inc.","Consumer Cyclical","Internet Retail","USA",1229.54,11.29,3.15,5.35%,4913507
1583,"QRVO","Qorvo, Inc.","Technology","Semiconductors","USA",11389.93,11.74,108.61,1.63%,3389292
1584,"QS","QuantumScape Corporation","Consumer Cyclical","Auto Parts","USA",5112.71,,12.31,1.65%,6159954
1585,"QSI","Quantum-Si incorporated","Healthcare","Biotechnology","USA",493.38,,3.60,3.45%,408423
1586,"QSR","Restaurant Brands International Inc.","Consumer Cyclical","Restaurants","Canada",25945.24,21.92,59.09,7.42%,3505746
1587,"QTWO","Q2 Holdings, Inc.","Technology","Software - Application","USA",2581.27,,46.16,-3.63%,648095
1588,"QURE","uniQure N.V.","Healthcare","Biotechnology","Netherlands",1144.50,3.63,25.00,1.67%,439125
1589,"R","Ryder System, Inc.","Industrials","Rental & Leasing Services","USA",3897.17,5.54,77.85,1.08%,318552
1590,"RAD","Rite Aid Corporation","Healthcare","Pharmaceutical Retailers","USA",438.53,,8.72,3.07%,1384805
1591,"RADA","RADA Electronic Industries Ltd.","Industrials","Aerospace & Defense","Israel",508.59,25.94,10.48,-1.32%,175004
1592,"RADI","Radius Global Infrastructure, Inc.","Communication Services","Telecom Services","USA",1314.05,,14.72,-2.39%,717603
1593,"RAMP","LiveRamp Holdings, Inc.","Technology","Information Technology Services","USA",1981.29,,28.02,-0.21%,935182
1594,"RARE","Ultragenyx Pharmaceutical Inc.","Healthcare","Biotechnology","USA",3719.30,,55.77,4.05%,462356
1595,"RBA","Ritchie Bros. Auctioneers Incorporated","Industrials","Specialty Business Services","Canada",7776.07,26.86,72.66,1.21%,703524
1596,"RBAC","RedBall Acquisition Corp.","Financial","Shell Companies","USA",718.00,,10.00,0.00%,69845
1597,"RBLX","Roblox Corporation","Communication Services","Electronic Gaming & Multimedia","USA",27800.01,,47.96,2.04%,14640147
1598,"RC","Ready Capital Corporation","Real Estate","REIT - Mortgage","USA",1526.26,6.22,13.58,0.30%,516123
1599,"RCII","Rent-A-Center, Inc.","Industrials","Rental & Leasing Services","USA",1615.36,22.38,28.82,13.33%,1992932
1600,"RCKT","Rocket Pharmaceuticals, Inc.","Healthcare","Biotechnology","USA",1042.05,,15.10,4.14%,967813
1601,"RCL","Royal Caribbean Cruises Ltd.","Consumer Cyclical","Travel Services","USA",9070.74,,39.45,1.57%,8213877
1602,"RCM","R1 RCM Inc.","Healthcare","Health Information Services","USA",10320.49,78.70,26.05,-1.18%,1340984
1603,"RCUS","Arcus Biosciences, Inc.","Healthcare","Biotechnology","USA",1960.32,,26.85,1.90%,944674
1604,"RDFN","Redfin Corporation","Real Estate","Real Estate Services","USA",989.90,,9.08,3.18%,4972638
1605,"RDN","Radian Group Inc.","Financial","Insurance - Specialty","USA",3777.53,6.30,22.31,-0.18%,2784419
1606,"RDUS","Radius Health, Inc.","Healthcare","Drug Manufacturers - Specialty & Generic","USA",481.74,,10.11,0.20%,1333506
1607,"REE","REE Automotive Ltd.","Consumer Cyclical","Recreational Vehicles","Israel",382.91,,1.23,2.50%,1126107
1608,"REG","Regency Centers Corporation","Real Estate","REIT - Retail","USA",10562.13,22.58,62.81,0.00%,917186
1609,"REGN","Regeneron Pharmaceuticals, Inc.","Healthcare","Biotechnology","USA",68272.86,8.72,614.96,1.02%,698816
1610,"RELX","RELX PLC","Communication Services","Publishing","United Kingdom",55818.70,29.91,29.43,-0.37%,478560
1611,"RELY","Remitly Global, Inc.","Technology","Software - Infrastructure","USA",1961.07,,11.71,11.42%,3142385
1612,"RES","RPC, Inc.","Energy","Oil & Gas Equipment & Services","USA",1407.06,18.28,6.80,-9.21%,1609245
1613,"REV","Revlon, Inc.","Consumer Defensive","Household & Personal Products","USA",444.89,,7.66,-3.16%,3962952
1614,"REXR","Rexford Industrial Realty, Inc.","Real Estate","REIT - Industrial","USA",10560.67,68.62,64.71,-0.74%,838335
1615,"REZI","Resideo Technologies, Inc.","Industrials","Security & Protection Services","USA",3158.58,12.03,22.66,-0.61%,334230
1616,"RF","Regions Financial Corporation","Financial","Banks - Regional","USA",19623.43,9.43,21.02,-0.61%,7372095
1617,"RFP","Resolute Forest Products Inc.","Basic Materials","Paper & Paper Products","Canada",2440.16,3.76,20.21,-1.22%,748950
1618,"RGEN","Repligen Corporation","Healthcare","Medical Instruments & Supplies","USA",13004.39,96.39,243.30,1.21%,540466
1619,"RGLD","Royal Gold, Inc.","Basic Materials","Gold","USA",6673.82,23.59,102.69,0.96%,1002521
1620,"RGTI","Rigetti Computing, Inc.","Technology","Computer Hardware","USA",463.81,,4.27,-0.93%,325736
1621,"RH","RH","Consumer Cyclical","Specialty Retail","USA",6573.97,11.39,283.85,-1.32%,328837
1622,"RHI","Robert Half International Inc.","Industrials","Staffing & Employment Services","USA",8567.05,12.81,79.01,-1.46%,688308
1623,"RIDE","Lordstown Motors Corp.","Consumer Cyclical","Auto Manufacturers","USA",567.00,,2.98,1.71%,23087948
1624,"RIG","Transocean Ltd.","Energy","Oil & Gas Drilling","Switzerland",2052.01,,3.35,-6.42%,18391332
1625,"RIO","Rio Tinto Group","Basic Materials","Other Industrial Metals & Mining","United Kingdom",96404.49,5.46,59.32,0.24%,2574172
1626,"RIOT","Riot Blockchain, Inc.","Technology","Software - Application","USA",1081.40,46.21,8.18,0.74%,20690747
1627,"RIVN","Rivian Automotive, Inc.","Consumer Cyclical","Auto Manufacturers","USA",30410.38,,36.18,-1.12%,12390460
1628,"RJF","Raymond James Financial, Inc.","Financial","Capital Markets","USA",21050.24,14.28,100.33,0.22%,559509
1629,"RKLB","Rocket Lab USA, Inc.","Industrials","Aerospace & Defense","USA",2316.63,,5.45,5.83%,5269214
1630,"RKT","Rocket Companies, Inc.","Financial","Mortgage Finance","USA",20138.46,16.46,10.29,0.39%,4429859
1631,"RL","Ralph Lauren Corporation","Consumer Cyclical","Apparel Manufacturing","USA",6681.06,12.31,98.73,0.38%,566535
1632,"RLAY","Relay Therapeutics, Inc.","Healthcare","Biotechnology","USA",2368.75,,19.16,0.84%,960217
1633,"RLJ","RLJ Lodging Trust","Real Estate","REIT - Hotel & Motel","USA",2035.50,,12.49,0.89%,1306710
1634,"RLX","RLX Technology Inc.","Consumer Defensive","Tobacco","China",2722.88,4.95,1.61,3.21%,5346336
1635,"RMBS","Rambus Inc.","Technology","Semiconductors","USA",2890.81,,27.07,2.00%,522679
1636,"RMD","ResMed Inc.","Healthcare","Medical Instruments & Supplies","USA",34866.91,44.98,238.70,-0.38%,456256
1637,"RNG","RingCentral, Inc.","Technology","Software - Application","USA",4979.87,,49.00,-7.62%,3477153
1638,"RNW","ReNew Energy Global plc","Utilities","Utilities - Renewable","India",1820.78,,6.86,2.39%,1122791
1639,"ROCC","Ranger Oil Corporation","Energy","Oil & Gas E&P","USA",1424.91,14.03,33.30,-6.28%,350432
1640,"ROIC","Retail Opportunity Investments Corp.","Real Estate","REIT - Retail","USA",2067.40,42.67,17.11,-0.23%,418690
1641,"ROIV","Roivant Sciences Ltd.","Healthcare","Biotechnology","United Kingdom",2813.25,,3.80,0.26%,1012181
1642,"ROK","Rockwell Automation, Inc.","Industrials","Specialty Industrial Machinery","USA",27613.07,44.31,253.96,1.15%,519868
1643,"ROKU","Roku, Inc.","Communication Services","Entertainment","USA",14661.29,83.45,81.28,2.89%,13214353
1644,"ROL","Rollins, Inc.","Consumer Cyclical","Personal Services","USA",17038.86,55.99,37.74,-1.36%,1956119
1645,"ROOT","Root, Inc.","Financial","Insurance - Property & Casualty","USA",335.91,,1.32,3.94%,1730995
1646,"ROP","Roper Technologies, Inc.","Industrials","Specialty Industrial Machinery","USA",43709.73,47.30,430.85,0.24%,332408
1647,"ROST","Ross Stores, Inc.","Consumer Cyclical","Apparel Retail","USA",28952.48,18.63,83.76,-0.97%,1677597
1648,"ROVR","Rover Group, Inc.","Consumer Cyclical","Personal Services","USA",858.09,,4.76,4.85%,315839
1649,"RPAY","Repay Holdings Corporation","Technology","Software - Infrastructure","USA",1325.58,,13.67,0.59%,427442
1650,"RPD","Rapid7, Inc.","Technology","Software - Application","USA",4024.14,,67.44,-6.05%,1055617
1651,"RPM","RPM International Inc.","Basic Materials","Specialty Chemicals","USA",11264.96,23.83,90.38,0.29%,422126
1652,"RPRX","Royalty Pharma plc","Healthcare","Biotechnology","USA",25906.02,42.64,42.51,-0.79%,1142085
1653,"RPT","RPT Realty","Real Estate","REIT - Retail","USA",873.95,18.89,10.56,-0.85%,385811
1654,"RPTX","Repare Therapeutics Inc.","Healthcare","Biotechnology","Canada",558.81,,13.13,5.04%,156945
1655,"RRC","Range Resources Corporation","Energy","Oil & Gas E&P","USA",8034.30,16.83,30.00,-5.57%,3263833
1656,"RRR","Red Rock Resorts, Inc.","Consumer Cyclical","Resorts & Casinos","USA",4358.00,13.41,41.58,0.12%,310295
1657,"RSG","Republic Services, Inc.","Industrials","Waste Management","USA",42866.80,33.51,141.54,0.81%,1132074
1658,"RSI","Rush Street Interactive, Inc.","Consumer Cyclical","Gambling","USA",1373.07,,6.19,0.98%,407849
1659,"RTL","The Necessity Retail REIT, Inc.","Financial","Exchange Traded Fund","USA",1013.91,,7.68,1.99%,851615
1660,"RTLR","Rattler Midstream LP","Energy","Oil & Gas Midstream","USA",480.19,14.18,13.07,-4.46%,927124
1661,"RTX","Raytheon Technologies Corporation","Industrials","Aerospace & Defense","USA",132669.83,31.02,92.78,-1.85%,4437369
1662,"RUN","Sunrun Inc.","Technology","Solar","USA",4865.60,,31.82,3.51%,9394996
1663,"RVLV","Revolve Group, Inc.","Consumer Cyclical","Internet Retail","USA",1864.13,19.90,26.68,-13.77%,7087822
1664,"RVMD","Revolution Medicines, Inc.","Healthcare","Biotechnology","USA",2042.44,,21.80,5.83%,739847
1665,"RVNC","Revance Therapeutics, Inc.","Healthcare","Biotechnology","USA",1358.23,,18.30,1.67%,403124
1666,"RWT","Redwood Trust, Inc.","Real Estate","REIT - Mortgage","USA",958.58,4.26,8.09,-0.86%,1688087
1667,"RXRX","Recursion Pharmaceuticals, Inc.","Healthcare","Biotechnology","USA",1590.82,,9.60,-1.84%,810176
1668,"RXT","Rackspace Technology, Inc.","Technology","Software - Infrastructure","USA",1369.20,,6.98,-1.55%,465073
1669,"RY","Royal Bank of Canada","Financial","Banks - Diversified","Canada",136132.28,11.00,98.37,0.01%,1099554
1670,"RYAAY","Ryanair Holdings plc","Industrials","Airlines","Ireland",14805.82,,74.17,0.64%,309764
1671,"RYAN","Ryan Specialty Holdings, Inc.","Financial","Insurance - Specialty","USA",11256.15,31.05,44.34,-0.36%,371669
1672,"RYN","Rayonier Inc.","Real Estate","REIT - Specialty","USA",5144.38,30.97,36.20,-4.13%,751798
1673,"RYTM","Rhythm Pharmaceuticals, Inc.","Healthcare","Biotechnology","USA",876.52,,18.59,6.05%,1602748
1674,"S","SentinelOne, Inc.","Technology","Software - Infrastructure","USA",7231.48,,26.26,-3.10%,2312020
1675,"SABR","Sabre Corporation","Technology","Information Technology Services","USA",2448.78,,7.43,0.54%,6778434
1676,"SAGE","Sage Therapeutics, Inc.","Healthcare","Biotechnology","USA",2283.15,,38.34,6.44%,610613
1677,"SAIL","SailPoint Technologies Holdings, Inc.","Technology","Software - Infrastructure","USA",6055.73,,64.32,0.05%,1347327
1678,"SAN","Banco Santander, S.A.","Financial","Banks - Diversified","Spain",42274.33,4.61,2.48,0.40%,4471854
1679,"SANA","Sana Biotechnology, Inc.","Healthcare","Biotechnology","USA",1662.14,,7.41,10.10%,1796327
1680,"SAND","Sandstorm Gold Ltd.","Basic Materials","Gold","Canada",1127.54,39.27,5.89,4.43%,1372082
1681,"SAP","SAP SE","Technology","Software - Application","Germany",115187.51,28.00,95.29,1.93%,876811
1682,"SAVA","Cassava Sciences, Inc.","Healthcare","Biotechnology","USA",787.13,,17.16,-7.24%,1891832
1683,"SAVE","Spirit Airlines, Inc.","Industrials","Airlines","USA",2614.98,,24.54,0.08%,1211989
1684,"SB","Safe Bulkers, Inc.","Industrials","Marine Shipping","Monaco",433.71,2.24,3.64,-3.70%,768225
1685,"SBAC","SBA Communications Corporation","Real Estate","REIT - Specialty","USA",35635.67,87.36,346.28,0.70%,397172
1686,"SBGI","Sinclair Broadcast Group, Inc.","Communication Services","Broadcasting","USA",1686.73,0.77,23.23,-0.30%,1249035
1687,"SBH","Sally Beauty Holdings, Inc.","Consumer Cyclical","Specialty Retail","USA",1507.56,5.94,13.60,-1.81%,1609670
1688,"SBLK","Star Bulk Carriers Corp.","Industrials","Marine Shipping","Greece",2586.68,3.11,24.76,-2.63%,2362130
1689,"SBNY","Signature Bank","Financial","Banks - Regional","USA",11406.48,12.41,186.35,-1.20%,445538
1690,"SBRA","Sabra Health Care REIT, Inc.","Real Estate","REIT - Healthcare Facilities","USA",3478.23,,15.37,-0.71%,1735833
1691,"SBS","Companhia de Saneamento Basico do Estado de Sao Paulo","Utilities","Utilities - Regulated Water","Brazil",5844.33,11.36,8.93,4.69%,1836821
1692,"SBSW","Sibanye Stillwater Limited","Basic Materials","Gold","South Africa",6690.68,3.65,9.89,3.78%,2144165
1693,"SBUX","Starbucks Corporation","Consumer Cyclical","Restaurants","USA",97503.68,23.25,86.88,-0.45%,7072569
1694,"SCCO","Southern Copper Corporation","Basic Materials","Copper","USA",34730.56,12.27,46.30,-0.34%,1315520
1695,"SCHW","The Charles Schwab Corporation","Financial","Capital Markets","USA",118455.06,22.69,69.00,0.03%,5798553
1696,"SCI","Service Corporation International","Consumer Cyclical","Personal Services","USA",10182.12,13.69,64.78,-2.60%,2292043
1697,"SCS","Steelcase Inc.","Industrials","Business Equipment & Supplies","USA",1300.55,64.69,11.32,0.62%,703736
1698,"SD","SandRidge Energy, Inc.","Energy","Oil & Gas E&P","USA",612.05,5.32,16.65,-4.75%,1213280
1699,"SDC","SmileDirectClub, Inc.","Healthcare","Medical Devices","USA",517.93,,1.39,6.11%,1942929
1700,"SDGR","Schrodinger, Inc.","Healthcare","Health Information Services","USA",2538.00,,34.71,4.96%,667951
1701,"SE","Sea Limited","Communication Services","Electronic Gaming & Multimedia","Singapore",49057.61,,86.96,3.51%,5961148
1702,"SEAS","SeaWorld Entertainment, Inc.","Consumer Cyclical","Leisure","USA",3520.77,13.92,51.07,4.16%,1672141
1703,"SEAT","Vivid Seats Inc.","Communication Services","Internet Content & Information","USA",1681.08,36.23,8.26,-1.55%,500146
1704,"SEDG","SolarEdge Technologies, Inc.","Technology","Solar","Israel",15464.09,99.33,309.22,4.64%,2090531
1705,"SEE","Sealed Air Corporation","Consumer Cyclical","Packaging & Containers","USA",8142.28,15.89,56.43,-0.04%,1383462
1706,"SEIC","SEI Investments Company","Financial","Asset Management","USA",7338.71,13.35,55.63,-0.70%,458908
1707,"SEM","Select Medical Holdings Corporation","Healthcare","Medical Care Facilities","USA",3471.13,10.74,27.15,-7.84%,1129672
1708,"SENS","Senseonics Holdings, Inc.","Healthcare","Diagnostics & Research","USA",925.78,53.42,2.03,21.56%,30913576
1709,"SES","SES AI Corporation","Consumer Cyclical","Auto Parts","USA",1603.45,,5.00,-2.91%,449847
1710,"SF","Stifel Financial Corp.","Financial","Capital Markets","USA",6317.84,9.53,60.40,-0.35%,370441
1711,"SFIX","Stitch Fix, Inc.","Consumer Cyclical","Specialty Retail","USA",699.78,,6.48,0.15%,2134891
1712,"SFL","SFL Corporation Ltd.","Industrials","Marine Shipping","Bermuda",1353.75,8.04,9.78,-1.81%,529753
1713,"SFM","Sprouts Farmers Market, Inc.","Consumer Defensive","Grocery Stores","USA",3344.13,14.10,30.83,13.47%,5752564
1714,"SFNC","Simmons First National Corporation","Financial","Banks - Regional","USA",2951.04,12.07,23.58,-0.59%,529770
1715,"SG","Sweetgreen, Inc.","Consumer Cyclical","Restaurants","USA",1818.19,,18.47,-5.43%,1410874
1716,"SGEN","Seagen Inc.","Healthcare","Biotechnology","USA",31799.01,,175.86,0.50%,477720
1717,"SGFY","Signify Health, Inc.","Healthcare","Health Information Services","USA",4613.61,109.72,19.42,5.14%,2950515
1718,"SGH","SMART Global Holdings, Inc.","Technology","Semiconductors","USA",952.45,15.95,19.98,0.10%,233154
1719,"SGMO","Sangamo Therapeutics, Inc.","Healthcare","Biotechnology","USA",745.41,,4.77,-0.63%,2143791
1720,"SGRY","Surgery Partners, Inc.","Healthcare","Medical Care Facilities","USA",3200.57,,36.01,-1.69%,296662
1721,"SHAK","Shake Shack Inc.","Consumer Cyclical","Restaurants","USA",1974.74,,51.04,-6.23%,3166940
1722,"SHC","Sotera Health Company","Healthcare","Diagnostics & Research","USA",5127.80,38.03,18.37,1.27%,805770
1723,"SHCR","Sharecare, Inc.","Healthcare","Health Information Services","USA",582.08,,1.61,2.55%,1599000
1724,"SHEL","Shell plc","Energy","Oil & Gas Integrated","United Kingdom",181455.33,5.38,51.09,-2.43%,4997743
1725,"SHLS","Shoals Technologies Group, Inc.","Technology","Solar","USA",3107.72,207.93,23.08,5.00%,1305730
1726,"SHLX","Shell Midstream Partners, L.P.","Energy","Oil & Gas Midstream","USA",6221.85,13.59,15.82,0.13%,2627856
1727,"SHO","Sunstone Hotel Investors, Inc.","Real Estate","REIT - Hotel & Motel","USA",2298.34,30.05,11.00,-1.87%,3167616
1728,"SHOO","Steven Madden, Ltd.","Consumer Cyclical","Footwear & Accessories","USA",2631.48,10.10,32.15,-1.32%,622992
1729,"SHOP","Shopify Inc.","Technology","Software - Application","Canada",52412.49,,41.02,-2.17%,31502935
1730,"SHW","The Sherwin-Williams Company","Basic Materials","Specialty Chemicals","USA",60407.86,36.54,243.09,1.58%,1016749
1731,"SI","Silvergate Capital Corporation","Financial","Banks - Regional","USA",3031.11,29.68,102.68,7.18%,1401863
1732,"SID","Companhia Siderurgica Nacional","Basic Materials","Steel","Brazil",3793.33,2.49,2.88,3.97%,5008744
1733,"SIG","Signet Jewelers Limited","Consumer Cyclical","Luxury Goods","Bermuda",2832.44,8.34,64.01,-0.94%,435326
1734,"SIGA","SIGA Technologies, Inc.","Healthcare","Biotechnology","USA",1468.04,21.80,19.47,6.45%,23146444
1735,"SILV","SilverCrest Metals Inc.","Basic Materials","Other Industrial Metals & Mining","Canada",1013.14,,6.98,6.73%,776565
1736,"SIMO","Silicon Motion Technology Corporation","Technology","Semiconductors","Hong Kong",2666.33,12.62,80.07,-2.66%,807238
1737,"SIRI","Sirius XM Holdings Inc.","Communication Services","Broadcasting","USA",25462.44,21.44,6.71,-0.15%,11997365
1738,"SITC","SITE Centers Corp.","Real Estate","REIT - Retail","USA",2885.04,20.03,14.02,-1.34%,1115937
1739,"SIVB","SVB Financial Group","Financial","Banks - Regional","USA",23123.24,16.03,416.26,0.69%,478910
1740,"SIX","Six Flags Entertainment Corporation","Consumer Cyclical","Leisure","USA",2009.76,13.10,23.98,0.50%,1839351
1741,"SJI","South Jersey Industries, Inc.","Utilities","Utilities - Diversified","USA",4227.91,49.11,34.57,0.03%,1490119
1742,"SJM","The J. M. Smucker Company","Consumer Defensive","Packaged Foods","USA",13874.06,22.79,133.11,-0.83%,755201
1743,"SJR","Shaw Communications Inc.","Communication Services","Telecom Services","Canada",13445.40,20.57,27.07,0.19%,240251
1744,"SJT","San Juan Basin Royalty Trust","Energy","Oil & Gas E&P","USA",554.96,13.15,12.02,-2.12%,569791
1745,"SKIL","Skillsoft Corp.","Consumer Defensive","Education & Training Services","USA",698.39,,4.10,0.49%,243816
1746,"SKIN","The Beauty Health Company","Consumer Defensive","Household & Personal Products","USA",2134.98,,14.50,1.47%,1461691
1747,"SKLZ","Skillz Inc.","Communication Services","Electronic Gaming & Multimedia","USA",602.27,,1.57,-13.26%,11820351
1748,"SKT","Tanger Factory Outlet Centers, Inc.","Real Estate","REIT - Retail","USA",1604.81,69.21,15.85,-0.75%,362746
1749,"SKX","Skechers U.S.A., Inc.","Consumer Cyclical","Footwear & Accessories","USA",5883.77,8.65,39.38,2.13%,1060423
1750,"SKYH","Sky Harbour Group Corporation","Industrials","Aerospace & Defense","USA",301.59,,4.82,1.05%,12041
1751,"SKYX","SQL Technologies Corp.","Technology","Consumer Electronics","USA",360.87,,6.42,-0.16%,660039
1752,"SLB","Schlumberger Limited","Energy","Oil & Gas Equipment & Services","USA",47110.72,18.58,33.95,-4.47%,11732133
1753,"SLCA","U.S. Silica Holdings, Inc.","Energy","Oil & Gas Equipment & Services","USA",933.66,,13.83,-4.22%,1042708
1754,"SLDP","Solid Power, Inc.","Industrials","Electrical Equipment & Parts","USA",1121.84,3.88,6.72,1.20%,931216
1755,"SLF","Sun Life Financial Inc.","Financial","Insurance - Diversified","Canada",26615.18,9.16,47.01,2.06%,1150630
1756,"SLG","SL Green Realty Corp.","Real Estate","REIT - Office","USA",3026.82,7.55,47.42,-2.09%,550254
1757,"SLGC","SomaLogic, Inc.","Healthcare","Health Information Services","USA",925.78,,4.98,0.20%,899845
1758,"SLGN","Silgan Holdings Inc.","Consumer Cyclical","Packaging & Containers","USA",4677.09,12.90,42.76,-1.84%,334546
1759,"SLI","Standard Lithium Ltd.","Basic Materials","Other Industrial Metals & Mining","Canada",1234.39,,5.88,0.51%,414321
1760,"SLM","SLM Corporation","Financial","Credit Services","USA",4272.40,5.09,15.37,-1.03%,1589244
1761,"SLVM","Sylvamo Corporation","Basic Materials","Paper & Paper Products","USA",1610.25,5.11,38.68,0.21%,308280
1762,"SM","SM Energy Company","Energy","Oil & Gas E&P","USA",4247.97,16.57,37.00,-0.62%,3802526
1763,"SMAR","Smartsheet Inc.","Technology","Software - Application","USA",4398.29,,34.09,0.47%,2269057
1764,"SMCI","Super Micro Computer, Inc.","Technology","Computer Hardware","USA",2919.84,17.20,59.13,3.28%,509685
1765,"SMFG","Sumitomo Mitsui Financial Group, Inc.","Financial","Banks - Diversified","Japan",39407.64,7.92,6.08,-0.98%,2339588
1766,"SMFR","Sema4 Holdings Corp.","Healthcare","Health Information Services","USA",706.48,,1.92,4.92%,828865
1767,"SMG","The Scotts Miracle-Gro Company","Basic Materials","Agricultural Inputs","USA",4227.02,11.20,80.27,-2.29%,915804
1768,"SMPL","The Simply Good Foods Company","Consumer Defensive","Packaged Foods","USA",3441.63,34.77,33.59,0.00%,516801
1769,"SMR","NuScale Power Corporation","Utilities","Utilities - Renewable","USA",3111.90,,15.00,1.08%,899972
1770,"SMRT","SmartRent, Inc.","Consumer Cyclical","Apparel Retail","USA",976.18,54.80,5.59,-2.44%,539267
1771,"SNAP","Snap Inc.","Communication Services","Internet Content & Information","USA",16337.37,,10.25,-0.68%,48040093
1772,"SNBR","Sleep Number Corporation","Consumer Cyclical","Furnishings, Fixtures & Appliances","USA",762.61,9.96,42.94,-3.87%,401536
1773,"SNCY","Sun Country Airlines Holdings, Inc.","Industrials","Airlines","USA",1168.59,18.86,20.92,-0.24%,457744
1774,"SNDL","Sundial Growers Inc.","Healthcare","Drug Manufacturers - Specialty & Generic","Canada",620.81,,2.53,2.85%,5340785
1775,"SNDR","Schneider National, Inc.","Industrials","Trucking","USA",4115.20,9.31,24.31,0.08%,360405
1776,"SNDX","Syndax Pharmaceuticals, Inc.","Healthcare","Biotechnology","USA",1330.45,153.38,22.70,8.15%,1255438
1777,"SNN","Smith & Nephew plc","Healthcare","Medical Devices","United Kingdom",11500.74,23.23,26.27,2.50%,1073304
1778,"SNOW","Snowflake Inc.","Technology","Software - Application","USA",48197.45,,160.76,-0.99%,6335638
1779,"SNPS","Synopsys, Inc.","Technology","Software - Infrastructure","USA",54786.20,57.95,372.29,0.39%,756564
1780,"SNV","Synovus Financial Corp.","Financial","Banks - Regional","USA",5707.20,8.22,39.36,-1.25%,588387
1781,"SNY","Sanofi","Healthcare","Drug Manufacturers - General","France",126161.95,18.20,49.18,0.70%,1036805
1782,"SO","The Southern Company","Utilities","Utilities - Regulated Electric","USA",78933.71,27.58,77.97,0.92%,5239725
1783,"SOFI","SoFi Technologies, Inc.","Financial","Credit Services","USA",7692.50,,8.23,0.00%,61494678
1784,"SOL","ReneSola Ltd","Technology","Solar","USA",366.72,110.17,6.61,1.07%,518013
1785,"SON","Sonoco Products Company","Consumer Cyclical","Packaging & Containers","USA",5879.48,14.28,61.20,-1.99%,675937
1786,"SOND","Sonder Holdings Inc.","Consumer Cyclical","Lodging","USA",326.80,,1.85,16.35%,1518874
1787,"SONO","Sonos, Inc.","Technology","Consumer Electronics","USA",2808.96,23.19,22.80,1.02%,1883953
1788,"SONY","Sony Group Corporation","Technology","Consumer Electronics","Japan",108529.06,16.37,85.95,-1.37%,1030824
1789,"SOUN","SoundHound AI, Inc.","Technology","Software - Application","USA",785.88,,3.70,-2.63%,132964
1790,"SPCE","Virgin Galactic Holdings, Inc.","Industrials","Aerospace & Defense","USA",2046.76,,8.19,-0.73%,7646895
1791,"SPG","Simon Property Group, Inc.","Real Estate","REIT - Retail","USA",33330.13,15.61,105.82,-1.04%,1415163
1792,"SPGI","S&P Global Inc.","Financial","Financial Data & Stock Exchanges","USA",122991.33,27.27,377.90,2.65%,1971145
1793,"SPLK","Splunk Inc.","Technology","Software - Infrastructure","USA",17688.54,,112.18,0.61%,992091
1794,"SPNT","SiriusPoint Ltd.","Financial","Insurance - Reinsurance","Bermuda",736.23,,4.36,4.31%,1250912
1795,"SPOT","Spotify Technology S.A.","Communication Services","Internet Content & Information","Luxembourg",24330.67,327.27,122.40,1.61%,1457292
1796,"SPR","Spirit AeroSystems Holdings, Inc.","Industrials","Aerospace & Defense","USA",3167.33,,30.42,-3.43%,3147775
1797,"SPT","Sprout Social, Inc.","Technology","Software - Application","USA",3206.02,,58.27,-1.09%,473090
1798,"SPWH","Sportsman's Warehouse Holdings, Inc.","Consumer Cyclical","Leisure","USA",425.80,4.39,9.82,-2.68%,247472
1799,"SPWR","SunPower Corporation","Technology","Solar","USA",3259.69,484.26,22.76,2.34%,3718647
1800,"SQ","Block, Inc.","Technology","Software - Infrastructure","USA",49812.20,,89.70,1.85%,22250947
1801,"SQM","Sociedad Quimica y Minera de Chile S.A.","Basic Materials","Chemicals","Chile",24785.88,20.60,94.74,-0.22%,1342620
1802,"SQSP","Squarespace, Inc.","Technology","Software - Infrastructure","USA",3152.04,,23.24,0.39%,689019
1803,"SRC","Spirit Realty Capital, Inc.","Real Estate","REIT - Diversified","USA",5446.80,23.39,42.22,-1.42%,582724
1804,"SRE","Sempra","Utilities","Utilities - Diversified","USA",48950.22,51.06,161.44,-1.90%,1724701
1805,"SRG","Seritage Growth Properties","Real Estate","REIT - Retail","USA",478.45,,11.61,1.04%,371248
1806,"SRNE","Sorrento Therapeutics, Inc.","Healthcare","Biotechnology","USA",1066.28,,2.70,1.12%,8482189
1807,"SRPT","Sarepta Therapeutics, Inc.","Healthcare","Biotechnology","USA",8200.20,,101.45,5.56%,1599084
1808,"SRRK","Scholar Rock Holding Corporation","Healthcare","Biotechnology","USA",398.31,,7.01,3.85%,578483
1809,"SSNC","SS&C Technologies Holdings, Inc.","Technology","Software - Application","USA",16116.30,22.59,60.83,-0.99%,889016
1810,"SSRM","SSR Mining Inc.","Basic Materials","Gold","USA",3236.32,10.77,15.56,4.22%,3227359
1811,"SSYS","Stratasys Ltd.","Technology","Computer Hardware","USA",1245.47,,19.17,-4.96%,856815
1812,"ST","Sensata Technologies Holding plc","Technology","Scientific & Technical Instruments","USA",7053.99,28.67,45.82,0.20%,1355987
1813,"STAG","STAG Industrial, Inc.","Real Estate","REIT - Industrial","USA",5720.45,26.06,33.07,0.21%,1464566
1814,"STAR","iStar Inc.","Real Estate","REIT - Diversified","USA",1399.24,369.09,16.24,-0.37%,604108
1815,"STE","STERIS plc","Healthcare","Medical Instruments & Supplies","Ireland",20435.02,86.88,207.99,2.46%,981251
1816,"STEM","Stem, Inc.","Technology","Software - Infrastructure","USA",1457.78,,12.33,5.75%,5106752
1817,"STGW","Stagwell Inc.","Communication Services","Advertising Agencies","USA",1780.62,175.28,6.31,-9.73%,532608
1818,"STKL","SunOpta Inc.","Consumer Defensive","Packaged Foods","USA",912.83,,8.91,-0.22%,722454
1819,"STLA","Stellantis N.V.","Consumer Cyclical","Auto Manufacturers","Netherlands",45766.85,3.17,14.61,-0.81%,4165669
1820,"STLD","Steel Dynamics, Inc.","Basic Materials","Steel","USA",13671.35,3.44,77.48,1.47%,1622589
1821,"STM","STMicroelectronics N.V.","Technology","Semiconductors","Switzerland",35191.16,13.05,39.59,0.79%,2355358
1822,"STNE","StoneCo Ltd.","Technology","Software - Application","Cayman Islands",3521.03,,11.07,5.43%,7965476
1823,"STNG","Scorpio Tankers Inc.","Energy","Oil & Gas Midstream","Monaco",2423.29,,38.15,-2.45%,680305
1824,"STON","StoneMor Inc.","Consumer Cyclical","Personal Services","USA",405.28,,3.41,0.00%,173995
1825,"STOR","STORE Capital Corporation","Real Estate","REIT - Diversified","USA",7582.36,25.38,27.94,-1.90%,2367928
1826,"STRY","Starry Group Holdings, Inc.","Communication Services","Telecom Services","USA",733.88,,4.11,4.58%,373687
1827,"STT","State Street Corporation","Financial","Asset Management","USA",25079.68,9.74,70.33,-0.97%,1804715
1828,"STWD","Starwood Property Trust, Inc.","Real Estate","REIT - Mortgage","USA",7129.88,10.91,23.58,0.60%,1180420
1829,"STX","Seagate Technology Holdings plc","Technology","Computer Hardware","Ireland",16990.43,10.96,80.39,0.29%,1180648
1830,"STZ","Constellation Brands, Inc.","Consumer Defensive","Beverages - Wineries & Distilleries","USA",45499.91,39.65,243.12,-1.40%,873937
1831,"SU","Suncor Energy Inc.","Energy","Oil & Gas Integrated","Canada",42073.98,9.16,30.73,-4.48%,6696263
1832,"SUI","Sun Communities, Inc.","Real Estate","REIT - Residential","USA",19511.65,60.32,162.57,0.63%,655185
1833,"SUM","Summit Materials, Inc.","Basic Materials","Building Materials","USA",3368.68,24.97,29.39,6.80%,886004
1834,"SUMO","Sumo Logic, Inc.","Technology","Software - Infrastructure","USA",923.49,,7.75,2.51%,672558
1835,"SUNL","Sunlight Financial Holdings Inc.","Financial","Credit Services","USA",476.60,,4.06,1.75%,479924
1836,"SUZ","Suzano S.A.","Basic Materials","Paper & Paper Products","Brazil",12183.46,5.66,9.03,0.89%,1764953
1837,"SVC","Service Properties Trust","Real Estate","REIT - Hotel & Motel","USA",1080.58,,6.72,-0.15%,651469
1838,"SVM","Silvercorp Metals Inc.","Basic Materials","Silver","Canada",444.36,15.64,2.69,6.32%,1312980
1839,"SWAV","ShockWave Medical, Inc.","Healthcare","Medical Devices","USA",7907.18,277.02,219.40,-0.20%,454720
1840,"SWBI","Smith & Wesson Brands, Inc.","Industrials","Aerospace & Defense","USA",629.33,3.51,14.19,-2.74%,949443
1841,"SWCH","Switch, Inc.","Technology","Information Technology Services","USA",8282.31,847.00,33.88,-0.09%,4089963
1842,"SWI","SolarWinds Corporation","Technology","Software - Infrastructure","USA",1513.77,,9.61,-0.31%,580061
1843,"SWIM","Latham Group, Inc.","Industrials","Building Products & Equipment","USA",731.41,,5.77,2.12%,718215
1844,"SWIR","Sierra Wireless, Inc.","Technology","Communication Equipment","Canada",1083.19,,30.59,-0.55%,4526787
1845,"SWK","Stanley Black & Decker, Inc.","Industrials","Tools & Accessories","USA",17062.04,16.38,93.66,-0.04%,2515890
1846,"SWKS","Skyworks Solutions, Inc.","Technology","Semiconductors","USA",17960.00,13.78,113.52,1.43%,3788923
1847,"SWN","Southwestern Energy Company","Energy","Oil & Gas E&P","USA",7521.07,,6.49,-2.84%,43396636
1848,"SWTX","SpringWorks Therapeutics, Inc.","Healthcare","Biotechnology","USA",1694.05,,34.39,10.79%,775817
1849,"SXC","SunCoke Energy, Inc.","Basic Materials","Coking Coal","USA",552.18,9.91,6.64,-2.92%,844643
1850,"SYF","Synchrony Financial","Financial","Credit Services","USA",15827.02,4.93,33.76,-0.71%,3772398
1851,"SYK","Stryker Corporation","Healthcare","Medical Devices","USA",79933.50,39.40,214.23,-0.77%,979896
1852,"SYM","Symbotic Inc.","Financial","Shell Companies","USA",882.55,,16.63,0.79%,190077
1853,"SYNH","Syneos Health, Inc.","Healthcare","Diagnostics & Research","USA",6863.48,29.62,68.45,2.50%,883320
1854,"SYY","Sysco Corporation","Consumer Defensive","Food Distribution","USA",44724.11,44.41,86.29,-0.13%,1790043
1855,"T","AT&T Inc.","Communication Services","Telecom Services","USA",127488.25,6.76,18.27,-0.54%,28242384
1856,"TAK","Takeda Pharmaceutical Company Limited","Healthcare","Drug Manufacturers - Specialty & Generic","Japan",44026.74,29.58,13.93,0.29%,1705718
1857,"TAL","TAL Education Group","Consumer Defensive","Education & Training Services","China",3280.18,,4.80,-0.62%,2679955
1858,"TALO","Talos Energy Inc.","Energy","Oil & Gas E&P","USA",1252.04,,16.06,-5.19%,1129843
1859,"TAP","Molson Coors Beverage Company","Consumer Defensive","Beverages - Brewers","USA",11302.11,10.73,52.91,-2.36%,2075210
1860,"TBLA","Taboola.com Ltd.","Communication Services","Internet Content & Information","USA",643.31,,2.68,-2.55%,251678
1861,"TBPH","Theravance Biopharma, Inc.","Healthcare","Biotechnology","Cayman Islands",733.94,,9.48,2.60%,585730
1862,"TCBI","Texas Capital Bancshares, Inc.","Financial","Banks - Regional","USA",2919.22,18.28,59.01,-0.02%,515141
1863,"TCN","Tricon Residential Inc.","Real Estate","Real Estate Services","Canada",3794.50,3.27,11.27,0.00%,909899
1864,"TCOM","Trip.com Group Limited","Consumer Cyclical","Travel Services","China",17543.82,,26.80,2.06%,2918941
1865,"TCRT","Alaunos Therapeutics, Inc.","Healthcare","Biotechnology","USA",375.19,,1.68,8.39%,3305828
1866,"TCS","The Container Store Group, Inc.","Consumer Cyclical","Specialty Retail","USA",363.60,4.44,7.21,0.84%,396745
1867,"TD","The Toronto-Dominion Bank","Financial","Banks - Diversified","Canada",115661.01,10.27,64.57,-1.16%,2451055
1868,"TDC","Teradata Corporation","Technology","Information Technology Services","USA",4064.61,33.31,38.84,0.83%,1167193
1869,"TDOC","Teladoc Health, Inc.","Healthcare","Health Information Services","USA",7115.90,,37.46,-2.70%,5031258
1870,"TDS","Telephone and Data Systems, Inc.","Communication Services","Telecom Services","USA",1754.30,16.91,15.30,-2.98%,1604843
1871,"TEAM","Atlassian Corporation Plc","Technology","Software - Application","Australia",55206.24,,230.41,2.34%,2151271
1872,"TECK","Teck Resources Limited","Basic Materials","Other Industrial Metals & Mining","Canada",14358.33,3.61,28.75,2.53%,5757775
1873,"TEF","Telefonica, S.A.","Communication Services","Telecom Services","Spain",24616.14,3.07,4.33,-0.46%,1979789
1874,"TEL","TE Connectivity Ltd.","Technology","Electronic Components","Switzerland",40813.54,17.44,133.26,0.02%,962186
1875,"TELL","Tellurian Inc.","Energy","Oil & Gas E&P","USA",1820.63,,3.17,-6.49%,12261603
1876,"TEN","Tenneco Inc.","Consumer Cyclical","Auto Parts","USA",1561.72,,18.80,-1.93%,1580410
1877,"TENB","Tenable Holdings, Inc.","Technology","Software - Infrastructure","USA",4585.90,,41.98,-0.54%,1047834
1878,"TER","Teradyne, Inc.","Technology","Semiconductor Equipment & Materials","USA",15817.94,21.43,101.71,0.29%,1324295
1879,"TEVA","Teva Pharmaceutical Industries Limited","Healthcare","Drug Manufacturers - Specialty & Generic","Israel",11173.09,,10.12,1.50%,19311707
1880,"TEX","Terex Corporation","Industrials","Farm & Heavy Construction Machinery","USA",2270.10,10.64,34.50,1.00%,1010105
1881,"TFC","Truist Financial Corporation","Financial","Banks - Regional","USA",64160.38,11.17,49.27,-2.24%,4386447
1882,"TGI","Triumph Group, Inc.","Industrials","Aerospace & Defense","USA",929.33,,14.70,1.59%,846508
1883,"TGNA","TEGNA Inc.","Communication Services","Broadcasting","USA",4794.25,9.56,21.38,1.14%,1229533
1884,"TGT","Target Corporation","Consumer Defensive","Discount Stores","USA",73083.20,13.81,166.56,-0.81%,3155511
1885,"TGTX","TG Therapeutics, Inc.","Healthcare","Biotechnology","USA",1034.26,,6.45,6.44%,2615300
1886,"TH","Target Hospitality Corp.","Industrials","Specialty Business Services","USA",1302.71,142.45,13.39,-4.01%,1155438
1887,"THC","Tenet Healthcare Corporation","Healthcare","Medical Care Facilities","USA",6624.20,8.00,64.07,-2.84%,844648
1888,"THO","Thor Industries, Inc.","Consumer Cyclical","Recreational Vehicles","USA",4443.00,4.30,84.10,-2.24%,813350
1889,"TIGR","UP Fintech Holding Limited","Financial","Capital Markets","China",627.63,,3.92,5.66%,1912018
1890,"TIL","Instil Bio, Inc.","Healthcare","Biotechnology","USA",837.58,,6.12,4.44%,235198
1891,"TJX","The TJX Companies, Inc.","Consumer Cyclical","Apparel Retail","USA",73704.75,22.93,63.28,0.09%,3442153
1892,"TKC","Turkcell Iletisim Hizmetleri A.S.","Communication Services","Telecom Services","Turkey",2035.52,7.79,2.36,0.00%,275467
1893,"TLRY","Tilray Brands, Inc.","Healthcare","Drug Manufacturers - Specialty & Generic","USA",1605.91,,4.03,3.87%,28625362
1894,"TLS","Telos Corporation","Technology","Information Technology Services","USA",568.04,,8.93,1.59%,289295
1895,"TME","Tencent Music Entertainment Group","Communication Services","Internet Content & Information","China",7872.82,17.68,4.26,1.67%,6066045
1896,"TMHC","Taylor Morrison Home Corporation","Consumer Cyclical","Residential Construction","USA",3326.53,3.78,28.02,1.34%,1007802
1897,"TMO","Thermo Fisher Scientific Inc.","Healthcare","Diagnostics & Research","USA",224601.20,31.36,590.00,0.34%,999270
1898,"TMST","TimkenSteel Corporation","Basic Materials","Steel","USA",781.36,4.67,17.26,1.17%,708648
1899,"TMUS","T-Mobile US, Inc.","Communication Services","Telecom Services","USA",177603.65,105.03,143.79,0.06%,2656407
1900,"TMX","Terminix Global Holdings, Inc.","Consumer Cyclical","Personal Services","USA",5243.70,48.25,45.40,0.18%,410874
1901,"TNDM","Tandem Diabetes Care, Inc.","Healthcare","Medical Devices","USA",3669.53,673.56,58.60,-15.04%,2722953
1902,"TNL","Travel + Leisure Co.","Consumer Cyclical","Travel Services","USA",3966.66,11.44,44.03,-0.14%,538282
1903,"TOL","Toll Brothers, Inc.","Consumer Cyclical","Residential Construction","USA",5573.17,6.10,48.64,2.72%,905292
1904,"TOST","Toast, Inc.","Technology","Software - Infrastructure","USA",8137.68,,16.88,1.08%,4291442
1905,"TPH","Tri Pointe Homes, Inc.","Consumer Cyclical","Residential Construction","USA",1822.22,3.79,17.90,2.29%,1479484
1906,"TPIC","TPI Composites, Inc.","Industrials","Specialty Industrial Machinery","USA",514.95,,18.78,17.08%,1074881
1907,"TPR","Tapestry, Inc.","Consumer Cyclical","Luxury Goods","USA",8553.87,10.93,33.87,0.12%,2418387
1908,"TPTX","Turning Point Therapeutics, Inc.","Healthcare","Biotechnology","USA",3740.68,,75.25,0.00%,560347
1909,"TPX","Tempur Sealy International, Inc.","Consumer Cyclical","Furnishings, Fixtures & Appliances","USA",4434.96,9.33,27.56,-0.29%,1315018
1910,"TREX","Trex Company, Inc.","Industrials","Building Products & Equipment","USA",6712.65,31.42,63.00,-0.91%,1413605
1911,"TRGP","Targa Resources Corp.","Energy","Oil & Gas Midstream","USA",14052.09,,63.94,-5.41%,1443302
1912,"TRI","Thomson Reuters Corporation","Industrials","Consulting Services","Canada",55126.60,34.10,115.55,3.87%,905347
1913,"TRIP","Tripadvisor, Inc.","Consumer Cyclical","Travel Services","USA",2828.86,,20.06,-0.55%,2246896
1914,"TRMB","Trimble Inc.","Technology","Scientific & Technical Instruments","USA",16675.86,36.56,70.30,0.82%,994540
1915,"TRN","Trinity Industries, Inc.","Industrials","Railroads","USA",2003.63,54.81,25.43,-1.40%,497461
1916,"TROW","T. Rowe Price Group, Inc.","Financial","Asset Management","USA",27754.91,10.13,125.18,-1.21%,1123004
1917,"TROX","Tronox Holdings plc","Basic Materials","Chemicals","USA",2564.57,4.16,15.32,-2.36%,803994
1918,"TRP","TC Energy Corporation","Energy","Oil & Gas Midstream","Canada",51622.04,19.68,51.02,-1.35%,2276573
1919,"TRQ","Turquoise Hill Resources Ltd.","Basic Materials","Copper","Canada",5004.30,9.02,25.25,-1.21%,821873
1920,"TRU","TransUnion","Industrials","Consulting Services","USA",14573.39,63.56,79.51,0.54%,746682
1921,"TRV","The Travelers Companies, Inc.","Financial","Insurance - Property & Casualty","USA",37485.29,10.93,157.70,-0.27%,968179
1922,"TS","Tenaris S.A.","Energy","Oil & Gas Equipment & Services","Luxembourg",14380.03,10.02,25.41,-4.51%,3994235
1923,"TSCO","Tractor Supply Company","Consumer Cyclical","Specialty Retail","USA",20515.88,20.74,187.84,-1.61%,1020717
1924,"TSEM","Tower Semiconductor Ltd.","Technology","Semiconductors","Israel",5063.27,29.77,47.48,0.79%,434016
1925,"TSLA","Tesla, Inc.","Consumer Cyclical","Auto Manufacturers","USA",929844.33,111.14,925.90,0.40%,23799982
1926,"TSM","Taiwan Semiconductor Manufacturing Company Limited","Technology","Semiconductors","Taiwan",434321.68,17.98,88.42,2.21%,13442678
1927,"TSN","Tyson Foods, Inc.","Consumer Defensive","Farm Products","USA",30470.91,7.44,86.57,-1.13%,1287587
1928,"TSP","TuSimple Holdings Inc.","Industrials","Trucking","USA",2060.86,,9.61,-1.03%,2571344
1929,"TSVT","2seventy bio, Inc.","Healthcare","Biotechnology","USA",612.42,,15.99,3.97%,334008
1930,"TT","Trane Technologies plc","Industrials","Specialty Industrial Machinery","Ireland",34955.71,25.29,154.87,2.62%,2449610
1931,"TTD","The Trade Desk, Inc.","Technology","Software - Application","USA",25428.81,251.04,50.46,0.86%,4381505
1932,"TTE","TotalEnergies SE","Energy","Oil & Gas Integrated","France",124421.19,6.26,49.44,0.39%,2600706
1933,"TTI","TETRA Technologies, Inc.","Energy","Oil & Gas Equipment & Services","USA",460.76,163.64,3.60,-1.10%,1888580
1934,"TTM","Tata Motors Limited","Consumer Cyclical","Auto Manufacturers","India",22645.03,,29.57,-1.24%,390677
1935,"TTMI","TTM Technologies, Inc.","Technology","Electronic Components","USA",1616.63,23.78,16.53,22.35%,2208720
1936,"TTWO","Take-Two Interactive Software, Inc.","Communication Services","Electronic Gaming & Multimedia","USA",20865.21,35.61,127.39,-1.86%,2825114
1937,"TU","TELUS Corporation","Communication Services","Telecom Services","Canada",30405.37,23.12,22.50,-0.18%,1432684
1938,"TUFN","Tufin Software Technologies Ltd.","Technology","Software - Infrastructure","Israel",475.85,,12.35,-0.32%,237387
1939,"TUP","Tupperware Brands Corporation","Consumer Cyclical","Packaging & Containers","USA",470.43,4.77,10.92,14.59%,4128879
1940,"TUYA","Tuya Inc.","Technology","Software - Infrastructure","China",1201.85,,1.88,2.17%,908491
1941,"TV","Grupo Televisa, S.A.B.","Communication Services","Broadcasting","Mexico",4120.53,16.06,7.47,0.54%,1662381
1942,"TVTX","Travere Therapeutics, Inc.","Healthcare","Biotechnology","USA",1716.58,,25.79,7.46%,2442321
1943,"TW","Tradeweb Markets Inc.","Financial","Capital Markets","USA",15829.16,60.38,70.28,2.45%,638059
1944,"TWI","Titan International, Inc.","Industrials","Farm & Heavy Construction Machinery","USA",863.10,15.21,14.33,-2.05%,631213
1945,"TWKS","Thoughtworks Holding, Inc.","Technology","Information Technology Services","USA",5056.60,,16.91,0.24%,294122
1946,"TWLO","Twilio Inc.","Communication Services","Internet Content & Information","USA",17750.79,,98.19,0.51%,5382698
1947,"TWNK","Hostess Brands, Inc.","Consumer Defensive","Packaged Foods","USA",2994.04,24.19,22.16,-3.90%,1841068
1948,"TWO","Two Harbors Investment Corp.","Real Estate","REIT - Mortgage","USA",1755.95,13.03,5.16,-2.09%,2453294
1949,"TWOU","2U, Inc.","Consumer Defensive","Education & Training Services","USA",726.32,,9.18,-1.92%,922910
1950,"TWST","Twist Bioscience Corporation","Healthcare","Diagnostics & Research","USA",2589.23,,46.83,1.78%,1242569
1951,"TWTR","Twitter, Inc.","Communication Services","Internet Content & Information","USA",30092.05,,41.06,0.15%,6144658
1952,"TXG","10x Genomics, Inc.","Healthcare","Health Information Services","USA",4616.06,,42.56,0.38%,918429
1953,"TXN","Texas Instruments Incorporated","Technology","Semiconductors","USA",162012.60,20.22,184.91,0.78%,4533862
1954,"TXRH","Texas Roadhouse, Inc.","Consumer Cyclical","Restaurants","USA",5967.54,24.51,89.67,0.26%,748749
1955,"TXT","Textron Inc.","Industrials","Aerospace & Defense","USA",13760.55,17.74,64.41,-1.74%,914741
1956,"U","Unity Software Inc.","Technology","Software - Application","USA",13453.74,,45.34,0.62%,8522718
1957,"UA","Under Armour, Inc.","Consumer Cyclical","Apparel Manufacturing","USA",3772.78,8.84,8.35,-1.30%,2610973
1958,"UAA","Under Armour, Inc.","Consumer Cyclical","Apparel Manufacturing","USA",3935.76,19.79,9.30,-0.32%,9815745
1959,"UAL","United Airlines Holdings, Inc.","Industrials","Airlines","USA",12508.78,,38.63,0.00%,8956457
1960,"UBER","Uber Technologies, Inc.","Technology","Software - Application","USA",61582.29,,31.85,5.50%,55481838
1961,"UBS","UBS Group AG","Financial","Banks - Diversified","Switzerland",55754.64,7.39,16.48,2.36%,2562566
1962,"UBSI","United Bankshares, Inc.","Financial","Banks - Regional","USA",5117.44,14.68,38.33,-0.78%,476945
1963,"UCBI","United Community Banks, Inc.","Financial","Banks - Regional","USA",3493.83,14.09,33.99,-0.70%,347776
1964,"UDMY","Udemy, Inc.","Consumer Defensive","Education & Training Services","USA",2136.65,,14.43,16.84%,1271394
1965,"UDR","UDR, Inc.","Real Estate","REIT - Residential","USA",14565.85,97.21,46.66,1.06%,1857273
1966,"UE","Urban Edge Properties","Real Estate","REIT - Diversified","USA",1810.34,20.44,15.96,1.46%,1189257
1967,"UEC","Uranium Energy Corp.","Energy","Uranium","USA",1142.12,,4.15,-0.72%,5496673
1968,"UGI","UGI Corporation","Utilities","Utilities - Regulated Gas","USA",8360.32,5.87,40.99,-5.09%,1775223
1969,"UGP","Ultrapar Participacoes S.A.","Energy","Oil & Gas Refining & Marketing","Brazil",2804.88,19.40,2.60,1.56%,831667
1970,"UHS","Universal Health Services, Inc.","Healthcare","Medical Care Facilities","USA",7929.12,11.17,109.70,-1.31%,519543
1971,"UL","Unilever PLC","Consumer Defensive","Household & Personal Products","United Kingdom",122329.74,21.00,48.42,-0.78%,1598933
1972,"ULCC","Frontier Group Holdings, Inc.","Industrials","Airlines","USA",2421.01,,14.29,-1.04%,1642616
1973,"ULTA","Ulta Beauty, Inc.","Consumer Cyclical","Specialty Retail","USA",19619.12,18.43,372.35,-0.15%,884964
1974,"UMC","United Microelectronics Corporation","Technology","Semiconductors","Taiwan",16154.90,7.72,6.80,1.34%,4644571
1975,"UMPQ","Umpqua Holdings Corporation","Financial","Banks - Regional","USA",3763.64,10.30,17.32,-1.20%,1295313
1976,"UNH","UnitedHealth Group Incorporated","Healthcare","Healthcare Plans","USA",493612.00,27.88,533.75,-1.28%,2366563
1977,"UNIT","Uniti Group Inc.","Real Estate","REIT - Specialty","USA",2307.36,14.79,9.85,-3.53%,1400004
1978,"UNM","Unum Group","Financial","Insurance - Life","USA",7263.17,7.78,35.20,-2.03%,1711425
1979,"UNP","Union Pacific Corporation","Industrials","Railroads","USA",137346.69,21.17,227.35,0.76%,1890628
1980,"UNVR","Univar Solutions Inc.","Basic Materials","Chemicals","USA",4165.15,7.60,25.45,-1.01%,1271858
1981,"UP","Wheels Up Experience Inc.","Industrials","Airports & Air Services","USA",585.74,,2.47,0.00%,938877
1982,"UPS","United Parcel Service, Inc.","Industrials","Integrated Freight & Logistics","USA",160379.80,15.61,194.52,0.57%,1626066
1983,"UPST","Upstart Holdings, Inc.","Financial","Credit Services","USA",2444.88,17.18,28.33,-2.51%,7687564
1984,"UPWK","Upwork Inc.","Industrials","Staffing & Employment Services","USA",3411.03,,20.96,5.97%,1551860
1985,"URBN","Urban Outfitters, Inc.","Consumer Cyclical","Apparel Retail","USA",1860.48,7.14,20.82,-1.42%,1716366
1986,"URI","United Rentals, Inc.","Industrials","Rental & Leasing Services","USA",19886.78,13.22,319.21,0.51%,535389
1987,"USA","Liberty All-Star Equity Fund","Financial","Closed-End Fund - Equity","USA",1515.39,2.59,6.77,0.15%,646326
1988,"USB","U.S. Bancorp","Financial","Banks - Regional","USA",71442.85,10.85,47.07,-1.24%,6528803
1989,"USER","UserTesting, Inc.","Technology","Software - Application","USA",855.62,,5.97,-7.01%,502920
1990,"USFD","US Foods Holding Corp.","Consumer Defensive","Food Distribution","USA",7358.21,50.33,32.16,1.10%,1298739
1991,"UTHR","United Therapeutics Corporation","Healthcare","Biotechnology","USA",10024.94,15.33,221.35,-3.14%,383318
1992,"UTZ","Utz Brands, Inc.","Consumer Defensive","Packaged Foods","USA",2394.96,58.12,17.61,0.17%,324790
1993,"UUUU","Energy Fuels Inc.","Energy","Uranium","USA",1046.96,,6.70,-0.30%,1522853
1994,"UWMC","UWM Holdings Corporation","Financial","Mortgage Finance","USA",6032.04,7.27,4.04,1.51%,1166196
1995,"UXIN","Uxin Limited","Communication Services","Internet Content & Information","China",305.63,,0.65,5.44%,797063
1996,"V","Visa Inc.","Financial","Credit Services","USA",439408.79,32.76,213.47,2.39%,6785823
1997,"VAL","Valaris Limited","Energy","Oil & Gas Drilling","Bermuda",3284.15,,47.22,-4.95%,643250
1998,"VALE","Vale S.A.","Basic Materials","Other Industrial Metals & Mining","Brazil",62943.53,2.62,12.86,0.47%,38128206
1999,"VCSA","Vacasa, Inc.","Technology","Software - Application","USA",1199.39,,2.85,-1.04%,1090477
2000,"VCYT","Veracyte, Inc.","Healthcare","Biotechnology","USA",1967.18,,27.66,10.42%,1038344
2001,"VEEV","Veeva Systems Inc.","Healthcare","Health Information Services","USA",34960.43,79.91,231.91,1.87%,698793
2002,"VEON","VEON Ltd.","Communication Services","Telecom Services","Netherlands",1021.90,4.22,0.49,2.75%,3992787
2003,"VERU","Veru Inc.","Healthcare","Drug Manufacturers - Specialty & Generic","USA",1031.41,,12.37,0.49%,3989973
2004,"VERV","Verve Therapeutics, Inc.","Healthcare","Biotechnology","USA",1785.50,,26.10,-1.40%,1254625
2005,"VET","Vermilion Energy Inc.","Energy","Oil & Gas E&P","Canada",4352.45,3.96,22.05,-5.93%,3215551
2006,"VFC","V.F. Corporation","Consumer Cyclical","Apparel Manufacturing","USA",18395.92,14.59,45.15,0.83%,2082711
2007,"VGR","Vector Group Ltd.","Consumer Defensive","Tobacco","USA",1693.46,11.18,11.15,-1.76%,777370
2008,"VIAV","Viavi Solutions Inc.","Technology","Communication Equipment","USA",3358.35,,15.14,0.26%,918740
2009,"VICI","VICI Properties Inc.","Real Estate","REIT - Diversified","USA",32103.31,33.68,34.02,-0.06%,6279026
2010,"VIEW","View, Inc.","Industrials","Building Products & Equipment","USA",395.32,,2.12,1.92%,455189
2011,"VIPS","Vipshop Holdings Limited","Consumer Cyclical","Internet Retail","China",6069.25,10.79,9.81,1.98%,4112745
2012,"VIR","Vir Biotechnology, Inc.","Healthcare","Biotechnology","USA",4123.96,3.23,29.25,0.83%,753399
2013,"VIRT","Virtu Financial, Inc.","Financial","Capital Markets","USA",4198.78,6.34,24.56,4.47%,1256895
2014,"VIST","Vista Energy, S.A.B. de C.V.","Energy","Oil & Gas E&P","Mexico",747.23,603.57,8.45,-0.82%,542291
2015,"VIV","Telefonica Brasil S.A.","Communication Services","Telecom Services","Brazil",14360.37,13.80,8.68,2.36%,1283238
2016,"VIVO","Meridian Bioscience, Inc.","Healthcare","Diagnostics & Research","USA",1408.86,22.36,31.61,-2.05%,619781
2017,"VLD","Velo3D, Inc.","Technology","Computer Hardware","USA",620.12,,3.67,-3.93%,1315024
2018,"VLO","Valero Energy Corporation","Energy","Oil & Gas Refining & Marketing","USA",42857.72,5.98,104.33,-3.23%,5442834
2019,"VLRS","Controladora Vuela Compania de Aviacion, S.A.B. de C.V.","Industrials","Airlines","Mexico",1045.41,,9.37,1.74%,426279
2020,"VLTA","Volta Inc.","Consumer Cyclical","Specialty Retail","USA",363.99,,2.35,6.82%,5768527
2021,"VLY","Valley National Bancorp","Financial","Banks - Regional","USA",5631.82,11.43,11.58,-1.86%,2611907
2022,"VMC","Vulcan Materials Company","Basic Materials","Building Materials","USA",21999.52,37.55,170.42,2.51%,1426998
2023,"VMEO","Vimeo, Inc.","Technology","Software - Application","USA",1184.80,,6.83,0.29%,1588756
2024,"VMW","VMware, Inc.","Technology","Software - Infrastructure","USA",49241.79,30.21,117.00,0.10%,1119212
2025,"VNDA","Vanda Pharmaceuticals Inc.","Healthcare","Biotechnology","USA",612.64,32.70,10.30,-4.63%,434780
2026,"VNET","VNET Group, Inc.","Technology","Information Technology Services","China",753.31,7.71,5.05,-1.94%,976383
2027,"VNO","Vornado Realty Trust","Real Estate","REIT - Office","USA",5253.86,44.28,28.43,-2.00%,2390213
2028,"VNOM","Viper Energy Partners LP","Energy","Oil & Gas Midstream","USA",4551.56,26.92,28.19,-4.21%,800594
2029,"VNT","Vontier Corporation","Technology","Scientific & Technical Instruments","USA",3850.61,7.29,24.75,-6.07%,1823213
2030,"VOD","Vodafone Group Public Limited Company","Communication Services","Telecom Services","United Kingdom",39301.40,19.64,14.38,-0.35%,3192337
2031,"VOYA","Voya Financial, Inc.","Financial","Financial Conglomerates","USA",6068.78,7.27,60.26,-1.41%,1168796
2032,"VRAY","ViewRay, Inc.","Healthcare","Medical Devices","USA",601.36,,3.30,-3.51%,731756
2033,"VRE","Veris Residential, Inc.","Real Estate","REIT - Residential","USA",1268.86,,14.10,5.30%,1019602
2034,"VRNS","Varonis Systems, Inc.","Technology","Software - Infrastructure","USA",3375.99,,30.24,0.63%,1830626
2035,"VRNT","Verint Systems Inc.","Technology","Software - Infrastructure","USA",2931.85,,46.20,-0.60%,203082
2036,"VRRM","Verra Mobility Corporation","Industrials","Security & Protection Services","USA",2611.31,46.27,17.12,3.19%,3095753
2037,"VRSK","Verisk Analytics, Inc.","Industrials","Consulting Services","USA",30519.73,32.24,199.28,0.96%,781531
2038,"VRSN","VeriSign, Inc.","Technology","Software - Infrastructure","USA",20713.89,27.72,197.20,0.85%,489236
2039,"VRT","Vertiv Holdings Co","Industrials","Electrical Equipment & Parts","USA",4561.30,50.08,13.17,9.84%,6395892
2040,"VRTX","Vertex Pharmaceuticals Incorporated","Healthcare","Biotechnology","USA",71944.74,28.97,274.85,-0.07%,2032871
2041,"VSCO","Victoria's Secret & Co.","Consumer Cyclical","Apparel Retail","USA",2799.86,6.14,37.79,-1.49%,751461
2042,"VSH","Vishay Intertechnology, Inc.","Technology","Semiconductors","USA",2943.40,9.29,21.08,0.86%,799835
2043,"VST","Vistra Corp.","Utilities","Utilities - Independent Power Producers","USA",10198.81,28.88,25.62,0.63%,3411795
2044,"VSTO","Vista Outdoor Inc.","Consumer Cyclical","Leisure","USA",1596.05,3.47,29.28,-2.14%,542063
2045,"VTNR","Vertex Energy, Inc.","Energy","Oil & Gas Refining & Marketing","USA",733.63,,12.75,-2.30%,2824210
2046,"VTR","Ventas, Inc.","Real Estate","REIT - Healthcare Facilities","USA",19784.36,134.22,50.87,-1.34%,1892477
2047,"VTRS","Viatris Inc.","Healthcare","Drug Manufacturers - Specialty & Generic","USA",12119.95,70.22,9.62,-1.33%,9866899
2048,"VUZI","Vuzix Corporation","Technology","Consumer Electronics","USA",519.59,,8.67,-1.14%,1500344
2049,"VVNT","Vivint Smart Home, Inc.","Industrials","Security & Protection Services","USA",1020.22,,4.84,-0.41%,339945
2050,"VVR","Invesco Senior Income Trust","Financial","Closed-End Fund - Debt","USA",596.82,5.56,3.90,-0.26%,568053
2051,"VVV","Valvoline Inc.","Energy","Oil & Gas Refining & Marketing","USA",4929.86,11.88,28.37,-6.21%,3246422
2052,"VXRT","Vaxart, Inc.","Healthcare","Biotechnology","USA",510.53,,3.91,2.62%,2534908
2053,"VZ","Verizon Communications Inc.","Communication Services","Telecom Services","USA",181434.79,8.92,44.43,-1.99%,29695332
2054,"VZIO","VIZIO Holding Corp.","Technology","Consumer Electronics","USA",2011.22,,10.43,1.56%,620982
2055,"W","Wayfair Inc.","Consumer Cyclical","Internet Retail","USA",6133.72,,62.91,-2.37%,6836038
2056,"WAB","Westinghouse Air Brake Technologies Corporation","Industrials","Railroads","USA",16555.23,29.20,92.24,0.81%,1086390
2057,"WAL","Western Alliance Bancorporation","Financial","Banks - Regional","USA",8012.43,8.25,75.94,-0.62%,391157
2058,"WB","Weibo Corporation","Communication Services","Internet Content & Information","China",4894.83,14.24,18.97,-0.37%,568477
2059,"WBA","Walgreens Boots Alliance, Inc.","Healthcare","Pharmaceutical Retailers","USA",33348.56,6.61,38.98,-0.54%,5090776
2060,"WBD","Warner Bros. Discovery, Inc.","Communication Services","Entertainment","USA",42845.40,8.67,17.48,4.61%,33875997
2061,"WBS","Webster Financial Corporation","Financial","Banks - Regional","USA",7951.27,10.32,45.60,-0.78%,866911
2062,"WBT","Welbilt, Inc.","Industrials","Specialty Industrial Machinery","USA",3416.50,44.38,24.01,0.00%,0
2063,"WCC","WESCO International, Inc.","Industrials","Industrial Distribution","USA",6112.62,12.85,130.50,0.60%,1000644
2064,"WCN","Waste Connections, Inc.","Industrials","Waste Management","Canada",34251.41,56.92,139.29,2.62%,1742637
2065,"WDAY","Workday, Inc.","Technology","Software - Application","USA",39903.57,,162.54,1.36%,1666145
2066,"WDC","Western Digital Corporation","Technology","Computer Hardware","USA",15416.70,8.61,49.91,1.05%,3203571
2067,"WDS","Woodside Energy Group Ltd","Energy","Oil & Gas E&P","Australia",40823.12,10.54,21.50,-4.10%,938571
2068,"WE","WeWork Inc.","Real Estate","Real Estate Services","USA",3603.41,,4.73,-8.51%,8909322
2069,"WEBR","Weber Inc.","Consumer Cyclical","Furnishings, Fixtures & Appliances","USA",2044.83,,6.95,2.66%,175900
2070,"WEC","WEC Energy Group, Inc.","Utilities","Utilities - Regulated Electric","USA",31704.37,24.22,103.85,-0.22%,1336335
2071,"WELL","Welltower Inc.","Real Estate","REIT - Healthcare Facilities","USA",36000.45,283.22,81.00,-1.71%,2569687
2072,"WEN","The Wendy's Company","Consumer Cyclical","Restaurants","USA",4474.76,24.13,21.28,-0.75%,2169665
2073,"WERN","Werner Enterprises, Inc.","Industrials","Trucking","USA",2541.56,10.51,41.59,-2.28%,1141064
2074,"WES","Western Midstream Partners, LP","Energy","Oil & Gas Midstream","USA",10454.76,10.34,25.70,-5.79%,1235082
2075,"WETF","WisdomTree Investments, Inc.","Financial","Asset Management","USA",795.60,46.02,5.43,-0.55%,580218
2076,"WFC","Wells Fargo & Company","Financial","Banks - Diversified","USA",161635.10,10.26,42.77,-2.55%,15011808
2077,"WFRD","Weatherford International plc","Energy","Oil & Gas Equipment & Services","USA",1345.13,,21.84,-5.13%,280974
2078,"WGO","Winnebago Industries, Inc.","Consumer Cyclical","Recreational Vehicles","USA",1801.78,5.19,60.24,-4.11%,836982
2079,"WH","Wyndham Hotels & Resorts, Inc.","Consumer Cyclical","Lodging","USA",6186.56,18.28,68.61,-0.42%,400735
2080,"WHD","Cactus, Inc.","Energy","Oil & Gas Equipment & Services","USA",2805.07,38.82,38.04,-4.13%,454836
2081,"WHR","Whirlpool Corporation","Consumer Cyclical","Furnishings, Fixtures & Appliances","USA",8958.83,15.56,168.02,1.13%,561009
2082,"WING","Wingstop Inc.","Consumer Cyclical","Restaurants","USA",3062.34,96.76,129.76,-0.12%,449228
2083,"WISH","ContextLogic Inc.","Consumer Cyclical","Internet Retail","USA",1095.38,,1.74,1.16%,10081482
2084,"WIT","Wipro Limited","Technology","Information Technology Services","India",29566.02,20.83,5.50,0.18%,1814928
2085,"WIX","Wix.com Ltd.","Technology","Software - Infrastructure","Israel",3901.63,,68.27,3.68%,1119194
2086,"WKHS","Workhorse Group Inc.","Consumer Cyclical","Auto Manufacturers","USA",678.03,,4.49,10.59%,8413560
2087,"WLK","Westlake Corporation","Basic Materials","Specialty Chemicals","USA",11588.39,4.76,92.96,-1.59%,791792
2088,"WM","Waste Management, Inc.","Industrials","Waste Management","USA",67672.30,33.07,169.13,1.78%,2038234
2089,"WMB","The Williams Companies, Inc.","Energy","Oil & Gas Midstream","USA",38524.62,26.50,31.91,-2.21%,7098390
2090,"WMG","Warner Music Group Corp.","Communication Services","Entertainment","USA",16072.75,45.13,31.91,-0.31%,714821
2091,"WMS","Advanced Drainage Systems, Inc.","Industrials","Building Products & Equipment","USA",10754.05,43.45,136.82,13.59%,1764425
2092,"WMT","Walmart Inc.","Consumer Defensive","Discount Stores","USA",329974.10,26.98,125.57,-3.78%,17676675
2093,"WOLF","Wolfspeed, Inc.","Technology","Semiconductors","USA",10634.52,,88.40,-0.16%,1164474
2094,"WOOF","Petco Health and Wellness Company, Inc.","Consumer Cyclical","Specialty Retail","USA",4213.17,20.72,14.17,-0.63%,1105437
2095,"WOW","WideOpenWest, Inc.","Communication Services","Entertainment","USA",1754.32,,18.98,-0.78%,1108309
2096,"WPC","W. P. Carey Inc.","Real Estate","REIT - Diversified","USA",15048.65,30.56,84.16,-0.93%,1070781
2097,"WPM","Wheaton Precious Metals Corp.","Basic Materials","Gold","Canada",14540.77,20.31,33.76,3.05%,2308155
2098,"WRB","W. R. Berkley Corporation","Financial","Insurance - Property & Casualty","USA",16519.82,12.87,61.18,-1.54%,1310628
2099,"WRBY","Warby Parker Inc.","Healthcare","Medical Instruments & Supplies","USA",1401.48,,12.61,-1.48%,1052363
2100,"WRE","Washington Real Estate Investment Trust","Real Estate","REIT - Office","USA",1784.51,,20.94,0.38%,380575
2101,"WRK","WestRock Company","Consumer Cyclical","Packaging & Containers","USA",10150.18,13.62,40.41,-3.95%,2262790
2102,"WSC","WillScot Mobile Mini Holdings Corp.","Industrials","Rental & Leasing Services","USA",8507.93,43.66,40.78,4.24%,3650864
2103,"WSM","Williams-Sonoma, Inc.","Consumer Cyclical","Specialty Retail","USA",9515.86,9.40,144.75,0.04%,856906
2104,"WTI","W&T Offshore, Inc.","Energy","Oil & Gas E&P","USA",575.19,,4.28,-5.93%,2925123
2105,"WTRG","Essential Utilities, Inc.","Utilities","Utilities - Regulated Water","USA",13035.92,30.87,51.56,-0.73%,1083402
2106,"WTW","Willis Towers Watson Public Limited Company","Financial","Insurance Brokers","United Kingdom",22998.55,15.08,210.09,0.85%,464200
2107,"WU","The Western Union Company","Financial","Credit Services","USA",6188.32,7.14,16.25,-5.58%,6862925
2108,"WW","WW International, Inc.","Consumer Cyclical","Personal Services","USA",515.49,6.76,7.34,-6.50%,1789417
2109,"WWE","World Wrestling Entertainment, Inc.","Communication Services","Entertainment","USA",5206.91,30.05,71.23,0.35%,342014
2110,"WWW","Wolverine World Wide, Inc.","Consumer Cyclical","Footwear & Accessories","USA",1807.57,49.21,22.93,0.00%,346256
2111,"WY","Weyerhaeuser Company","Real Estate","REIT - Specialty","USA",25794.97,9.79,35.19,-0.96%,2488271
2112,"WYNN","Wynn Resorts, Limited","Consumer Cyclical","Resorts & Casinos","USA",7758.10,,67.10,1.22%,1642153
2113,"X","United States Steel Corporation","Basic Materials","Steel","USA",5390.86,1.34,23.03,1.41%,10704091
2114,"XEL","Xcel Energy Inc.","Utilities","Utilities - Regulated Electric","USA",38983.69,24.79,74.56,0.34%,2823046
2115,"XENE","Xenon Pharmaceuticals Inc.","Healthcare","Biotechnology","Canada",2239.20,,36.28,7.82%,743121
2116,"XHR","Xenia Hotels & Resorts, Inc.","Real Estate","REIT - Hotel & Motel","USA",1865.66,,16.68,0.72%,406366
2117,"XM","Qualtrics International Inc.","Technology","Software - Application","USA",7524.14,,12.53,-0.95%,1456029
2118,"XOM","Exxon Mobil Corporation","Energy","Oil & Gas Integrated","USA",347035.39,14.48,87.19,-4.21%,31785998
2119,"XOS","Xos, Inc.","Industrials","Farm & Heavy Construction Machinery","USA",306.27,15.80,1.88,3.87%,664740
2120,"XP","XP Inc.","Financial","Capital Markets","Brazil",12464.06,18.80,23.43,1.65%,6151517
2121,"XPEV","XPeng Inc.","Consumer Cyclical","Auto Manufacturers","China",16082.48,,24.09,4.78%,13091240
2122,"XPO","XPO Logistics, Inc.","Industrials","Integrated Freight & Logistics","USA",6379.80,9.43,61.25,1.16%,1463409
2123,"XPRO","Expro Group Holdings N.V.","Energy","Oil & Gas Equipment & Services","USA",1151.30,,11.05,-3.07%,640433
2124,"XRAY","DENTSPLY SIRONA Inc.","Healthcare","Medical Instruments & Supplies","USA",7807.55,21.36,35.91,0.03%,1192389
2125,"XRX","Xerox Holdings Corporation","Technology","Information Technology Services","USA",2645.54,,17.49,0.06%,1272241
2126,"XXII","22nd Century Group, Inc.","Healthcare","Drug Manufacturers - Specialty & Generic","USA",379.73,,1.91,3.24%,1143949
2127,"XYL","Xylem Inc.","Industrials","Specialty Industrial Machinery","USA",16679.34,41.99,97.70,0.40%,981276
2128,"YELL","Yellow Corporation","Industrials","Trucking","USA",311.48,,6.70,42.25%,7845562
2129,"YELP","Yelp Inc.","Communication Services","Internet Content & Information","USA",2305.71,56.40,32.32,-1.40%,796005
2130,"YETI","YETI Holdings, Inc.","Consumer Cyclical","Leisure","USA",3462.14,18.85,44.16,-18.76%,6342053
2131,"YEXT","Yext, Inc.","Technology","Software - Infrastructure","USA",600.50,,4.75,5.56%,1337365
2132,"YMM","Full Truck Alliance Co. Ltd.","Technology","Software - Application","China",10158.28,,8.59,5.27%,4470997
2133,"YOU","Clear Secure, Inc.","Technology","Software - Application","USA",3861.07,,27.16,1.04%,483480
2134,"YPF","YPF Sociedad Anonima","Energy","Oil & Gas Integrated","Argentina",3350.73,6.52,3.66,-1.61%,1096402
2135,"YSG","Yatsen Holding Limited","Consumer Cyclical","Specialty Retail","China",608.19,,1.32,5.60%,2010958
2136,"YUM","Yum! Brands, Inc.","Consumer Cyclical","Restaurants","USA",33658.41,21.79,120.02,0.18%,1539142
2137,"YUMC","Yum China Holdings, Inc.","Consumer Cyclical","Restaurants","China",19765.18,24.70,49.15,3.54%,1402530
2138,"YY","JOYY Inc.","Communication Services","Internet Content & Information","Singapore",1954.90,,27.05,1.01%,430787
2139,"Z","Zillow Group, Inc.","Communication Services","Internet Content & Information","USA",7050.40,,37.66,0.59%,4104923
2140,"ZBH","Zimmer Biomet Holdings, Inc.","Healthcare","Medical Devices","USA",23910.05,78.88,113.35,-1.95%,852135
2141,"ZEN","Zendesk, Inc.","Technology","Software - Application","USA",9319.04,,76.08,0.70%,2171760
2142,"ZETA","Zeta Global Holdings Corp.","Technology","Software - Application","USA",1344.35,,6.70,7.72%,3509438
2143,"ZG","Zillow Group, Inc.","Communication Services","Internet Content & Information","USA",9619.06,,38.13,0.21%,985670
2144,"ZH","Zhihu Inc.","Communication Services","Internet Content & Information","China",1085.40,,1.34,-1.47%,3201109
2145,"ZI","ZoomInfo Technologies Inc.","Technology","Software - Application","USA",18405.04,1333.14,46.66,4.20%,4467258
2146,"ZIM","ZIM Integrated Shipping Services Ltd.","Industrials","Marine Shipping","Israel",5643.38,1.04,50.03,1.89%,2456720
2147,"ZION","Zions Bancorporation, National Association","Financial","Banks - Regional","USA",7920.80,8.68,53.31,-1.20%,949146
2148,"ZIP","ZipRecruiter, Inc.","Industrials","Staffing & Employment Services","USA",2132.54,,18.43,0.33%,482689
2149,"ZLAB","Zai Lab Limited","Healthcare","Biotechnology","China",4207.12,,40.83,8.10%,404940
2150,"ZM","Zoom Video Communications, Inc.","Communication Services","Telecom Services","USA",34339.91,27.39,112.86,-0.10%,2145856
2151,"ZNTL","Zentalis Pharmaceuticals, Inc.","Healthcare","Biotechnology","USA",1761.26,,30.70,1.49%,699547
2152,"ZOM","Zomedica Corp.","Healthcare","Drug Manufacturers - Specialty & Generic","USA",329.72,,0.33,3.16%,21193224
2153,"ZS","Zscaler, Inc.","Technology","Software - Infrastructure","USA",22038.74,,161.99,-2.00%,2937556
2154,"ZTO","ZTO Express (Cayman) Inc.","Industrials","Integrated Freight & Logistics","China",23521.85,28.57,26.66,1.79%,914481
2155,"ZTS","Zoetis Inc.","Healthcare","Drug Manufacturers - Specialty & Generic","USA",79752.05,40.00,174.31,-3.25%,2389945
2156,"ZUO","Zuora, Inc.","Technology","Software - Infrastructure","USA",1187.37,,9.00,1.24%,803598
2157,"ZWS","Zurn Water Solutions Corporation","Industrials","Pollution & Treatment Controls","USA",5028.59,43.44,28.89,1.94%,1665485
2158,"ZYME","Zymeworks Inc.","Healthcare","Biotechnology","Canada",383.84,,6.61,5.59%,1158767
