No.,Ticker,Company,Sector,Industry,Country,Market Cap,P/E,Price,Change,Volume
1,A,"Agilent Technologies, Inc.",Healthcare,Diagnostics & Research,USA,35804.19,28.75,119.24,-3.15%,1196762
2,AA,Alcoa Corporation,Basic Materials,Aluminum,USA,7935.39,11.29,42.25,-1.12%,4269158
3,AAL,American Airlines Group Inc.,Industrials,Airlines,USA,9682.62,,14.77,9.98%,74670701
4,AAP,"Advance Auto Parts, Inc.",Consumer Cyclical,Specialty Retail,USA,11214.24,20.47,183.84,1.15%,787279
5,AAPL,Apple Inc.,Technology,Consumer Electronics,USA,2349692.3,23.71,145.86,0.68%,77443783
6,AAU,Almaden Minerals Ltd.,Basic Materials,Gold,Canada,28.99,,0.22,-5.45%,302176
7,AAWW,"Atlas Air Worldwide Holdings, Inc.",Industrials,Airports & Air Services,USA,1682.7,3.93,60.42,-0.12%,206883
8,AB,AllianceBernstein Holding L.P.,Financial,Asset Management,USA,4129.71,10.42,41.01,-0.02%,211272
9,ABB,ABB Ltd,Industrials,Specialty Industrial Machinery,Switzerland,52129.04,11.2,26.42,-0.08%,2693882
10,ABBV,AbbVie Inc.,Healthcare,Drug Manufacturers - General,USA,267914.92,21.87,152.46,-0.50%,5306756
11,ABCB,Ameris Bancorp,Financial,Banks - Regional,USA,2844.92,8.56,40.94,0.59%,309816
12,ABEV,Ambev S.A.,Consumer Defensive,Beverages - Brewers,Brazil,38666.45,15.79,2.51,-2.33%,32751437
13,ABM,ABM Industries Incorporated,Industrials,Specialty Business Services,USA,2868.52,20.04,42.75,-1.06%,213292
14,ABR,"Arbor Realty Trust, Inc.",Real Estate,REIT - Mortgage,USA,2204.36,7.1,13.83,0.58%,1660125
15,ABT,Abbott Laboratories,Healthcare,Medical Devices,USA,190026.43,25,108.3,-0.54%,5756261
16,ABUS,Arbutus Biopharma Corporation,Healthcare,Biotechnology,USA,382.26,,2.57,-0.39%,863154
17,ACAD,ACADIA Pharmaceuticals Inc.,Healthcare,Biotechnology,USA,2502.19,,15.53,-2.45%,2389852
18,ACB,Aurora Cannabis Inc.,Healthcare,Drug Manufacturers - Specialty & Generic,Canada,396.55,,1.3,3.17%,8975060
19,ACC,"American Campus Communities, Inc.",Real Estate,REIT - Residential,USA,9034.42,164.05,64.8,-0.17%,1086653
20,ACCO,ACCO Brands Corporation,Industrials,Business Equipment & Supplies,USA,636.26,5.36,6.59,0.46%,471772
21,ACET,"Adicet Bio, Inc.",Healthcare,Biotechnology,USA,650.69,,17.11,2.58%,599542
22,ACGL,Arch Capital Group Ltd.,Financial,Insurance - Diversified,Bermuda,16719.48,9.46,44.18,-0.92%,2270338
23,ACHC,"Acadia Healthcare Company, Inc.",Healthcare,Medical Care Facilities,USA,6450.81,27.4,72.8,-0.66%,440789
24,ACIW,"ACI Worldwide, Inc.",Technology,Software - Infrastructure,USA,3103.92,21.93,27,-0.59%,562502
25,ACM,AECOM,Industrials,Engineering & Construction,USA,9073.59,32.13,64.07,-1.57%,540118
26,ACMR,"ACM Research, Inc.",Technology,Semiconductor Equipment & Materials,USA,887.65,26.04,15.44,-2.83%,869239
27,ACN,Accenture plc,Technology,Information Technology Services,Ireland,173315.22,26.55,273.67,-0.44%,2273469
28,ACRE,Ares Commercial Real Estate Corporation,Real Estate,REIT - Mortgage,USA,583.12,9.28,12.42,0.32%,715309
29,ACRS,"Aclaris Therapeutics, Inc.",Healthcare,Biotechnology,USA,1039.46,,15.32,-1.10%,298266
30,ACRX,"AcelRx Pharmaceuticals, Inc.",Healthcare,Drug Manufacturers - Specialty & Generic,USA,49.27,,0.29,-0.45%,1788819
31,ADAP,Adaptimmune Therapeutics plc,Healthcare,Biotechnology,United Kingdom,280.56,,1.76,2.92%,122578
32,ADBE,Adobe Inc.,Technology,Software - Infrastructure,USA,176406.16,36.68,375.54,-2.24%,2632687
33,ADI,"Analog Devices, Inc.",Technology,Semiconductors,USA,76254.63,42,148.05,0.33%,2305781
34,ADM,Archer-Daniels-Midland Company,Consumer Defensive,Farm Products,USA,41585.69,13.45,72.85,0.30%,2016459
35,ADMA,"ADMA Biologics, Inc.",Healthcare,Biotechnology,USA,428.42,,2.24,0.00%,1595604
36,ADMP,Adamis Pharmaceuticals Corporation,Healthcare,Drug Manufacturers - Specialty & Generic,USA,72.99,,0.49,-5.72%,487947
37,ADNT,Adient plc,Consumer Cyclical,Auto Parts,Ireland,2811.74,3.87,30.25,7.00%,932390
38,ADP,"Automatic Data Processing, Inc.",Industrials,Staffing & Employment Services,USA,88378.45,31.35,212.29,-1.21%,1257600
39,ADSK,"Autodesk, Inc.",Technology,Software - Application,USA,37947.07,78.19,172.33,-2.48%,1425816
40,ADT,ADT Inc.,Industrials,Security & Protection Services,USA,6026.82,,6.69,1.06%,1832556
41,ADTN,"ADTRAN, Inc.",Technology,Communication Equipment,USA,956.17,,19.85,-1.15%,10790415
42,ADVM,"Adverum Biotechnologies, Inc.",Healthcare,Biotechnology,USA,157.28,,1.74,8.07%,1943092
43,AEG,Aegon N.V.,Financial,Insurance - Diversified,Netherlands,8556.58,5.15,4.13,-0.72%,2788936
44,AEL,American Equity Investment Life Holding Company,Financial,Insurance - Life,USA,3397.15,4.89,36.09,-0.22%,545328
45,AEM,Agnico Eagle Mines Limited,Basic Materials,Gold,Canada,19962.49,22.57,43.89,-2.23%,2499259
46,AEMD,"Aethlon Medical, Inc.",Healthcare,Medical Devices,USA,15.39,,1.01,0.00%,141132
47,AEO,"American Eagle Outfitters, Inc.",Consumer Cyclical,Apparel Retail,USA,2002.34,6.88,11.8,-0.51%,4620736
48,AER,AerCap Holdings N.V.,Industrials,Airports & Air Services,Ireland,9819.99,,40.18,4.04%,753397
49,AES,The AES Corporation,Utilities,Utilities - Diversified,USA,14013.02,,21.07,-1.08%,2781205
50,AEZS,Aeterna Zentaris Inc.,Healthcare,Biotechnology,USA,25.96,,0.23,0.53%,809348
51,AFL,Aflac Incorporated,Financial,Insurance - Life,USA,35969.58,9.15,55.74,-0.54%,1948279
52,AFMD,Affimed N.V.,Healthcare,Biotechnology,Germany,448.74,,2.97,3.12%,957416
53,AGCO,AGCO Corporation,Industrials,Farm & Heavy Construction Machinery,USA,7082.05,7.85,93.32,-0.90%,1001372
54,AGEN,Agenus Inc.,Healthcare,Biotechnology,USA,694.44,,2.72,5.84%,6651477
55,AGI,Alamos Gold Inc.,Basic Materials,Gold,Canada,3571.57,,7.11,-0.97%,6622261
56,AGIO,"Agios Pharmaceuticals, Inc.",Healthcare,Biotechnology,USA,1318.73,,24.06,2.43%,453636
57,AGLE,"Aeglea BioTherapeutics, Inc.",Healthcare,Biotechnology,USA,29.84,,0.5,-0.60%,181047
58,AGNC,AGNC Investment Corp.,Real Estate,REIT - Mortgage,USA,6013.43,,11.42,0.71%,8089660
59,AGRO,Adecoagro S.A.,Consumer Defensive,Farm Products,Luxembourg,837.45,4.82,7.5,-1.06%,854248
60,AGRX,"Agile Therapeutics, Inc.",Healthcare,Drug Manufacturers - Specialty & Generic,USA,8.79,,0.67,-3.40%,10767957
61,AGTC,Applied Genetic Technologies Corporation,Healthcare,Biotechnology,USA,41.51,,0.85,-1.34%,854344
62,AHH,"Armada Hoffler Properties, Inc.",Real Estate,REIT - Diversified,USA,1148.15,53.95,12.84,0.31%,170034
63,AHT,"Ashford Hospitality Trust, Inc.",Real Estate,REIT - Hotel & Motel,USA,246.18,,7.57,8.76%,1017816
64,AIG,"American International Group, Inc.",Financial,Insurance - Diversified,USA,40748.77,4.41,51.12,-0.64%,3686475
65,AIV,Apartment Investment and Management Company,Real Estate,REIT - Residential,USA,1054.01,,6.79,3.03%,1134410
66,AIZ,"Assurant, Inc.",Financial,Insurance - Specialty,USA,9364.6,16.7,173.13,-2.46%,384371
67,AJG,Arthur J. Gallagher & Co.,Financial,Insurance Brokers,USA,34735.82,36.16,164.82,-0.62%,687250
68,AKAM,"Akamai Technologies, Inc.",Technology,Software - Infrastructure,USA,14436.62,24.03,89.33,-1.38%,741649
69,AKBA,"Akebia Therapeutics, Inc.",Healthcare,Biotechnology,USA,80.96,,0.45,7.02%,5499559
70,AKR,Acadia Realty Trust,Real Estate,REIT - Retail,USA,1544.07,42.44,16.17,2.80%,515075
71,AKTS,"Akoustis Technologies, Inc.",Technology,Communication Equipment,USA,189.41,,3.45,0.58%,153080
72,AL,Air Lease Corporation,Industrials,Rental & Leasing Services,USA,3663.91,,33.54,2.10%,488717
73,ALB,Albemarle Corporation,Basic Materials,Specialty Chemicals,USA,22607.42,82.35,195.82,-2.00%,933576
74,ALDX,"Aldeyra Therapeutics, Inc.",Healthcare,Biotechnology,USA,289.64,,5.14,14.99%,3998792
75,ALEC,"Alector, Inc.",Healthcare,Biotechnology,USA,936.72,,11.26,6.93%,651682
76,ALGN,"Align Technology, Inc.",Healthcare,Medical Devices,USA,19480.19,28.05,248.98,-0.20%,565201
77,ALK,"Alaska Air Group, Inc.",Industrials,Airlines,USA,5281.01,11.77,41.8,3.62%,1652661
78,ALKS,Alkermes plc,Healthcare,Biotechnology,Ireland,4985.33,,30.73,-0.55%,1064684
79,ALL,The Allstate Corporation,Financial,Insurance - Property & Casualty,USA,35295.31,11.43,128.03,-1.76%,1704744
80,ALLE,Allegion plc,Industrials,Security & Protection Services,Ireland,8722.87,18.62,96.91,-1.00%,774320
81,ALLK,Allakos Inc.,Healthcare,Biotechnology,USA,194.47,,3.62,0.28%,518760
82,ALLY,Ally Financial Inc.,Financial,Credit Services,USA,11082.1,4.15,34.06,-0.15%,3415796
83,ALNA,"Allena Pharmaceuticals, Inc.",Healthcare,Biotechnology,USA,20.23,,0.2,0.74%,12526601
84,ALNY,"Alnylam Pharmaceuticals, Inc.",Healthcare,Biotechnology,USA,17728.07,,145.85,-3.35%,781768
85,ALPP,"Alpine 4 Holdings, Inc.",Industrials,Metal Fabrication,USA,106.48,,0.62,-6.72%,656390
86,ALSN,"Allison Transmission Holdings, Inc.",Consumer Cyclical,Auto Parts,USA,3677.62,8.66,37.82,2.02%,516266
87,ALTO,"Alto Ingredients, Inc.",Basic Materials,Specialty Chemicals,USA,285.38,7.34,3.76,-0.27%,821809
88,ALV,"Autoliv, Inc.",Consumer Cyclical,Auto Parts,Sweden,6572.4,18.37,75.78,2.63%,631720
89,AM,Antero Midstream Corporation,Energy,Oil & Gas Midstream,USA,4338.82,13.22,9.03,-2.90%,4027760
90,AMAT,"Applied Materials, Inc.",Technology,Semiconductor Equipment & Materials,USA,76818,11.84,88.73,0.12%,5490644
91,AMBA,"Ambarella, Inc.",Technology,Semiconductor Equipment & Materials,USA,2462.53,,64.38,-1.12%,660142
92,AMBC,"Ambac Financial Group, Inc.",Financial,Insurance - Specialty,USA,530.97,,11.68,0.86%,660604
93,AMC,"AMC Entertainment Holdings, Inc.",Communication Services,Entertainment,USA,7963.49,,15.6,4.35%,52590716
94,AMCX,AMC Networks Inc.,Communication Services,Broadcasting,USA,1264.82,4.74,29.15,2.53%,216443
95,AMD,"Advanced Micro Devices, Inc.",Technology,Semiconductors,USA,123664.26,28.48,76.36,-0.77%,77754366
96,AME,"AMETEK, Inc.",Industrials,Specialty Industrial Machinery,USA,25700.5,24.63,110.26,-1.49%,933397
97,AMED,"Amedisys, Inc.",Healthcare,Medical Care Facilities,USA,3915.49,21.02,121.94,1.62%,376550
98,AMGN,Amgen Inc.,Healthcare,Drug Manufacturers - General,USA,131368.28,24.32,246.97,-0.33%,2699324
99,AMH,American Homes 4 Rent,Real Estate,REIT - Residential,USA,12265.72,73.7,35.08,-2.26%,3310343
100,AMKR,"Amkor Technology, Inc.",Technology,Semiconductors,USA,3946.69,5.8,16.36,0.00%,610037
101,AMP,"Ameriprise Financial, Inc.",Financial,Asset Management,USA,25645.97,8.89,231.65,0.11%,580179
102,AMPE,"Ampio Pharmaceuticals, Inc.",Healthcare,Biotechnology,USA,36.21,,0.17,2.29%,1734505
103,AMPH,"Amphastar Pharmaceuticals, Inc.",Healthcare,Drug Manufacturers - Specialty & Generic,USA,1763.78,22.26,35.82,-2.21%,331944
104,AMPY,Amplify Energy Corp.,Energy,Oil & Gas E&P,USA,229.24,,5.86,-4.56%,930125
105,AMR,"Alpha Metallurgical Resources, Inc.",Basic Materials,Coking Coal,USA,2182.04,3.15,117.44,1.96%,422284
106,AMRC,"Ameresco, Inc.",Industrials,Engineering & Construction,USA,2168.36,30.82,44.47,0.18%,171216
107,AMRN,Amarin Corporation plc,Healthcare,Biotechnology,Ireland,538.65,,1.4,-2.10%,5344725
108,AMRS,"Amyris, Inc.",Basic Materials,Specialty Chemicals,USA,657.86,,2.04,-0.73%,2939100
109,AMRX,"Amneal Pharmaceuticals, Inc.",Healthcare,Drug Manufacturers - Specialty & Generic,USA,957.34,317,3.17,-4.23%,402382
110,AMSC,American Superconductor Corporation,Industrials,Specialty Industrial Machinery,USA,135.52,,4.74,-0.42%,204890
111,AMX,"America Movil, S.A.B. de C.V.",Communication Services,Telecom Services,Mexico,63532.94,13.18,19.87,0.71%,2049974
112,AMZN,"Amazon.com, Inc.",Consumer Cyclical,Internet Retail,USA,1118847.51,52.81,109.22,-2.26%,53922940
113,AN,"AutoNation, Inc.",Consumer Cyclical,Auto & Truck Dealerships,USA,6747.13,5.29,114.3,1.46%,492788
114,ANDE,"The Andersons, Inc.",Consumer Defensive,Food Distribution,USA,1040.36,10.97,30.42,-0.59%,164523
115,ANET,"Arista Networks, Inc.",Technology,Computer Hardware,USA,29986.99,33.66,98.26,-3.38%,1774397
116,ANF,Abercrombie & Fitch Co.,Consumer Cyclical,Apparel Retail,USA,876.46,5.21,16.92,1.99%,1030338
117,ANGI,Angi Inc.,Communication Services,Internet Content & Information,USA,2034.41,,3.91,-2.49%,761504
118,ANSS,"ANSYS, Inc.",Technology,Software - Application,USA,20980.1,46.38,238.6,-2.35%,420670
119,ANY,Sphere 3D Corp.,Technology,Software - Application,Canada,42.41,,0.66,-3.67%,1038004
120,AON,Aon plc,Financial,Insurance Brokers,Ireland,57448,42.97,270.56,-1.27%,753579
121,AOS,A. O. Smith Corporation,Industrials,Specialty Industrial Machinery,USA,9164.29,17.67,56.14,-0.97%,1513842
122,AOSL,Alpha and Omega Semiconductor Limited,Technology,Semiconductors,USA,849.67,2.03,32.92,-0.63%,285362
123,APA,APA Corporation,Energy,Oil & Gas E&P,USA,10861.78,4.62,32.43,-5.20%,11237382
124,APAM,Artisan Partners Asset Management Inc.,Financial,Asset Management,USA,2932.37,7.56,36.22,-0.03%,264282
125,APD,"Air Products and Chemicals, Inc.",Basic Materials,Chemicals,USA,52235.27,23.73,231.93,-0.92%,2143421
126,APG,APi Group Corporation,Industrials,Engineering & Construction,USA,3659.81,,15.29,0.79%,1605844
127,APH,Amphenol Corporation,Technology,Electronic Components,USA,38409.11,24.19,64.38,-0.91%,2001567
128,APLD,"Applied Blockchain, Inc.",Financial,Capital Markets,USA,101.52,,0.99,-6.94%,400897
129,APLE,"Apple Hospitality REIT, Inc.",Real Estate,REIT - Hotel & Motel,USA,3497.6,41.45,15.17,1.13%,1267074
130,APLS,"Apellis Pharmaceuticals, Inc.",Healthcare,Biotechnology,USA,5106.93,,48.02,2.87%,903306
131,APO,"Apollo Global Management, Inc.",Financial,Asset Management,USA,29554.29,15.28,50.71,0.02%,1750296
132,APPN,Appian Corporation,Technology,Software - Infrastructure,USA,3535.89,,48.96,-4.51%,288577
133,APPS,"Digital Turbine, Inc.",Technology,Software - Application,USA,1658.15,48.03,16.33,-1.09%,1973110
134,APTV,Aptiv PLC,Consumer Cyclical,Auto Parts,Ireland,24422.25,75.94,89.91,2.74%,2568176
135,APYX,Apyx Medical Corporation,Healthcare,Medical Devices,USA,220.28,,6.72,7.52%,178835
136,AQB,"AquaBounty Technologies, Inc.",Consumer Defensive,Farm Products,USA,115.89,,1.7,4.94%,573068
137,AQST,"Aquestive Therapeutics, Inc.",Healthcare,Biotechnology,USA,39.22,,0.8,-2.93%,521940
138,AQUA,Evoqua Water Technologies Corp.,Industrials,Pollution & Treatment Controls,USA,4038.06,77.8,32.91,-2.66%,538931
139,AR,Antero Resources Corporation,Energy,Oil & Gas E&P,USA,9780.85,,30.66,-2.26%,4714432
140,ARAY,Accuray Incorporated,Healthcare,Medical Devices,USA,192.01,,2.06,-3.74%,425918
141,ARCH,"Arch Resources, Inc.",Energy,Thermal Coal,USA,2518.08,4.42,138.28,0.13%,342636
142,ARCO,Arcos Dorados Holdings Inc.,Consumer Cyclical,Restaurants,Uruguay,1378.19,13.35,6.34,0.96%,330859
143,ARCT,Arcturus Therapeutics Holdings Inc.,Healthcare,Biotechnology,USA,480.56,,18.3,1.39%,420970
144,ARDX,"Ardelyx, Inc.",Healthcare,Biotechnology,USA,97.87,,0.7,5.59%,2377586
145,ARE,"Alexandria Real Estate Equities, Inc.",Real Estate,REIT - Office,USA,23894.59,52.08,143.21,-0.18%,998224
146,AREB,"American Rebel Holdings, Inc.",Consumer Cyclical,Footwear & Accessories,USA,6.15,,1.24,5.08%,1168661
147,ARES,Ares Management Corporation,Financial,Asset Management,USA,17601.18,31.1,60.34,0.99%,592152
148,ARI,"Apollo Commercial Real Estate Finance, Inc.",Real Estate,REIT - Mortgage,USA,1490.34,9.15,10.64,0.09%,562909
149,ARLO,"Arlo Technologies, Inc.",Industrials,Security & Protection Services,USA,538.58,,6.23,0.48%,476084
150,ARLP,"Alliance Resource Partners, L.P.",Energy,Thermal Coal,USA,2434.52,13.67,19.78,-1.00%,210603
151,ARMK,Aramark,Consumer Cyclical,Restaurants,USA,7878.3,46.26,30.39,0.46%,988821
152,AROC,"Archrock, Inc.",Energy,Oil & Gas Equipment & Services,USA,1217.15,49.69,7.9,-1.74%,812167
153,ARR,"ARMOUR Residential REIT, Inc.",Real Estate,REIT - Mortgage,USA,731.4,,7.03,0.00%,2715355
154,ARTL,"Artelo Biosciences, Inc.",Healthcare,Biotechnology,USA,15.1,,0.36,2.84%,352813
155,ARVN,"Arvinas, Inc.",Healthcare,Biotechnology,USA,2598.82,,48.74,-1.16%,386333
156,ARW,"Arrow Electronics, Inc.",Technology,Electronics & Computer Distribution,USA,7431.77,6.3,112.11,0.93%,373971
157,ARWR,"Arrowhead Pharmaceuticals, Inc.",Healthcare,Biotechnology,USA,4434.27,,41.5,2.98%,607482
158,ASB,Associated Banc-Corp,Financial,Banks - Regional,USA,2756.32,8.84,18.34,0.00%,1355262
159,ASH,Ashland Global Holdings Inc.,Basic Materials,Chemicals,USA,5520.45,43.04,99.99,-0.89%,280521
160,ASMB,"Assembly Biosciences, Inc.",Healthcare,Biotechnology,USA,100.78,,2.08,1.46%,241604
161,ASML,ASML Holding N.V.,Technology,Semiconductor Equipment & Materials,Netherlands,174982.15,33.18,434.49,-1.04%,847720
162,ASND,Ascendis Pharma A/S,Healthcare,Biotechnology,Denmark,4668.71,,90.06,-0.78%,283561
163,ASPN,"Aspen Aerogels, Inc.",Industrials,Building Products & Equipment,USA,393.98,,10.8,2.96%,558766
164,ASRT,"Assertio Holdings, Inc.",Healthcare,Drug Manufacturers - Specialty & Generic,USA,126.45,43.46,2.83,-12.81%,1695138
165,ASX,"ASE Technology Holding Co., Ltd.",Technology,Semiconductors,Taiwan,10670.22,4.8,5.06,0.20%,4121440
166,ASXC,"Asensus Surgical, Inc.",Healthcare,Medical Devices,USA,99.9,,0.44,-0.05%,699128
167,ATCO,Atlas Corp.,Financial,Asset Management,United Kingdom,2632.01,6.98,10.55,1.83%,466345
168,ATEC,"Alphatec Holdings, Inc.",Healthcare,Medical Devices,USA,693.03,,6.84,0.29%,340551
169,ATEN,"A10 Networks, Inc.",Technology,Software - Infrastructure,USA,1023.34,11.05,13.63,-3.26%,433375
170,ATGE,Adtalem Global Education Inc.,Consumer Defensive,Education & Training Services,USA,1618.75,,37,0.19%,346568
171,ATI,Allegheny Technologies Incorporated,Industrials,Metal Fabrication,USA,2754.52,,22.53,3.40%,1038903
172,ATKR,Atkore Inc.,Industrials,Specialty Industrial Machinery,USA,3791.06,4.94,85.79,-2.32%,286681
173,ATNX,"Athenex, Inc.",Healthcare,Drug Manufacturers - Specialty & Generic,USA,60.88,,0.57,12.34%,891914
174,ATOS,"Atossa Therapeutics, Inc.",Healthcare,Biotechnology,USA,134.22,,1.06,0.00%,603754
175,ATRA,"Atara Biotherapeutics, Inc.",Healthcare,Biotechnology,USA,826.94,,8.66,17.03%,2850688
176,ATSG,"Air Transport Services Group, Inc.",Industrials,Integrated Freight & Logistics,USA,2051.29,9.09,27.56,-0.65%,207822
177,ATUS,"Altice USA, Inc.",Communication Services,Telecom Services,USA,2384.83,4.48,8.87,5.85%,2594717
178,ATVI,"Activision Blizzard, Inc.",Communication Services,Electronic Gaming & Multimedia,USA,60213.25,24.24,76.54,-1.61%,6601957
179,AU,AngloGold Ashanti Limited,Basic Materials,Gold,South Africa,5989.37,9.79,14.5,-0.96%,2422806
180,AUD,"Audacy, Inc.",Communication Services,Broadcasting,USA,121.4,14.73,0.77,-7.73%,1229915
181,AUMN,Golden Minerals Company,Basic Materials,Other Precious Metals & Mining,USA,51.6,63,0.31,-4.75%,915065
182,AUPH,Aurinia Pharmaceuticals Inc.,Healthcare,Biotechnology,Canada,1661.98,,11.84,1.20%,1207960
183,AUY,Yamana Gold Inc.,Basic Materials,Gold,Canada,4394.9,30,4.71,-2.08%,11741536
184,AVA,Avista Corporation,Utilities,Utilities - Diversified,USA,3100.56,20,42.34,-0.42%,260952
185,AVB,"AvalonBay Communities, Inc.",Real Estate,REIT - Residential,USA,27038.25,23.85,191.34,0.41%,611386
186,AVCT,"American Virtual Cloud Technologies, Inc.",Technology,Information Technology Services,USA,29.4,,0.31,10.14%,2002419
187,AVDL,Avadel Pharmaceuticals plc,Healthcare,Drug Manufacturers - Specialty & Generic,Ireland,270.48,,4.7,-5.05%,1208513
188,AVGO,Broadcom Inc.,Technology,Semiconductors,USA,194329.07,23.85,481.37,-0.31%,2108695
189,AVLR,"Avalara, Inc.",Technology,Software - Application,USA,7159.96,,83.43,-2.47%,898272
190,AVNT,Avient Corporation,Basic Materials,Specialty Chemicals,USA,3632.59,15.37,39.25,0.36%,281284
191,AVRO,"AVROBIO, Inc.",Healthcare,Biotechnology,USA,41.8,,0.97,-7.06%,785076
192,AVT,"Avnet, Inc.",Technology,Electronics & Computer Distribution,USA,4194.23,8.23,43.59,0.46%,787988
193,AVXL,Anavex Life Sciences Corp.,Healthcare,Biotechnology,USA,935.81,,12.31,1.15%,783997
194,AVY,Avery Dennison Corporation,Industrials,Business Equipment & Supplies,USA,13748.94,19.02,166.03,1.39%,362292
195,AVYA,Avaya Holdings Corp.,Technology,Software - Application,USA,185.22,,2.2,-5.58%,3137589
196,AWH,Aspira Women's Health Inc.,Healthcare,Diagnostics & Research,USA,92.68,,0.9,4.79%,340632
197,AXDX,"Accelerate Diagnostics, Inc.",Healthcare,Diagnostics & Research,USA,89.03,,1.16,0.87%,297833
198,AXL,"American Axle & Manufacturing Holdings, Inc.",Consumer Cyclical,Auto Parts,USA,889.61,,7.76,7.63%,1654142
199,AXON,"Axon Enterprise, Inc.",Industrials,Aerospace & Defense,USA,6638.93,181.35,92.49,-1.21%,287933
200,AXP,American Express Company,Financial,Credit Services,USA,104270.87,13.94,139.18,-1.00%,4040162
201,AXS,AXIS Capital Holdings Limited,Financial,Insurance - Property & Casualty,Bermuda,4714.42,7.61,54.66,-0.16%,389765
202,AXSM,"Axsome Therapeutics, Inc.",Healthcare,Biotechnology,USA,1618.15,,42.03,-2.89%,990473
203,AXTA,Axalta Coating Systems Ltd.,Basic Materials,Specialty Chemicals,USA,5096.08,18.31,23.03,1.54%,1265273
204,AXU,Alexco Resource Corp.,Basic Materials,Other Precious Metals & Mining,Canada,66.03,,0.42,6.48%,3326301
205,AY,Atlantica Sustainable Infrastructure plc,Utilities,Utilities - Renewable,United Kingdom,3628.61,,32.24,-2.89%,531165
206,AYX,"Alteryx, Inc.",Technology,Software - Application,USA,3332.92,,48.5,-4.24%,484203
207,AZTA,"Azenta, Inc.",Healthcare,Medical Instruments & Supplies,USA,5654.96,,74.92,-1.10%,464369
208,AZUL,Azul S.A.,Industrials,Airlines,Brazil,695.84,6.69,6.8,6.42%,2810264
209,BA,The Boeing Company,Industrials,Aerospace & Defense,USA,87621.94,,147.15,7.42%,18549375
210,BABA,Alibaba Group Holding Limited,Consumer Cyclical,Internet Retail,China,298501.51,31.95,109.21,-0.33%,22268815
211,BAC,Bank of America Corporation,Financial,Banks - Diversified,USA,253220.09,8.94,31.36,-0.32%,39446575
212,BAH,Booz Allen Hamilton Holding Corporation,Industrials,Consulting Services,USA,11951.65,26.21,90.44,-1.62%,1045693
213,BALL,Ball Corporation,Consumer Cyclical,Packaging & Containers,USA,22204.66,19.99,67.66,-1.11%,1997892
214,BALY,Bally's Corporation,Consumer Cyclical,Resorts & Casinos,USA,1104.77,,20.65,2.89%,504954
215,BAM,Brookfield Asset Management Inc.,Financial,Asset Management,Canada,74318.14,18.3,44.88,0.94%,1228297
216,BAND,Bandwidth Inc.,Technology,Software - Infrastructure,USA,463.41,,17.92,1.73%,275750
217,BAP,Credicorp Ltd.,Financial,Banks - Regional,Peru,11430.38,9.11,119.74,-0.54%,190721
218,BAX,Baxter International Inc.,Healthcare,Medical Instruments & Supplies,USA,32583.2,31.01,64.68,0.26%,2648795
219,BB,BlackBerry Limited,Technology,Software - Infrastructure,Canada,3306.84,,5.63,-1.40%,6405587
220,BBAR,Banco BBVA Argentina S.A.,Financial,Banks - Regional,Argentina,1011.55,2.72,2.23,-2.62%,514986
221,BBBY,Bed Bath & Beyond Inc.,Consumer Cyclical,Specialty Retail,USA,430.72,,5.04,5.00%,10348872
222,BBD,Banco Bradesco S.A.,Financial,Banks - Regional,Brazil,29867.88,3.41,3.11,-0.96%,32164436
223,BBIG,"Vinco Ventures, Inc.",Consumer Cyclical,Leisure,USA,219.38,,1.06,0.00%,7100133
224,BBVA,"Banco Bilbao Vizcaya Argentaria, S.A.",Financial,Banks - Diversified,Spain,26002.34,5.52,4.07,-5.13%,3666004
225,BBWI,"Bath & Body Works, Inc.",Consumer Cyclical,Specialty Retail,USA,6252.56,6.14,26.85,-0.26%,3124271
226,BBY,"Best Buy Co., Inc.",Consumer Cyclical,Specialty Retail,USA,15793.8,7.8,70.42,0.73%,2262817
227,BC,Brunswick Corporation,Consumer Cyclical,Leisure,USA,5362.04,9.2,70.73,2.34%,541745
228,BCC,Boise Cascade Company,Basic Materials,Lumber & Wood Production,USA,2456.33,2.84,61.81,0.68%,243408
229,BCDA,"BioCardia, Inc.",Healthcare,Biotechnology,USA,26.02,,1.52,1.33%,16966
230,BCE,BCE Inc.,Communication Services,Telecom Services,Canada,44351.09,19.5,48.79,0.04%,1084304
231,BCOR,"Blucora, Inc.",Financial,Asset Management,USA,866.43,64.75,18.13,1.40%,179797
232,BCRX,"BioCryst Pharmaceuticals, Inc.",Healthcare,Biotechnology,USA,2069.17,,11.24,0.99%,2990361
233,BCS,Barclays PLC,Financial,Banks - Diversified,United Kingdom,28985.65,4.31,7.25,-0.28%,5681822
234,BDN,Brandywine Realty Trust,Real Estate,REIT - Office,USA,1617.83,144.06,9.22,1.88%,1107767
235,BDX,"Becton, Dickinson and Company",Healthcare,Medical Instruments & Supplies,USA,67737.8,37.36,236.92,-2.78%,969421
236,BE,Bloom Energy Corporation,Industrials,Electrical Equipment & Parts,USA,3029.27,,17.49,-2.13%,1963484
237,BECN,"Beacon Roofing Supply, Inc.",Industrials,Building Products & Equipment,USA,3785.63,14.13,55.16,0.38%,365128
238,BEN,"Franklin Resources, Inc.",Financial,Asset Management,USA,12224.54,6.45,24.03,1.69%,3847860
239,BERY,"Berry Global Group, Inc.",Consumer Cyclical,Packaging & Containers,USA,7132.29,9.83,53.04,0.91%,823345
240,BEST,BEST Inc.,Industrials,Trucking,China,95.65,,1.25,5.04%,89073
242,BFAM,Bright Horizons Family Solutions Inc.,Consumer Cyclical,Personal Services,USA,5033.51,61.81,84.37,0.49%,400967
243,BFH,"Bread Financial Holdings, Inc.",Financial,Credit Services,USA,1995.81,2.78,40.59,4.83%,1041692
244,BG,Bunge Limited,Consumer Defensive,Farm Products,USA,13449.44,7.02,87.59,0.53%,1419006
245,BGCP,"BGC Partners, Inc.",Financial,Capital Markets,USA,1342.7,14.58,3.63,-1.09%,1085294
246,BGFV,Big 5 Sporting Goods Corporation,Consumer Cyclical,Specialty Retail,USA,251.69,2.93,11.69,-0.09%,259471
247,BHC,Bausch Health Companies Inc.,Healthcare,Drug Manufacturers - Specialty & Generic,Canada,3328.31,,8.73,4.05%,3808940
248,BHF,"Brighthouse Financial, Inc.",Financial,Insurance - Life,USA,3106.09,3.21,41.42,1.99%,582257
249,BHP,BHP Group Limited,Basic Materials,Other Industrial Metals & Mining,Australia,126496.86,7.99,50.19,-1.82%,3738095
250,BHR,Braemar Hotels & Resorts Inc.,Real Estate,REIT - Hotel & Motel,USA,323.17,,4.66,4.02%,360914
251,BHVN,Biohaven Pharmaceutical Holding Company Ltd.,Healthcare,Biotechnology,USA,10276.15,,145,0.00%,601573
252,BIDU,"Baidu, Inc.",Communication Services,Internet Content & Information,China,50690.05,,143.48,-0.17%,1654270
253,BIG,"Big Lots, Inc.",Consumer Defensive,Discount Stores,USA,622.5,10.5,23.03,0.22%,855350
254,BILI,Bilibili Inc.,Communication Services,Electronic Gaming & Multimedia,China,9889.64,,24.25,0.58%,3493176
255,BK,The Bank of New York Mellon Corporation,Financial,Asset Management,USA,34063.85,10.35,41.77,0.14%,3143689
256,BKD,Brookdale Senior Living Inc.,Healthcare,Medical Care Facilities,USA,803,,4.29,5.15%,2727943
257,BKE,"The Buckle, Inc.",Consumer Cyclical,Apparel Retail,USA,1394.06,5.37,27.48,-0.76%,302131
258,BKI,"Black Knight, Inc.",Technology,Software - Infrastructure,USA,9933.52,18.93,63.09,-1.97%,620657
259,BKNG,Booking Holdings Inc.,Consumer Cyclical,Travel Services,USA,71268.25,140.58,1738.25,0.79%,322708
260,BKR,Baker Hughes Company,Energy,Oil & Gas Equipment & Services,USA,28181.92,84.07,27.49,-2.52%,7188224
261,BKU,"BankUnited, Inc.",Financial,Banks - Regional,USA,2881.24,8.26,35.18,0.40%,379672
262,BL,"BlackLine, Inc.",Technology,Software - Infrastructure,USA,4075.13,,69.72,-5.40%,617543
263,BLDP,Ballard Power Systems Inc.,Industrials,Specialty Industrial Machinery,Canada,1983.99,,6.76,-0.73%,3699183
264,BLDR,"Builders FirstSource, Inc.",Industrials,Building Products & Equipment,USA,10760.47,5.56,62.51,4.22%,3031807
265,BLFS,"BioLife Solutions, Inc.",Healthcare,Medical Instruments & Supplies,USA,656.16,,15.49,-10.77%,381522
266,BLK,"BlackRock, Inc.",Financial,Asset Management,USA,92013.79,15.16,603.29,-0.28%,498033
267,BLKB,"Blackbaud, Inc.",Technology,Software - Application,USA,2950.01,,55.65,-2.86%,190908
268,BLMN,"Bloomin' Brands, Inc.",Consumer Cyclical,Restaurants,USA,1486.52,7.87,16.55,0.36%,1226474
269,BLNK,Blink Charging Co.,Consumer Cyclical,Specialty Retail,USA,738.43,,17.33,2.48%,460524
270,BLUE,"bluebird bio, Inc.",Healthcare,Biotechnology,USA,360.79,,5.18,5.28%,4306710
271,BMO,Bank of Montreal,Financial,Banks - Diversified,Canada,64215.54,6.85,96.18,-0.42%,572181
272,BNED,"Barnes & Noble Education, Inc.",Consumer Cyclical,Specialty Retail,USA,150.62,,2.78,-1.07%,273073
273,BNGO,"Bionano Genomics, Inc.",Healthcare,Diagnostics & Research,USA,451.6,,1.54,1.99%,4261670
274,BNS,The Bank of Nova Scotia,Financial,Banks - Diversified,Canada,68717.85,9.03,57.57,-0.74%,1357465
275,BNTC,Benitec Biopharma Inc.,Healthcare,Biotechnology,USA,8.81,,1.13,-1.74%,200576
276,BOOT,"Boot Barn Holdings, Inc.",Consumer Cyclical,Apparel Retail,USA,2067.83,10.7,67.82,0.47%,600389
277,BOX,"Box, Inc.",Technology,Software - Infrastructure,USA,3752.48,,26.03,-4.83%,1220522
278,BP,BP p.l.c.,Energy,Oil & Gas Integrated,United Kingdom,84932.2,,26.88,-2.11%,12314973
279,BPMC,Blueprint Medicines Corporation,Healthcare,Biotechnology,USA,3180.4,,55.11,2.42%,1215829
280,BPOP,"Popular, Inc.",Financial,Banks - Regional,USA,5871.01,6.9,76.01,-0.89%,387079
281,BR,"Broadridge Financial Solutions, Inc.",Technology,Information Technology Services,USA,17134.9,31.35,146.09,-1.08%,311611
282,BRFS,BRF S.A.,Consumer Defensive,Packaged Foods,Brazil,3062.58,,2.87,1.77%,2179006
283,BRKR,Bruker Corporation,Healthcare,Medical Devices,USA,9547.73,34.6,64.01,-2.22%,647216
284,BRMK,Broadmark Realty Capital Inc.,Real Estate,REIT - Mortgage,USA,889.76,11.09,6.7,-0.30%,878632
285,BRO,"Brown & Brown, Inc.",Financial,Insurance Brokers,USA,16767.95,27.38,59.04,-1.02%,1000189
286,BRQS,"Borqs Technologies, Inc.",Technology,Software - Application,Hong Kong,29.63,,1.66,-1.78%,1017860
287,BRSP,"BrightSpire Capital, Inc.",Real Estate,REIT - Diversified,USA,984.47,51.93,7.53,-0.26%,433891
288,BRX,Brixmor Property Group Inc.,Real Estate,REIT - Retail,USA,6194.79,20.77,20.58,2.34%,2280509
289,BRY,Berry Corporation,Energy,Oil & Gas E&P,USA,576.63,,7.14,-0.97%,1011053
290,BSAC,Banco Santander-Chile,Financial,Banks - Regional,Chile,6863.77,7.8,14.44,-2.50%,402021
291,BSBR,Banco Santander (Brasil) S.A.,Financial,Banks - Regional,Brazil,18575.4,13.29,5.09,-1.93%,1370675
292,BSIG,BrightSphere Investment Group Inc.,Financial,Asset Management,USA,727.93,8.99,17.27,-0.12%,332360
293,BSM,"Black Stone Minerals, L.P.",Energy,Oil & Gas E&P,USA,2820.21,20.36,13.42,-2.89%,364312
294,BSX,Boston Scientific Corporation,Healthcare,Medical Devices,USA,52736.56,70.25,36.88,-1.68%,6148349
295,BTAI,"BioXcel Therapeutics, Inc.",Healthcare,Biotechnology,USA,446.36,,15.52,2.78%,325410
296,BTB,Bit Brother Limited,Consumer Cyclical,Restaurants,China,31.25,,0.31,3.83%,96597
297,BTBT,"Bit Digital, Inc.",Financial,Capital Markets,USA,119.26,,1.53,-3.16%,638378
298,BTCM,BIT Mining Limited,Technology,Information Technology Services,Hong Kong,45.23,,0.66,-7.17%,946461
299,BTI,British American Tobacco p.l.c.,Consumer Defensive,Tobacco,United Kingdom,91010.39,11.65,40.5,0.82%,1997341
300,BTU,Peabody Energy Corporation,Energy,Thermal Coal,USA,2881.59,9.82,20.53,-1.30%,3570690
301,BTX,"Brooklyn ImmunoTherapeutics, Inc.",Healthcare,Biotechnology,USA,35.23,,0.64,-1.43%,458583
302,BUD,Anheuser-Busch InBev SA/NV,Consumer Defensive,Beverages - Brewers,Belgium,93551.9,27.36,54.81,0.05%,958993
303,BURL,"Burlington Stores, Inc.",Consumer Cyclical,Apparel Retail,USA,9807.95,39.27,146.65,-0.22%,653999
304,BVN,Compania de Minas Buenaventura S.A.A.,Basic Materials,Other Precious Metals & Mining,Peru,1723.19,5.92,6.1,0.33%,984551
305,BW,"Babcock & Wilcox Enterprises, Inc.",Industrials,Specialty Industrial Machinery,USA,521.49,21.65,6.04,0.17%,224891
306,BWA,BorgWarner Inc.,Consumer Cyclical,Auto Parts,USA,8318.29,12.3,34.51,1.71%,2077085
307,BWXT,"BWX Technologies, Inc.",Industrials,Aerospace & Defense,USA,5003.49,17.41,55.05,-1.59%,587354
308,BX,Blackstone Inc.,Financial,Asset Management,USA,115402.02,12.82,94.02,-1.25%,2417012
309,BXMT,"Blackstone Mortgage Trust, Inc.",Real Estate,REIT - Mortgage,USA,4776.5,10.11,28.16,0.43%,751108
310,BXP,"Boston Properties, Inc.",Real Estate,REIT - Office,USA,14011.53,25.16,87.99,0.83%,1389537
311,BYD,Boyd Gaming Corporation,Consumer Cyclical,Resorts & Casinos,USA,5622.49,10.81,49.92,1.86%,688499
312,BZH,"Beazer Homes USA, Inc.",Consumer Cyclical,Residential Construction,USA,406.5,2.45,13.13,0.23%,365068
313,BZUN,Baozun Inc.,Consumer Cyclical,Internet Retail,China,687.35,,9.94,2.69%,398606
314,C,Citigroup Inc.,Financial,Banks - Diversified,USA,89791.12,5.44,46.13,-0.13%,16889828
315,CADE,Cadence Bank,Financial,Banks - Regional,USA,4319.76,13.64,23.44,0.73%,1235949
316,CAG,"Conagra Brands, Inc.",Consumer Defensive,Packaged Foods,USA,17030.33,16.54,35.6,0.11%,3295226
317,CAH,"Cardinal Health, Inc.",Healthcare,Medical Distribution,USA,14446.46,,53.2,0.40%,2151108
318,CAKE,The Cheesecake Factory Incorporated,Consumer Cyclical,Restaurants,USA,1465.84,18.63,27.11,1.12%,689060
319,CAL,"Caleres, Inc.",Consumer Cyclical,Footwear & Accessories,USA,970.15,5.6,26.37,1.85%,808745
320,CALX,"Calix, Inc.",Technology,Software - Application,USA,2429.92,11.75,39.06,-2.28%,419651
321,CAMP,CalAmp Corp.,Technology,Communication Equipment,USA,148.84,,4.07,-1.45%,1201629
322,CANG,Cango Inc.,Communication Services,Internet Content & Information,China,317.68,19.4,2.25,0.45%,60073
323,CAR,"Avis Budget Group, Inc.",Industrials,Rental & Leasing Services,USA,7384.72,4.72,152.64,2.23%,692981
324,CARA,"Cara Therapeutics, Inc.",Healthcare,Biotechnology,USA,491.97,,9.45,-1.66%,374115
325,CARG,"CarGurus, Inc.",Communication Services,Internet Content & Information,USA,2615.5,,22.6,-0.66%,750655
326,CARS,Cars.com Inc.,Consumer Cyclical,Auto & Truck Dealerships,USA,667.48,103.62,9.74,0.72%,374166
327,CASA,"Casa Systems, Inc.",Technology,Communication Equipment,USA,365.57,,3.93,-0.51%,126883
328,CAT,Caterpillar Inc.,Industrials,Farm & Heavy Construction Machinery,USA,93681.94,14.72,174.49,-0.30%,2712080
329,CB,Chubb Limited,Financial,Insurance - Property & Casualty,Switzerland,81962.41,10.22,191.9,-0.86%,1453391
330,CBAT,"CBAK Energy Technology, Inc.",Industrials,Electrical Equipment & Parts,China,100.55,3.25,1.18,-4.07%,399477
331,CBAY,"CymaBay Therapeutics, Inc.",Healthcare,Biotechnology,USA,265.49,,3.37,5.31%,485168
332,CBD,Companhia Brasileira de Distribuicao,Consumer Cyclical,Department Stores,Brazil,817.16,7.53,3.05,-3.48%,1440695
333,CBIO,"Catalyst Biosciences, Inc.",Healthcare,Biotechnology,USA,54.77,,1.78,1.14%,694502
334,CBOE,"Cboe Global Markets, Inc.",Financial,Financial Data & Stock Exchanges,USA,12828.82,25.72,120.12,-0.96%,588206
335,CBRE,"CBRE Group, Inc.",Real Estate,Real Estate Services,USA,25084.12,13.23,76.56,1.08%,2029457
336,CBRL,"Cracker Barrel Old Country Store, Inc.",Consumer Cyclical,Restaurants,USA,2008.17,15.39,88.31,-0.01%,458020
337,CBSH,"Commerce Bancshares, Inc.",Financial,Banks - Regional,USA,8000.04,15.68,66.22,-1.22%,325988
338,CBT,Cabot Corporation,Basic Materials,Specialty Chemicals,USA,3675.37,29.18,65.34,0.12%,175104
339,CC,The Chemours Company,Basic Materials,Specialty Chemicals,USA,4955.34,7.07,31.7,1.96%,1286540
340,CCEP,Coca-Cola Europacific Partners PLC,Consumer Defensive,Beverages - Non-Alcoholic,United Kingdom,22851.21,22.86,49.9,-1.73%,1439757
341,CCI,Crown Castle International Corp.,Real Estate,REIT - Specialty,USA,74126.42,50.89,170.94,-0.77%,1410786
342,CCJ,Cameco Corporation,Energy,Uranium,Canada,8463.99,,21.35,-1.93%,3815867
343,CCK,"Crown Holdings, Inc.",Consumer Cyclical,Packaging & Containers,USA,11132.05,,88.07,-0.37%,938146
344,CCL,Carnival Corporation & plc,Consumer Cyclical,Travel Services,USA,10606.78,,9.13,7.54%,65339678
345,CCO,"Clear Channel Outdoor Holdings, Inc.",Communication Services,Advertising Agencies,USA,581.84,,1.07,5.94%,9849235
346,CCRN,"Cross Country Healthcare, Inc.",Industrials,Staffing & Employment Services,USA,883.15,5.22,24.11,-1.11%,1050576
347,CCXI,"ChemoCentryx, Inc.",Healthcare,Biotechnology,USA,1682.83,,22.64,-0.13%,1082720
348,CDAY,Ceridian HCM Holding Inc.,Technology,Software - Application,USA,7347.24,,48.58,-4.48%,3736477
349,CDE,"Coeur Mining, Inc.",Basic Materials,Gold,USA,814.18,,2.8,2.56%,4466923
350,CDEV,"Centennial Resource Development, Inc.",Energy,Oil & Gas E&P,USA,1581.41,11.57,5.53,-3.15%,8117767
351,CDLX,"Cardlytics, Inc.",Communication Services,Internet Content & Information,USA,633.8,,15.63,-5.53%,2030998
352,CDMO,"Avid Bioservices, Inc.",Healthcare,Biotechnology,USA,1106.82,12.3,18,1.58%,526297
353,CDNA,"CareDx, Inc",Healthcare,Diagnostics & Research,USA,1296.44,,24.68,-0.08%,565344
354,CDNS,"Cadence Design Systems, Inc.",Technology,Software - Application,USA,42466.02,57.59,154.22,-2.31%,1416295
355,CDW,CDW Corporation,Technology,Information Technology Services,USA,21149.76,21.85,158.2,-0.25%,470308
356,CDXC,ChromaDex Corporation,Healthcare,Biotechnology,USA,116.32,,1.72,0.00%,95167
357,CDXS,"Codexis, Inc.",Healthcare,Biotechnology,USA,805.13,,12.08,0.17%,490086
358,CE,Celanese Corporation,Basic Materials,Chemicals,USA,12310.52,5.91,111.66,0.43%,2183783
359,CEAD,CEA Industries Inc.,Industrials,Farm & Heavy Construction Machinery,USA,10.24,,1.29,4.03%,183437
360,CEIX,CONSOL Energy Inc.,Energy,Thermal Coal,USA,1738.3,,51.49,0.14%,598317
361,CELH,"Celsius Holdings, Inc.",Consumer Defensive,Beverages - Non-Alcoholic,USA,5381.35,574.05,72.33,-3.57%,1172994
362,CELZ,"Creative Medical Technology Holdings, Inc.",Healthcare,Biotechnology,USA,6.37,,0.65,2.87%,660534
363,CENN,Cenntro Electric Group Limited,Consumer Cyclical,Auto Manufacturers,USA,411.66,,1.65,-0.60%,2435217
364,CENX,Century Aluminum Company,Basic Materials,Aluminum,USA,676.07,,7.08,0.28%,1223089
365,CEQP,Crestwood Equity Partners LP,Energy,Oil & Gas Midstream,USA,2337.55,,23.97,-0.62%,578363
366,CERS,Cerus Corporation,Healthcare,Biotechnology,USA,1001.03,,5.62,0.54%,1402438
367,CETX,"Cemtrex, Inc.",Industrials,Conglomerates,USA,7.21,,0.28,-0.88%,197688
368,CF,"CF Industries Holdings, Inc.",Basic Materials,Agricultural Inputs,USA,17532.97,11.02,85.41,-1.08%,2244771
369,CFG,"Citizens Financial Group, Inc.",Financial,Banks - Regional,USA,17934.8,7.64,36.06,-0.39%,3398435
370,CFMS,"Conformis, Inc.",Healthcare,Medical Devices,USA,65.31,,0.34,4.88%,186995
371,CG,The Carlyle Group Inc.,Financial,Asset Management,USA,11675.25,4.29,31.6,0.00%,1857256
372,CGEN,Compugen Ltd.,Healthcare,Biotechnology,Israel,166.07,,1.99,-5.24%,879623
373,CGNX,Cognex Corporation,Technology,Scientific & Technical Instruments,USA,7714.79,28.11,43.52,-1.83%,566658
374,CHGG,"Chegg, Inc.",Consumer Defensive,Education & Training Services,USA,2262.58,40.57,18.38,4.61%,1957941
375,CHKP,Check Point Software Technologies Ltd.,Technology,Software - Application,Israel,15556.84,20.32,122.63,-2.40%,1033049
376,CHRS,"Coherus BioSciences, Inc.",Healthcare,Biotechnology,USA,654.4,,8.48,3.16%,753937
377,CHRW,"C.H. Robinson Worldwide, Inc.",Industrials,Integrated Freight & Logistics,USA,12333.74,13.68,96.91,-1.01%,1229217
378,CHS,"Chico's FAS, Inc.",Consumer Cyclical,Apparel Retail,USA,624.36,6.79,4.96,0.81%,1273449
379,CHTR,"Charter Communications, Inc.",Communication Services,Entertainment,USA,89996.91,16.95,468.1,3.24%,1206202
380,CHX,ChampionX Corporation,Energy,Oil & Gas Equipment & Services,USA,3587.82,25.96,17.94,-3.24%,1814146
381,CI,Cigna Corporation,Healthcare,Healthcare Plans,USA,87548.29,17.33,279.35,-0.20%,2597666
382,CIB,Bancolombia S.A.,Financial,Banks - Regional,Colombia,7175.91,5.67,28.37,-1.36%,450906
383,CIDM,Cinedigm Corp.,Communication Services,Entertainment,USA,92.61,,0.53,6.17%,1041096
384,CIEN,Ciena Corporation,Technology,Communication Equipment,USA,6814.9,17.04,46.48,-1.13%,1231681
385,CIG,Companhia Energetica de Minas Gerais,Utilities,Utilities - Diversified,Brazil,4733.05,4.12,1.93,-1.53%,4365596
386,CIM,Chimera Investment Corporation,Real Estate,REIT - Mortgage,USA,2147.83,13.04,9.13,1.11%,1997129
387,CINF,Cincinnati Financial Corporation,Financial,Insurance - Property & Casualty,USA,18816.64,9.27,116.83,-0.79%,928894
388,CIVI,"Civitas Resources, Inc.",Energy,Oil & Gas E&P,USA,4060.96,12.04,47.9,-1.74%,697649
389,CKPT,"Checkpoint Therapeutics, Inc.",Healthcare,Biotechnology,USA,107.73,,1.13,1.80%,179367
390,CLAR,Clarus Corporation,Consumer Cyclical,Leisure,USA,771.01,31.73,20.94,0.48%,686798
391,CLB,Core Laboratories N.V.,Energy,Oil & Gas Equipment & Services,Netherlands,774.64,80.77,16.72,-6.33%,507506
392,CLDX,"Celldex Therapeutics, Inc.",Healthcare,Biotechnology,USA,1185.97,,26.14,2.11%,1048792
393,CLF,Cleveland-Cliffs Inc.,Basic Materials,Steel,USA,8046.29,2.21,15.09,-0.07%,14956075
394,CLNE,Clean Energy Fuels Corp.,Energy,Oil & Gas Refining & Marketing,USA,1122.3,,4.96,0.00%,2188246
395,CLR,"Continental Resources, Inc.",Energy,Oil & Gas E&P,USA,22694.56,11.46,62.96,-2.78%,1106005
396,CLS,Celestica Inc.,Technology,Electronic Components,Canada,1225.89,10.6,9.72,1.25%,204495
397,CLSK,"CleanSpark, Inc.",Technology,Software - Infrastructure,USA,168.4,,4.16,-6.94%,1153944
398,CLVS,"Clovis Oncology, Inc.",Healthcare,Biotechnology,USA,273.89,,2.43,-9.33%,8224138
399,CLVT,Clarivate Plc,Technology,Information Technology Services,United Kingdom,9204.12,,13.58,-1.95%,5353154
400,CLXT,"Calyxt, Inc.",Consumer Defensive,Packaged Foods,USA,11.32,,0.25,-7.62%,428823
401,CM,Canadian Imperial Bank of Commerce,Financial,Banks - Diversified,Canada,43506.65,8.9,48.45,-0.53%,656098
402,CMA,Comerica Incorporated,Financial,Banks - Regional,USA,9647.85,10.13,73.39,-1.12%,988028
403,CMC,Commercial Metals Company,Basic Materials,Steel,USA,4125.34,3.84,33.77,0.84%,946167
404,CMCSA,Comcast Corporation,Communication Services,Entertainment,USA,177991.36,12.8,39.75,1.48%,24721673
405,CMI,Cummins Inc.,Industrials,Specialty Industrial Machinery,USA,28491.71,14.97,201.17,2.23%,1081448
406,CMP,"Compass Minerals International, Inc.",Basic Materials,Other Industrial Metals & Mining,USA,1112.17,,32.34,1.89%,235436
407,CMRE,Costamare Inc.,Industrials,Marine Shipping,Monaco,1338.2,2.89,10.74,-0.74%,620802
408,CMRX,"Chimerix, Inc.",Healthcare,Biotechnology,USA,193.1,,2.06,0.00%,2223368
409,CNCE,"Concert Pharmaceuticals, Inc.",Healthcare,Biotechnology,USA,215.65,,4.82,-1.23%,230899
410,CNDT,Conduent Incorporated,Technology,Information Technology Services,USA,861.17,8.34,4.07,-0.25%,1198144
411,CNHI,CNH Industrial N.V.,Industrials,Farm & Heavy Construction Machinery,United Kingdom,15122.84,9.13,11.07,0.18%,3516204
412,CNI,Canadian National Railway Company,Industrials,Railroads,Canada,76503.4,21,110.69,-0.88%,1236208
413,CNK,"Cinemark Holdings, Inc.",Communication Services,Entertainment,USA,1922.6,,15.65,1.43%,1704226
414,CNMD,CONMED Corporation,Healthcare,Medical Devices,USA,2774.21,43.56,92.69,0.03%,460485
415,CNNE,"Cannae Holdings, Inc.",Consumer Cyclical,Restaurants,USA,1757.14,,20.42,-0.20%,371862
416,CNO,"CNO Financial Group, Inc.",Financial,Insurance - Life,USA,2067.36,5.53,17.77,0.97%,1142208
417,CNP,"CenterPoint Energy, Inc.",Utilities,Utilities - Regulated Gas,USA,18493.03,20.44,29.44,-0.30%,3085595
418,CNQ,Canadian Natural Resources Limited,Energy,Oil & Gas E&P,Canada,56585.85,7.84,47.92,-2.20%,3981914
419,CNR,"Cornerstone Building Brands, Inc.",Industrials,Building Products & Equipment,USA,3127.72,4.11,24.56,0.04%,733289
420,CNSL,"Consolidated Communications Holdings, Inc.",Communication Services,Telecom Services,USA,797.33,,6.82,0.29%,184657
421,CNX,CNX Resources Corporation,Energy,Oil & Gas E&P,USA,3165.44,,16.17,-0.37%,2764024
422,CODI,Compass Diversified,Industrials,Conglomerates,USA,1634.06,,23.08,0.35%,216700
423,COF,Capital One Financial Corporation,Financial,Credit Services,USA,42160.92,4.21,107.04,-0.12%,2502981
424,COGT,"Cogent Biosciences, Inc.",Healthcare,Biotechnology,USA,943.78,,11.01,2.42%,594686
425,COLB,"Columbia Banking System, Inc.",Financial,Banks - Regional,USA,2300.91,10.45,29.27,0.45%,549131
426,COLM,Columbia Sportswear Company,Consumer Cyclical,Apparel Manufacturing,USA,4663.04,13.33,74.04,-0.24%,333116
427,COMM,"CommScope Holding Company, Inc.",Technology,Communication Equipment,USA,1299.42,,6.24,3.14%,1893117
428,COMS,COMSovereign Holding Corp.,Communication Services,Telecom Services,USA,14.91,,0.18,-15.14%,4683118
429,CONN,"Conn's, Inc.",Consumer Cyclical,Specialty Retail,USA,216.92,3.94,9.18,2.11%,287718
430,COOP,Mr. Cooper Group Inc.,Financial,Mortgage Finance,USA,2832.18,2.02,38.34,2.84%,439101
431,COP,ConocoPhillips,Energy,Oil & Gas E&P,USA,107800.71,8.59,83.45,-2.45%,5560061
432,COSM,Cosmos Holdings Inc.,Healthcare,Drug Manufacturers - Specialty & Generic,USA,7.96,,0.45,7.02%,10598529
433,COST,Costco Wholesale Corporation,Consumer Defensive,Discount Stores,USA,214447.77,38.64,490.57,-1.67%,1770938
434,COTY,Coty Inc.,Consumer Defensive,Household & Personal Products,USA,6508.75,60.81,7.54,0.67%,7078432
435,COUP,Coupa Software Incorporated,Technology,Software - Application,USA,4563.63,,58.84,-4.57%,1335896
436,COWN,Cowen Inc.,Financial,Capital Markets,USA,807.59,5.83,32.06,-0.40%,1282631
437,CP,Canadian Pacific Railway Limited,Industrials,Railroads,Canada,84609.14,17.93,70.61,-1.78%,1903663
438,CPA,"Copa Holdings, S.A.",Industrials,Airlines,Panama,2661.55,15.27,63.31,4.54%,298417
439,CPE,Callon Petroleum Company,Energy,Oil & Gas E&P,USA,2216.8,4.25,35.83,-2.48%,1660075
440,CPG,Crescent Point Energy Corp.,Energy,Oil & Gas E&P,Canada,5056.36,1.1,6.62,-4.61%,10390755
441,CPRI,Capri Holdings Limited,Consumer Cyclical,Apparel Manufacturing,United Kingdom,6119.53,8.42,42.77,2.54%,1900771
442,CPRT,"Copart, Inc.",Industrials,Specialty Business Services,USA,26732.3,24.9,111.86,-0.80%,1051810
443,CPRX,"Catalyst Pharmaceuticals, Inc.",Healthcare,Biotechnology,USA,801.86,18.61,7.74,4.45%,2222842
444,CPS,Cooper-Standard Holdings Inc.,Consumer Cyclical,Auto Parts,USA,76.43,,4.56,3.40%,109735
445,CPT,Camden Property Trust,Real Estate,REIT - Residential,USA,14271.41,39.94,132.56,-0.17%,696795
446,CRBP,"Corbus Pharmaceuticals Holdings, Inc.",Healthcare,Biotechnology,USA,35.53,,0.29,-0.07%,323004
447,CRDF,"Cardiff Oncology, Inc.",Healthcare,Biotechnology,USA,120.55,,2.82,3.30%,960898
448,CRH,CRH plc,Basic Materials,Building Materials,Ireland,25726.92,10.65,34.76,0.52%,647237
449,CRI,"Carter's, Inc.",Consumer Cyclical,Apparel Retail,USA,3066.37,10.18,76.64,0.79%,863557
450,CRIS,"Curis, Inc.",Healthcare,Biotechnology,USA,94.2,,1.13,1.80%,1390267
451,CRK,"Comstock Resources, Inc.",Energy,Oil & Gas E&P,USA,2799.17,,11.92,-4.79%,2879923
452,CRL,"Charles River Laboratories International, Inc.",Healthcare,Diagnostics & Research,USA,10956.48,26.5,217.52,-3.14%,284393
453,CRM,"Salesforce, Inc.",Technology,Software - Application,USA,166572.84,161.49,166.33,-4.61%,7052855
454,CRMD,CorMedix Inc.,Healthcare,Biotechnology,USA,159.97,,4.19,7.71%,206972
455,CRNT,Ceragon Networks Ltd.,Technology,Communication Equipment,Israel,220.89,,2.71,1.50%,532744
456,CRON,Cronos Group Inc.,Healthcare,Drug Manufacturers - Specialty & Generic,Canada,1448.57,,2.99,1.01%,1069739
457,CROX,"Crocs, Inc.",Consumer Cyclical,Footwear & Accessories,USA,3305.99,4.82,53.66,-1.61%,1264244
458,CRSP,CRISPR Therapeutics AG,Healthcare,Biotechnology,Switzerland,6242.58,21.94,79.05,7.24%,2547304
459,CRTD,"Creatd, Inc.",Communication Services,Internet Content & Information,USA,17.09,,0.89,2.26%,358367
460,CRUS,"Cirrus Logic, Inc.",Technology,Semiconductors,USA,4017.76,13.03,71.99,1.47%,364276
461,CS,Credit Suisse Group AG,Financial,Banks - Diversified,Switzerland,14601.56,,5.52,1.66%,14702285
462,CSCO,"Cisco Systems, Inc.",Technology,Communication Equipment,USA,176786.36,15.04,42.86,-0.90%,17383597
463,CSGP,"CoStar Group, Inc.",Real Estate,Real Estate Services,USA,23608.96,76.54,59.7,-2.86%,1440078
464,CSIQ,Canadian Solar Inc.,Technology,Solar,Canada,1834.47,22.15,29.3,-0.95%,956720
465,CSTM,Constellium SE,Basic Materials,Aluminum,France,1907.66,4.84,12.95,3.19%,618812
466,CSX,CSX Corporation,Industrials,Railroads,USA,62325.34,16.14,28.42,-1.49%,14355291
467,CTAS,Cintas Corporation,Industrials,Specialty Business Services,USA,38606.61,33.32,377.46,-0.87%,469150
468,CTIC,CTI BioPharma Corp.,Healthcare,Biotechnology,USA,726.23,,6.58,0.00%,2974601
469,CTLT,"Catalent, Inc.",Healthcare,Drug Manufacturers - Specialty & Generic,USA,18613.26,37.66,104.61,-5.58%,1075620
470,CTMX,"CytomX Therapeutics, Inc.",Healthcare,Biotechnology,USA,79.17,,1.28,0.00%,1414941
471,CTRE,"CareTrust REIT, Inc.",Real Estate,REIT - Healthcare Facilities,USA,1842.5,235.06,19.04,1.49%,557403
472,CTRN,"Citi Trends, Inc.",Consumer Cyclical,Apparel Retail,USA,193.18,3.23,23.08,0.00%,161980
473,CTSH,Cognizant Technology Solutions Corporation,Technology,Information Technology Services,USA,34238.28,15.63,65.15,-0.84%,3475739
474,CTT,"CatchMark Timber Trust, Inc.",Real Estate,REIT - Specialty,USA,505.75,8.05,10.29,-0.19%,487414
475,CTXR,"Citius Pharmaceuticals, Inc.",Healthcare,Biotechnology,USA,129.66,,0.9,-0.19%,352967
476,CUBI,"Customers Bancorp, Inc.",Financial,Banks - Regional,USA,1159.93,3.45,34.77,1.67%,209323
477,CUE,"Cue Biopharma, Inc.",Healthcare,Biotechnology,USA,93.05,,2.63,-3.66%,220230
478,CUK,Carnival Corporation & plc,Consumer Cyclical,Travel Services,USA,10454.7,,8.21,6.21%,4956920
479,CUTR,"Cutera, Inc.",Healthcare,Medical Devices,USA,683.12,,38.27,0.21%,444006
480,CUZ,Cousins Properties Incorporated,Real Estate,REIT - Office,USA,4324.77,15.28,28.43,1.46%,1230928
481,CVE,Cenovus Energy Inc.,Energy,Oil & Gas Integrated,Canada,32986.84,22.66,16.7,-4.46%,9364002
482,CVET,"Covetrus, Inc.",Healthcare,Health Information Services,USA,2897.74,,20.75,0.10%,435459
483,CVI,"CVR Energy, Inc.",Energy,Oil & Gas Refining & Marketing,USA,3140.9,19.57,30.76,-1.82%,807416
484,CVM,CEL-SCI Corporation,Healthcare,Biotechnology,USA,195.3,,4.46,-0.45%,177235
485,CVNA,Carvana Co.,Consumer Cyclical,Internet Retail,USA,4443.79,,22.07,-0.09%,7921452
486,CVS,CVS Health Corporation,Healthcare,Healthcare Plans,USA,123952.7,15.79,94.98,0.29%,5592485
487,CVX,Chevron Corporation,Energy,Oil & Gas Integrated,USA,274385.06,13.06,138.92,-1.83%,8645452
488,CWBR,"CohBar, Inc.",Healthcare,Biotechnology,USA,17.56,,0.2,3.76%,421489
489,CWH,"Camping World Holdings, Inc.",Consumer Cyclical,Recreational Vehicles,USA,1920.26,4.14,23.29,4.72%,922740
490,CWK,Cushman & Wakefield plc,Real Estate,Real Estate Services,United Kingdom,3443.81,11.1,15.23,0.93%,614076
491,CX,"CEMEX, S.A.B. de C.V.",Basic Materials,Building Materials,Mexico,5847.38,17.67,3.87,2.65%,2599826
492,CXW,"CoreCivic, Inc.",Real Estate,REIT - Specialty,USA,1316.76,14.54,11.11,-0.89%,538448
493,CYBR,CyberArk Software Ltd.,Technology,Software - Infrastructure,Israel,5356.71,,128.86,-4.98%,289963
494,CYCC,"Cyclacel Pharmaceuticals, Inc.",Healthcare,Biotechnology,USA,11.79,,1.19,3.48%,702086
495,CYH,"Community Health Systems, Inc.",Healthcare,Medical Care Facilities,USA,471.25,1.57,3.49,-8.88%,2734492
496,CYRX,"Cryoport, Inc.",Industrials,Integrated Freight & Logistics,USA,1646.71,,34.45,-0.14%,285072
497,CYTK,"Cytokinetics, Incorporated",Healthcare,Biotechnology,USA,4076.89,,44.6,-1.63%,766694
498,CYTO,Altamira Therapeutics Ltd.,Healthcare,Biotechnology,Bermuda,8.34,,0.54,11.32%,719046
499,CZR,"Caesars Entertainment, Inc.",Consumer Cyclical,Resorts & Casinos,USA,8706.97,,38.72,1.33%,4960276
500,DAC,Danaos Corporation,Industrials,Marine Shipping,Greece,1204.61,1.11,58.25,-1.39%,143024
501,DAL,"Delta Air Lines, Inc.",Industrials,Airlines,USA,20057.71,39.4,31.09,6.15%,22688165
502,DAN,Dana Incorporated,Consumer Cyclical,Auto Parts,USA,2085.55,14.81,14.48,4.78%,904624
503,DAR,Darling Ingredients Inc.,Consumer Defensive,Packaged Foods,USA,9525.29,14.11,58.33,0.45%,2119732
504,DARE,"Dare Bioscience, Inc.",Healthcare,Biotechnology,USA,103.34,,1.23,0.00%,931545
505,DB,Deutsche Bank Aktiengesellschaft,Financial,Banks - Regional,Germany,15908.26,7.71,7.87,-0.88%,5335949
506,DBD,"Diebold Nixdorf, Incorporated",Technology,Software - Application,USA,179.01,,2.85,1.06%,900869
507,DBI,Designer Brands Inc.,Consumer Cyclical,Apparel Retail,USA,902.74,6.09,12.9,-0.23%,1025525
508,DBRG,"DigitalBridge Group, Inc.",Real Estate,REIT - Diversified,USA,3290.68,,5.05,0.80%,2254872
509,DBVT,DBV Technologies S.A.,Healthcare,Biotechnology,France,420.09,,2.35,-1.67%,79428
510,DBX,"Dropbox, Inc.",Technology,Software - Infrastructure,USA,8190.01,18.82,21.7,-3.47%,2173188
511,DCI,"Donaldson Company, Inc.",Industrials,Specialty Industrial Machinery,USA,6055.5,19.39,48.58,-0.47%,316757
512,DCP,"DCP Midstream, LP",Energy,Oil & Gas Midstream,USA,6055.27,16.81,28.92,-0.92%,378956
513,DCPH,"Deciphera Pharmaceuticals, Inc.",Healthcare,Biotechnology,USA,903.55,,13.27,5.91%,637170
514,DD,"DuPont de Nemours, Inc.",Basic Materials,Chemicals,USA,28712.51,20.33,55.54,1.18%,2382996
515,DDD,3D Systems Corporation,Technology,Computer Hardware,USA,1235.67,4.85,9.69,0.00%,809284
516,DE,Deere & Company,Industrials,Farm & Heavy Construction Machinery,USA,90255.96,15.44,295.96,-0.82%,1206475
517,DECK,Deckers Outdoor Corporation,Consumer Cyclical,Footwear & Accessories,USA,7135.25,16.18,263.78,0.82%,395599
518,DEI,"Douglas Emmett, Inc.",Real Estate,REIT - Office,USA,3999.3,50.04,22.32,1.41%,1202833
519,DELL,Dell Technologies Inc.,Technology,Computer Hardware,USA,31850.97,6.62,43.05,1.34%,4518224
520,DENN,Denny's Corporation,Consumer Cyclical,Restaurants,USA,551.63,7.47,8.87,0.23%,441524
521,DEO,Diageo plc,Consumer Defensive,Beverages - Wineries & Distilleries,United Kingdom,95731.28,31.49,171.78,0.64%,274949
522,DFS,Discover Financial Services,Financial,Credit Services,USA,27900.49,5.88,99.83,0.33%,1827591
523,DGLY,"Digital Ally, Inc.",Industrials,Security & Protection Services,USA,37.11,,0.77,-0.97%,249572
524,DGX,Quest Diagnostics Incorporated,Healthcare,Diagnostics & Research,USA,15739.48,8.94,134.09,-1.38%,723525
525,DHC,Diversified Healthcare Trust,Real Estate,REIT - Healthcare Facilities,USA,420.44,0.85,1.73,1.76%,1380438
526,DHI,"D.R. Horton, Inc.",Consumer Cyclical,Residential Construction,USA,25987.92,5.33,74.4,1.54%,4393785
527,DHR,Danaher Corporation,Healthcare,Diagnostics & Research,USA,183515.79,29.66,252.7,-4.75%,2192396
528,DHX,"DHI Group, Inc.",Industrials,Staffing & Employment Services,USA,240.21,,4.96,-1.00%,402006
529,DINO,HF Sinclair Corporation,Energy,Oil & Gas Refining & Marketing,USA,10116.54,13.34,45.25,-0.92%,1679449
530,DIS,The Walt Disney Company,Communication Services,Entertainment,USA,173283.55,63.29,93.6,-0.04%,8646103
531,DISH,DISH Network Corporation,Communication Services,Entertainment,USA,9091.5,5.01,17.42,2.05%,2673147
532,DK,"Delek US Holdings, Inc.",Energy,Oil & Gas Refining & Marketing,USA,1677.62,,23.13,-0.39%,1058257
533,DKS,"DICK'S Sporting Goods, Inc.",Consumer Cyclical,Specialty Retail,USA,6795.48,6.58,84.7,1.11%,2403316
534,DLB,"Dolby Laboratories, Inc.",Communication Services,Entertainment,USA,7257.23,34.85,72.24,-0.99%,331556
535,DLTR,"Dollar Tree, Inc.",Consumer Defensive,Discount Stores,USA,37170.52,25.08,164.13,-1.23%,1367577
536,DMTK,"DermTech, Inc.",Healthcare,Diagnostics & Research,USA,177.61,,5.98,2.22%,227472
537,DNLI,Denali Therapeutics Inc.,Healthcare,Biotechnology,USA,4079.24,,33.1,0.73%,447557
538,DNN,Denison Mines Corp.,Energy,Uranium,Canada,789.78,14.85,0.98,-1.71%,1896366
539,DNOW,NOW Inc.,Energy,Oil & Gas Equipment & Services,USA,1027.92,24.15,9.83,-1.99%,1020344
540,DOC,Physicians Realty Trust,Real Estate,REIT - Healthcare Facilities,USA,3760.07,45.86,16.6,-0.06%,1318063
541,DOCU,"DocuSign, Inc.",Technology,Software - Application,USA,12745.26,,62.8,-0.49%,3008662
542,DOGZ,Dogness (International) Corporation,Consumer Defensive,Household & Personal Products,China,63.7,27.33,1.64,0.61%,475568
543,DOV,Dover Corporation,Industrials,Specialty Industrial Machinery,USA,17672.27,15.71,120.77,-0.46%,698169
544,DOW,Dow Inc.,Basic Materials,Chemicals,USA,37354.16,5.49,50.42,-1.16%,6053793
545,DOX,Amdocs Limited,Technology,Software - Infrastructure,USA,10071.13,18.38,82.22,-0.51%,453847
546,DPZ,"Domino's Pizza, Inc.",Consumer Cyclical,Restaurants,USA,14258.07,29.92,391.49,-1.45%,461548
547,DRE,Duke Realty Corporation,Real Estate,REIT - Industrial,USA,21978.52,21.24,56.92,-0.66%,1429280
548,DRH,DiamondRock Hospitality Company,Real Estate,REIT - Hotel & Motel,USA,1777.59,,8.34,1.71%,1023818
549,DRI,"Darden Restaurants, Inc.",Consumer Cyclical,Restaurants,USA,14510.02,15.61,115.83,0.34%,1009507
550,DRRX,DURECT Corporation,Healthcare,Drug Manufacturers - Specialty & Generic,USA,101.13,,0.46,0.02%,402359
551,DS,Drive Shack Inc.,Consumer Cyclical,Leisure,USA,123.8,,1.34,-0.74%,403358
552,DSX,Diana Shipping Inc.,Industrials,Marine Shipping,Greece,376.32,4.57,4.35,-2.03%,484862
553,DTE,DTE Energy Company,Utilities,Utilities - Regulated Electric,USA,24353.34,30.75,125.21,-0.63%,798911
554,DTIL,"Precision BioSciences, Inc.",Healthcare,Biotechnology,USA,133.21,,1.51,-4.43%,2053392
555,DTST,Data Storage Corporation,Technology,Information Technology Services,USA,15.98,34.37,2.44,0.41%,13117
556,DVA,DaVita Inc.,Healthcare,Medical Care Facilities,USA,8051.16,10.05,84.5,3.10%,742356
557,DVAX,Dynavax Technologies Corporation,Healthcare,Biotechnology,USA,1810.54,28.04,14.58,2.39%,1099036
558,DVN,Devon Energy Corporation,Energy,Oil & Gas E&P,USA,33764.37,9.73,51.93,-2.61%,9713958
559,DX,"Dynex Capital, Inc.",Real Estate,REIT - Mortgage,USA,931.57,6.88,16.19,0.19%,697865
560,DXC,DXC Technology Company,Technology,Information Technology Services,USA,6582.06,10.08,28.66,-2.05%,1603549
561,DXCM,"DexCom, Inc.",Healthcare,Diagnostics & Research,USA,30891.41,152.74,78.05,-0.48%,1536428
562,DXLG,"Destination XL Group, Inc.",Consumer Cyclical,Apparel Retail,USA,225.49,3.96,3.56,1.42%,353360
563,E,Eni S.p.A.,Energy,Oil & Gas Integrated,Italy,39037.28,4.54,22.16,-1.64%,381521
564,EA,Electronic Arts Inc.,Communication Services,Electronic Gaming & Multimedia,USA,34061.7,44.29,121.98,-1.50%,1249637
565,EAF,GrafTech International Ltd.,Industrials,Electrical Equipment & Parts,USA,1754.33,4.34,6.79,0.44%,1815601
566,EAT,"Brinker International, Inc.",Consumer Cyclical,Restaurants,USA,1023.71,6.99,22.81,2.29%,919235
567,EB,"Eventbrite, Inc.",Technology,Software - Application,USA,1021.6,,10.36,1.27%,1443348
568,EBAY,eBay Inc.,Consumer Cyclical,Internet Retail,USA,24566.54,,43.2,0.86%,4745004
569,EBIX,"Ebix, Inc.",Technology,Software - Application,USA,559.53,8.61,18.43,2.62%,272240
570,EBS,Emergent BioSolutions Inc.,Healthcare,Drug Manufacturers - Specialty & Generic,USA,1561.74,10.64,31.31,-2.64%,529227
571,EC,Ecopetrol S.A.,Energy,Oil & Gas Integrated,Colombia,20706.94,4.45,9.96,-0.99%,1665627
572,ECL,Ecolab Inc.,Basic Materials,Specialty Chemicals,USA,46021.27,41.14,157.78,2.28%,1936436
573,ECVT,Ecovyst Inc.,Basic Materials,Specialty Chemicals,USA,1310.74,104.07,9.47,-0.84%,426969
574,EDIT,"Editas Medicine, Inc.",Healthcare,Biotechnology,USA,1000.82,,14.39,4.12%,1511015
575,EFC,Ellington Financial Inc.,Financial,Mortgage Finance,USA,910.96,9.81,15.38,0.65%,418563
576,EFOI,"Energy Focus, Inc.",Consumer Cyclical,"Furnishings, Fixtures & Appliances",USA,7.13,,0.9,-7.00%,203195
577,EFX,Equifax Inc.,Industrials,Consulting Services,USA,22963.24,30.27,187.18,-1.32%,738797
578,EGHT,"8x8, Inc.",Technology,Software - Application,USA,595.01,,4.9,-1.80%,1732589
579,EGIO,"Edgio, Inc.",Technology,Software - Infrastructure,USA,306.87,,2.23,0.45%,1798970
580,EGLE,Eagle Bulk Shipping Inc.,Industrials,Marine Shipping,USA,588.03,3.09,43.85,-1.42%,328021
581,EGO,Eldorado Gold Corporation,Basic Materials,Gold,Canada,1038.35,,5.55,-0.18%,2960833
582,EGP,"EastGroup Properties, Inc.",Real Estate,REIT - Industrial,USA,6508.45,32.73,155,-0.17%,253478
583,EGY,"VAALCO Energy, Inc.",Energy,Oil & Gas E&P,USA,362.89,4.31,6.16,-3.45%,1064913
584,EHC,Encompass Health Corporation,Healthcare,Medical Care Facilities,USA,4824.34,12.32,48.2,0.00%,330575
585,EIGR,"Eiger BioPharmaceuticals, Inc.",Healthcare,Biotechnology,USA,341.27,,8.5,-1.28%,361296
586,EIX,Edison International,Utilities,Utilities - Regulated Electric,USA,23836.42,40.55,62.28,-0.35%,706112
587,EKSO,"Ekso Bionics Holdings, Inc.",Healthcare,Medical Instruments & Supplies,USA,22.13,,1.71,1.79%,15439
588,EL,The Estee Lauder Companies Inc.,Consumer Defensive,Household & Personal Products,USA,90029.44,26.7,244.3,-0.53%,1210815
589,ELAN,Elanco Animal Health Incorporated,Healthcare,Drug Manufacturers - Specialty & Generic,USA,9588.4,,19.99,-1.14%,2552233
590,ELF,"e.l.f. Beauty, Inc.",Consumer Defensive,Household & Personal Products,USA,1648.08,76.82,31.19,0.03%,414278
591,ELP,Companhia Paranaense de Energia - COPEL,Utilities,Utilities - Diversified,Brazil,3286.2,24.92,6.28,0.32%,672742
592,ELS,"Equity LifeStyle Properties, Inc.",Real Estate,REIT - Residential,USA,13642.64,50.21,72.66,-0.90%,1130346
594,ELY,Callaway Golf Company,Consumer Cyclical,Leisure,USA,3828.81,30.59,20.74,0.48%,1366813
595,EMAN,eMagin Corporation,Technology,Semiconductor Equipment & Materials,USA,53.97,24.02,0.74,-0.71%,90813
596,EMKR,EMCORE Corporation,Technology,Semiconductors,USA,116.35,6.44,3.11,-1.27%,216513
597,EMN,Eastman Chemical Company,Basic Materials,Chemicals,USA,11767.81,14.94,90.71,1.16%,595834
598,EMR,Emerson Electric Co.,Industrials,Specialty Industrial Machinery,USA,47071.91,16.52,79.05,-1.51%,2804774
599,ENB,Enbridge Inc.,Energy,Oil & Gas Midstream,Canada,83829.37,18.77,41.74,-0.86%,2187220
600,ENDP,Endo International plc,Healthcare,Drug Manufacturers - Specialty & Generic,Ireland,85.13,,0.41,-19.67%,85250522
601,ENIC,Enel Chile S.A.,Utilities,Utilities - Regulated Electric,Chile,1483.74,14.55,1.12,0.00%,296818
602,ENLC,"EnLink Midstream, LLC",Energy,Oil & Gas Midstream,USA,4049.49,59.5,8.27,-4.06%,2186750
603,ENOB,"Enochian Biosciences, Inc.",Healthcare,Biotechnology,USA,100.93,,2.03,4.64%,326648
604,ENOV,Enovis Corporation,Industrials,Specialty Industrial Machinery,USA,2952.72,33.56,54,-0.48%,330314
605,ENPH,"Enphase Energy, Inc.",Technology,Solar,USA,24447.31,163.2,189.47,-8.05%,3481358
606,ENR,"Energizer Holdings, Inc.",Industrials,Electrical Equipment & Parts,USA,2025.33,11.26,28.11,1.37%,515176
607,ENSV,Enservco Corporation,Energy,Oil & Gas Equipment & Services,USA,20.2,,1.81,-9.05%,208895
608,ENTG,"Entegris, Inc.",Technology,Semiconductor Equipment & Materials,USA,13925.3,28,92.3,1.42%,1479937
609,ENV,"Envestnet, Inc.",Technology,Software - Application,USA,2809.47,,50.74,-1.07%,354863
610,ENVB,"Enveric Biosciences, Inc.",Healthcare,Biotechnology,USA,10.48,,0.22,-12.41%,4507331
611,EOG,"EOG Resources, Inc.",Energy,Oil & Gas E&P,USA,58024.56,13.28,99.49,-4.06%,3856046
612,EOLS,"Evolus, Inc.",Healthcare,Drug Manufacturers - Specialty & Generic,USA,707.28,,12.98,-2.26%,400757
613,EPAM,"EPAM Systems, Inc.",Technology,Information Technology Services,USA,17855.3,38.97,304.75,-3.91%,506451
614,EPC,Edgewell Personal Care Company,Consumer Defensive,Household & Personal Products,USA,1898.25,16.66,36.02,0.81%,246002
615,EPD,Enterprise Products Partners L.P.,Energy,Oil & Gas Midstream,USA,52930.21,11.94,24.68,-1.44%,6577137
616,EPR,EPR Properties,Real Estate,REIT - Retail,USA,3622.56,31.79,48.07,-0.17%,324206
617,EPRT,"Essential Properties Realty Trust, Inc.",Real Estate,REIT - Diversified,USA,2859.06,24.95,21.88,-0.18%,644546
618,EQH,"Equitable Holdings, Inc.",Financial,Insurance - Diversified,USA,9890.61,6.78,25.82,0.58%,1765169
619,EQNR,Equinor ASA,Energy,Oil & Gas Integrated,Norway,106095.38,9.36,32.95,-1.41%,2461171
620,EQR,Equity Residential,Real Estate,REIT - Residential,USA,27014.63,19.95,71.29,0.11%,968038
621,EQT,EQT Corporation,Energy,Oil & Gas E&P,USA,12834.69,,34.39,-0.49%,5249362
622,EQX,Equinox Gold Corp.,Basic Materials,Gold,Canada,1270.82,2.73,4.07,-4.01%,2940268
623,ERF,Enerplus Corporation,Energy,Oil & Gas E&P,Canada,2908.49,11.83,12.03,-4.60%,2246785
624,ERII,"Energy Recovery, Inc.",Industrials,Pollution & Treatment Controls,USA,1087.52,73.13,19.16,-2.99%,171251
625,ERJ,Embraer S.A.,Industrials,Aerospace & Defense,Brazil,1510.53,182.89,8.23,1.86%,2303933
626,ERYP,ERYTECH Pharma S.A.,Healthcare,Biotechnology,France,32.5,,1.01,-3.35%,3275
627,ESI,Element Solutions Inc,Basic Materials,Specialty Chemicals,USA,4455.13,24.97,17.78,1.48%,1411575
628,ESNT,Essent Group Ltd.,Financial,Mortgage Finance,Bermuda,4169.49,5.23,38.88,0.18%,250617
629,ESRT,"Empire State Realty Trust, Inc.",Real Estate,REIT - Diversified,USA,1230.36,,7.08,2.91%,675344
630,ESS,"Essex Property Trust, Inc.",Real Estate,REIT - Residential,USA,17460.31,43.76,264.07,0.56%,300487
631,ESTC,Elastic N.V.,Technology,Software - Application,USA,6643.68,,69.48,-8.51%,1562103
632,ESTE,"Earthstone Energy, Inc.",Energy,Oil & Gas E&P,USA,1347.61,121.26,11.52,-3.52%,1606665
633,ET,Energy Transfer LP,Energy,Oil & Gas Midstream,USA,29627.77,9.13,9.68,-0.51%,18159629
634,ETN,Eaton Corporation plc,Industrials,Specialty Industrial Machinery,Ireland,51326.77,22.99,126.88,-0.76%,1051594
635,ETR,Entergy Corporation,Utilities,Utilities - Diversified,USA,22675.43,21.22,110.98,0.18%,788678
636,ETRN,Equitrans Midstream Corporation,Energy,Oil & Gas Midstream,USA,2712.36,,6.46,-0.77%,3857280
637,ETSY,"Etsy, Inc.",Consumer Cyclical,Internet Retail,USA,10990.61,28.89,85.59,-0.56%,2993797
638,EVA,Enviva Inc.,Basic Materials,Lumber & Wood Production,USA,3900.21,,58.16,-2.25%,463575
639,EVBG,"Everbridge, Inc.",Technology,Software - Application,USA,1073.32,,26.43,-2.97%,960861
640,EVH,"Evolent Health, Inc.",Healthcare,Health Information Services,USA,2685.3,,29.37,-6.85%,1416127
641,EVOK,"Evoke Pharma, Inc.",Healthcare,Drug Manufacturers - Specialty & Generic,USA,10.6,,3.09,-4.63%,36781
642,EVR,Evercore Inc.,Financial,Capital Markets,USA,3959.31,5.07,89.76,0.34%,446000
643,EVRI,Everi Holdings Inc.,Consumer Cyclical,Gambling,USA,1603.73,10.62,17.25,1.47%,676245
644,EW,Edwards Lifesciences Corporation,Healthcare,Medical Devices,USA,59923.48,39.48,96.34,-0.56%,2611240
645,EWBC,"East West Bancorp, Inc.",Financial,Banks - Diversified,USA,9370.51,10.44,66.05,0.62%,567045
646,EXAS,Exact Sciences Corporation,Healthcare,Diagnostics & Research,USA,8065.04,,46.67,2.84%,1693665
647,EXEL,"Exelixis, Inc.",Healthcare,Biotechnology,USA,6665.92,22.83,21.07,2.13%,3086480
648,EXK,Endeavour Silver Corp.,Basic Materials,Silver,Canada,551.41,40.66,3.09,0.32%,1850725
649,EXPD,"Expeditors International of Washington, Inc.",Industrials,Integrated Freight & Logistics,USA,16354.68,11.15,96.34,-1.02%,1339800
650,EXPE,"Expedia Group, Inc.",Consumer Cyclical,Travel Services,USA,14736.76,73.39,92.03,0.95%,1701574
651,EXPI,"eXp World Holdings, Inc.",Real Estate,Real Estate Services,USA,2071.42,25.41,13.77,-0.79%,757293
652,EXPR,"Express, Inc.",Consumer Cyclical,Apparel Retail,USA,125.65,6.45,1.78,0.00%,1560297
653,EXTR,"Extreme Networks, Inc.",Technology,Communication Equipment,USA,1202.5,25.34,9.25,-0.64%,1416534
654,EYE,"National Vision Holdings, Inc.",Consumer Cyclical,Specialty Retail,USA,2330.65,21.59,28.35,-0.91%,897233
655,F,Ford Motor Company,Consumer Cyclical,Auto Manufacturers,USA,46588.54,4.06,11.56,2.39%,58169401
656,FAF,First American Financial Corporation,Financial,Insurance - Specialty,USA,5899.94,5.51,54.7,0.07%,772692
657,FANG,"Diamondback Energy, Inc.",Energy,Oil & Gas E&P,USA,19592.26,7.27,110.41,-3.48%,2639450
658,FAST,Fastenal Company,Industrials,Industrial Distribution,USA,28859.73,29.34,49.99,-1.01%,4691855
659,FATE,"Fate Therapeutics, Inc.",Healthcare,Biotechnology,USA,2965.79,,29.78,4.45%,1423461
660,FBC,"Flagstar Bancorp, Inc.",Financial,Banks - Regional,USA,1922.25,4.41,35.95,1.44%,250248
661,FBHS,"Fortune Brands Home & Security, Inc.",Consumer Cyclical,"Furnishings, Fixtures & Appliances",USA,8287.9,11.13,62.47,1.26%,856975
662,FBIO,"Fortress Biotech, Inc.",Healthcare,Biotechnology,USA,91.84,,0.88,-1.32%,329114
663,FBP,First BanCorp.,Financial,Banks - Regional,USA,2605.7,9.19,13.34,-1.04%,1716101
664,FCEL,"FuelCell Energy, Inc.",Industrials,Electrical Equipment & Parts,USA,1491.53,,3.94,-2.23%,9724770
665,FCF,First Commonwealth Financial Corporation,Financial,Banks - Regional,USA,1274.63,10.26,13.57,-0.44%,385810
666,FCPT,"Four Corners Property Trust, Inc.",Real Estate,REIT - Hotel & Motel,USA,2166.82,24.25,27.16,-1.09%,329372
667,FCX,Freeport-McMoRan Inc.,Basic Materials,Copper,USA,39776.38,7.63,26.3,-2.27%,25657744
668,FDX,FedEx Corporation,Industrials,Integrated Freight & Logistics,USA,58008.25,15.34,222.98,-0.54%,2053369
669,FERG,Ferguson plc,Industrials,Industrial Distribution,United Kingdom,23488.75,11.82,109.74,-0.64%,475223
670,FFIN,"First Financial Bankshares, Inc.",Financial,Banks - Regional,USA,5771.18,25.46,40.31,-0.32%,282348
671,FFIV,"F5, Inc.",Technology,Software - Infrastructure,USA,9115.78,26.44,149.98,-1.73%,540012
672,FGEN,"FibroGen, Inc.",Healthcare,Biotechnology,USA,1134.4,,12.09,4.31%,927177
673,FHB,"First Hawaiian, Inc.",Financial,Banks - Regional,USA,2904.05,10.94,22.54,-1.18%,628753
674,FHI,"Federated Hermes, Inc.",Financial,Asset Management,USA,3034.29,12.49,32.75,0.43%,438612
675,FHN,First Horizon Corporation,Financial,Banks - Regional,USA,11648.6,12.87,21.64,-0.87%,3066650
676,FIBK,"First Interstate BancSystem, Inc.",Financial,Banks - Regional,USA,4258.19,20.13,38.63,0.29%,366941
677,FINV,FinVolution Group,Financial,Credit Services,China,1476.89,3.86,4.77,5.76%,683830
678,FIS,"Fidelity National Information Services, Inc.",Technology,Information Technology Services,USA,57090.46,63.94,93.99,0.02%,1983869
679,FISV,"Fiserv, Inc.",Technology,Information Technology Services,USA,60036.28,36.2,92.59,0.00%,3423273
680,FITB,Fifth Third Bancorp,Financial,Banks - Regional,USA,23045.17,9.61,33.53,-0.03%,3232485
681,FIVE,"Five Below, Inc.",Consumer Cyclical,Specialty Retail,USA,6773.38,25.56,119.04,-0.82%,741783
682,FIVN,"Five9, Inc.",Technology,Software - Infrastructure,USA,6450.52,,92.64,-3.61%,799620
683,FL,"Foot Locker, Inc.",Consumer Cyclical,Footwear & Accessories,USA,2344.34,3.14,25.1,1.05%,1763446
684,FLEX,Flex Ltd.,Technology,Electronic Components,Singapore,6634.59,7.48,14.48,0.98%,3155599
685,FLR,Fluor Corporation,Industrials,Engineering & Construction,USA,3293.38,,23.69,-1.54%,1426195
686,FLS,Flowserve Corporation,Industrials,Specialty Industrial Machinery,USA,3674.44,38.62,28.35,-0.18%,1080159
687,FLT,"FLEETCOR Technologies, Inc.",Technology,Information Technology Services,USA,16286.06,19.93,211.37,-1.60%,473095
688,FLWS,"1-800-FLOWERS.COM, Inc.",Consumer Cyclical,Specialty Retail,USA,646.55,10.04,9.82,1.24%,264103
689,FMC,FMC Corporation,Basic Materials,Agricultural Inputs,USA,12979.77,15.9,103.54,-1.04%,558093
690,FMX,"Fomento Economico Mexicano, S.A.B. de C.V.",Consumer Defensive,Beverages - Brewers,Mexico,20666.24,15.74,59.89,0.34%,897938
691,FNB,F.N.B. Corporation,Financial,Banks - Regional,USA,3883.52,10.01,10.98,0.27%,1479851
692,FND,"Floor & Decor Holdings, Inc.",Consumer Cyclical,Home Improvement Retail,USA,7736.6,27.87,72.19,1.01%,2214562
693,FNF,"Fidelity National Financial, Inc.",Financial,Insurance - Specialty,USA,10699.49,4.91,37.77,1.04%,1234339
694,FNKO,"Funko, Inc.",Consumer Cyclical,Leisure,USA,1167.46,20.64,23.41,-2.42%,922594
695,FNV,Franco-Nevada Corporation,Basic Materials,Gold,Canada,32269.82,25.85,130.22,-1.28%,573948
696,FOCS,Focus Financial Partners Inc.,Financial,Capital Markets,USA,2742.21,58.34,35.59,0.31%,307535
697,FOLD,"Amicus Therapeutics, Inc.",Healthcare,Biotechnology,USA,3085.42,,11.19,0.72%,2150399
698,FORM,"FormFactor, Inc.",Technology,Semiconductors,USA,2722.42,29.66,35.26,-0.11%,210465
699,FOSL,"Fossil Group, Inc.",Consumer Cyclical,Luxury Goods,USA,296.06,10.98,5.82,5.05%,365021
700,FOXA,Fox Corporation,Communication Services,Broadcasting,USA,17983.32,16.65,33.22,0.97%,1523826
701,FPI,Farmland Partners Inc.,Real Estate,REIT - Specialty,USA,676.67,,13.67,-2.01%,335069
702,FR,"First Industrial Realty Trust, Inc.",Real Estate,REIT - Industrial,USA,6351.94,25.57,47.95,-0.17%,743451
703,FRC,First Republic Bank,Financial,Banks - Regional,USA,26919.91,19.01,149.58,-0.49%,897895
704,FRG,"Franchise Group, Inc.",Consumer Cyclical,Personal Services,USA,1269.08,5.71,32.08,0.53%,325326
705,FRPT,"Freshpet, Inc.",Consumer Defensive,Packaged Foods,USA,2239.97,,47.73,-0.65%,579673
706,FRT,Federal Realty Investment Trust,Real Estate,REIT - Retail,USA,7886.22,30,98.8,1.46%,550338
707,FSLR,"First Solar, Inc.",Technology,Solar,USA,7104.73,33.96,68.42,-1.26%,1417065
708,FSP,Franklin Street Properties Corp.,Real Estate,REIT - Office,USA,383.69,4.11,3.7,1.37%,799519
709,FSR,Fisker Inc.,Consumer Cyclical,Auto Manufacturers,USA,2614.7,,9.07,2.02%,2724623
710,FTAI,Fortress Transportation and Infrastructure Investors LLC,Industrials,Rental & Leasing Services,USA,1830.57,,19.32,-0.36%,195870
711,FTCH,Farfetch Limited,Consumer Cyclical,Internet Retail,United Kingdom,2735.69,1.89,6.93,1.17%,8170436
712,FTDR,"Frontdoor, Inc.",Consumer Cyclical,Personal Services,USA,2141.57,17.91,25.88,0.70%,1479695
713,FTFT,Future FinTech Group Inc.,Technology,Software - Application,China,29.38,,0.42,-0.31%,72647
714,FTI,TechnipFMC plc,Energy,Oil & Gas Equipment & Services,United Kingdom,2638.37,,5.89,-4.54%,5583134
715,FTK,"Flotek Industries, Inc.",Energy,Oil & Gas Equipment & Services,USA,75.51,,0.97,2.32%,59815
716,FTNT,"Fortinet, Inc.",Technology,Software - Infrastructure,USA,47028.85,77.83,59.62,-4.27%,5611771
717,FTV,Fortive Corporation,Technology,Scientific & Technical Instruments,USA,19596.96,30.19,54.76,-1.32%,2009439
718,FUBO,fuboTV Inc.,Communication Services,Broadcasting,USA,488.23,,2.61,1.95%,8963548
719,FULT,Fulton Financial Corporation,Financial,Banks - Regional,USA,2335.79,9.21,14.49,0.69%,1393099
720,FUV,"Arcimoto, Inc.",Consumer Cyclical,Recreational Vehicles,USA,108.6,,3.06,3.73%,606383
721,FWBI,"First Wave BioPharma, Inc.",Healthcare,Biotechnology,USA,4.88,,0.22,6.14%,45362257
722,G,Genpact Limited,Technology,Information Technology Services,Bermuda,7957.03,22.19,43.28,-1.21%,703040
723,GAN,GAN Limited,Consumer Cyclical,Gambling,USA,122.66,,2.91,-2.02%,230371
724,GASS,StealthGas Inc.,Energy,Oil & Gas Midstream,Greece,90.33,,2.41,-4.74%,333796
725,GBDC,"Golub Capital BDC, Inc.",Financial,Asset Management,USA,2276.23,8.06,13.52,1.12%,415968
726,GBOX,GreenBox POS,Technology,Software - Infrastructure,USA,35.69,,0.79,-3.32%,568123
727,GBT,"Global Blood Therapeutics, Inc.",Healthcare,Biotechnology,USA,2240.21,,34.84,3.35%,1068613
728,GCI,"Gannett Co., Inc.",Communication Services,Publishing,USA,418.14,2650,2.65,8.16%,1341965
729,GCP,GCP Applied Technologies Inc.,Basic Materials,Specialty Chemicals,USA,2340.94,142.48,31.63,-0.22%,241688
730,GD,General Dynamics Corporation,Industrials,Aerospace & Defense,USA,60015.18,18.55,216.63,-1.42%,744623
731,GDDY,GoDaddy Inc.,Technology,Software - Infrastructure,USA,11437.69,39.59,70.2,-2.45%,732399
732,GDOT,Green Dot Corporation,Financial,Credit Services,USA,1399.77,23.82,25.75,0.74%,281107
733,GDS,GDS Holdings Limited,Technology,Software - Infrastructure,China,5277.95,,27.32,-1.80%,1385824
734,GDYN,"Grid Dynamics Holdings, Inc.",Technology,Information Technology Services,USA,1107.82,,16.51,-2.48%,201075
735,GE,General Electric Company,Industrials,Specialty Industrial Machinery,USA,69089.46,,63.02,1.79%,7261205
736,GEL,"Genesis Energy, L.P.",Energy,Oil & Gas Midstream,USA,993.74,,7.86,-1.75%,347819
737,GEO,"The GEO Group, Inc.",Real Estate,REIT - Healthcare Facilities,USA,780.61,11.92,6.4,0.63%,1051485
738,GERN,Geron Corporation,Healthcare,Biotechnology,USA,708.92,,1.84,3.95%,2093359
739,GES,"Guess', Inc.",Consumer Cyclical,Apparel Retail,USA,1028.28,6.97,17.47,0.98%,482497
740,GEVO,"Gevo, Inc.",Basic Materials,Specialty Chemicals,USA,479.56,,2.34,0.00%,6699032
741,GFF,Griffon Corporation,Industrials,Tools & Accessories,USA,1492.69,13.98,26.16,-0.30%,276766
742,GFI,Gold Fields Limited,Basic Materials,Gold,South Africa,8053.98,10.26,9.06,-1.09%,7156058
743,GGAL,Grupo Financiero Galicia S.A.,Financial,Banks - Regional,Argentina,1804.09,3.48,6.49,-1.07%,874208
744,GGB,Gerdau S.A.,Basic Materials,Steel,Brazil,6581.98,2.41,4.22,-0.94%,18635019
745,GGG,Graco Inc.,Industrials,Specialty Industrial Machinery,USA,10163.43,23.69,58.98,-1.49%,458730
746,GH,"Guardant Health, Inc.",Healthcare,Diagnostics & Research,USA,4931.88,,48.13,2.14%,738566
747,GIII,"G-III Apparel Group, Ltd.",Consumer Cyclical,Apparel Retail,USA,965.18,4.86,20.15,0.70%,378937
748,GIL,Gildan Activewear Inc.,Consumer Cyclical,Apparel Manufacturing,Canada,4995.82,7.99,26.76,-1.51%,2396842
749,GKOS,Glaukos Corporation,Healthcare,Medical Instruments & Supplies,USA,2223.45,,48.42,2.89%,1056667
750,GL,Globe Life Inc.,Financial,Insurance - Life,USA,9840.76,13.99,100.14,-0.37%,515274
751,GLG,"TD Holdings, Inc.",Industrials,Rental & Leasing Services,China,54.1,16.87,0.25,-2.69%,1462209
752,GLNG,Golar LNG Limited,Energy,Oil & Gas Midstream,Bermuda,2203.81,6.26,21.16,-2.26%,876906
753,GLOP,GasLog Partners LP,Energy,Oil & Gas Midstream,Greece,260.75,,5.07,-2.87%,180622
754,GLPI,"Gaming and Leisure Properties, Inc.",Real Estate,REIT - Specialty,USA,12208.61,21.78,47.86,0.23%,1454181
755,GLW,Corning Incorporated,Technology,Electronic Components,USA,27373.65,25.93,32.36,-0.28%,2858227
756,GM,General Motors Company,Consumer Cyclical,Auto Manufacturers,USA,46476.48,5.23,31.53,2.14%,19727383
757,GMAB,Genmab A/S,Healthcare,Biotechnology,Denmark,21446.52,67.88,33.33,-1.48%,406602
758,GMBL,"Esports Entertainment Group, Inc.",Consumer Cyclical,Gambling,Malta,15.95,,0.41,-4.85%,192820
759,GMDA,Gamida Cell Ltd.,Healthcare,Biotechnology,Israel,117.48,,2,7.53%,247223
760,GMED,"Globus Medical, Inc.",Healthcare,Medical Devices,USA,5814.37,41.55,56.72,0.41%,341969
761,GMRE,Global Medical REIT Inc.,Real Estate,REIT - Healthcare Facilities,USA,713.47,54.37,10.82,-0.18%,424386
762,GNK,Genco Shipping & Trading Limited,Industrials,Marine Shipping,USA,683.7,3.11,16.19,-2.65%,734433
763,GNL,"Global Net Lease, Inc.",Real Estate,REIT - Office,USA,1525.38,,14.22,2.08%,609491
764,GNRC,Generac Holdings Inc.,Industrials,Specialty Industrial Machinery,USA,13983.84,29.05,219.32,-1.58%,692622
765,GNTX,Gentex Corporation,Consumer Cyclical,Auto Parts,USA,6649.08,20.03,28.3,1.04%,1225080
766,GNUS,"Genius Brands International, Inc.",Communication Services,Entertainment,USA,215.91,,0.68,-0.91%,1252631
767,GNW,"Genworth Financial, Inc.",Financial,Insurance - Life,USA,1917.47,2.29,3.84,3.23%,3079821
768,GOGL,Golden Ocean Group Limited,Industrials,Marine Shipping,Bermuda,2016.33,3.22,10.06,-2.71%,2550302
769,GOGO,Gogo Inc.,Communication Services,Telecom Services,USA,1937.51,21.22,15.36,0.00%,375630
770,GOL,Gol Linhas Aereas Inteligentes S.A.,Industrials,Airlines,Brazil,467.63,,2.88,3.60%,2777795
771,GOOGL,Alphabet Inc.,Communication Services,Internet Content & Information,USA,1497613.6,20.99,2280.41,-1.43%,1487021
772,GOOS,Canada Goose Holdings Inc.,Consumer Cyclical,Apparel Manufacturing,Canada,2425.56,19.94,17.67,1.61%,436478
773,GORO,Gold Resource Corporation,Basic Materials,Gold,USA,139.51,13.33,1.56,-1.27%,1026434
774,GOSS,"Gossamer Bio, Inc.",Healthcare,Biotechnology,USA,554.52,,7.21,-0.83%,1500505
775,GOVX,"GeoVax Labs, Inc.",Healthcare,Biotechnology,USA,9.48,,0.77,-5.64%,1037260
776,GPC,Genuine Parts Company,Consumer Cyclical,Specialty Retail,USA,19508.53,21.21,136.95,-0.48%,754223
777,GPK,Graphic Packaging Holding Company,Consumer Cyclical,Packaging & Containers,USA,6445.19,24.67,20.62,-1.20%,1687140
778,GPL,Great Panther Mining Limited,Basic Materials,Other Industrial Metals & Mining,Canada,45.44,,0.1,-8.36%,4734841
779,GPMT,Granite Point Mortgage Trust Inc.,Real Estate,REIT - Mortgage,USA,508.98,13.26,9.48,-0.42%,292479
780,GPN,Global Payments Inc.,Industrials,Specialty Business Services,USA,31663.23,32.1,112.11,0.51%,1019952
781,GPRE,Green Plains Inc.,Basic Materials,Specialty Chemicals,USA,1576.41,,28.05,-0.46%,643073
782,GPRO,"GoPro, Inc.",Technology,Consumer Electronics,USA,858.79,2.31,5.47,0.18%,1718179
783,GPS,"The Gap, Inc.",Consumer Cyclical,Apparel Retail,USA,3051.19,,8.32,-5.02%,20065616
784,GRBK,"Green Brick Partners, Inc.",Consumer Cyclical,Residential Construction,USA,1034.95,4.88,21.53,0.00%,422242
785,GRMN,Garmin Ltd.,Technology,Scientific & Technical Instruments,Switzerland,19849.39,18.31,101.75,1.14%,870026
786,GROM,"Grom Social Enterprises, Inc.",Communication Services,Internet Content & Information,USA,7,,0.41,-8.13%,634440
787,GRPN,"Groupon, Inc.",Communication Services,Internet Content & Information,USA,300.38,5.25,9.74,0.21%,591361
788,GRTS,"Gritstone bio, Inc.",Healthcare,Biotechnology,USA,183.55,,2.53,-4.17%,504327
789,GRWG,GrowGeneration Corp.,Consumer Cyclical,Home Improvement Retail,USA,256.06,165.2,4.13,0.49%,1003318
790,GS,"The Goldman Sachs Group, Inc.",Financial,Capital Markets,USA,101189.05,5.68,292.53,-0.22%,1765809
791,GSBD,"Goldman Sachs BDC, Inc.",Financial,Credit Services,USA,1687.3,9.79,16.56,0.18%,184971
792,GSK,GSK plc,Healthcare,Drug Manufacturers - General,United Kingdom,106346.23,17.07,41.44,-1.96%,5586626
793,GSL,"Global Ship Lease, Inc.",Industrials,Marine Shipping,United Kingdom,560.1,2.43,15.32,-0.33%,424881
794,GSM,Ferroglobe PLC,Basic Materials,Other Industrial Metals & Mining,United Kingdom,1036.25,9.85,5.42,-8.29%,1132389
795,GSV,Gold Standard Ventures Corp,Basic Materials,Gold,Canada,145.63,,0.31,2.66%,362034
796,GT,The Goodyear Tire & Rubber Company,Consumer Cyclical,Auto Parts,USA,3048.59,3.64,10.95,2.05%,3453091
797,GTE,Gran Tierra Energy Inc.,Energy,Oil & Gas E&P,Canada,383.48,,1.05,-3.67%,5071329
798,GTES,Gates Industrial Corporation plc,Industrials,Specialty Industrial Machinery,USA,3246.1,12.57,11,1.10%,543356
799,GTHX,"G1 Therapeutics, Inc.",Healthcare,Biotechnology,USA,259.07,,6.66,4.06%,675595
800,GTLS,"Chart Industries, Inc.",Industrials,Specialty Industrial Machinery,USA,5557.75,150.02,159.02,-3.04%,314867
801,GTN,"Gray Television, Inc.",Communication Services,Broadcasting,USA,1609.7,26.37,16.93,2.48%,517681
802,GWRE,"Guidewire Software, Inc.",Technology,Software - Application,USA,6073.21,,72.49,-2.04%,371220
803,H,Hyatt Hotels Corporation,Consumer Cyclical,Lodging,USA,8235.43,530.43,74.26,0.13%,335634
804,HA,"Hawaiian Holdings, Inc.",Industrials,Airlines,USA,789.97,,15.05,6.51%,1084465
805,HAIN,"The Hain Celestial Group, Inc.",Consumer Defensive,Packaged Foods,USA,2068.2,18.84,22.5,1.53%,947089
806,HAL,Halliburton Company,Energy,Oil & Gas Equipment & Services,USA,25839.81,16.52,28.6,-2.59%,10239645
807,HALO,"Halozyme Therapeutics, Inc.",Healthcare,Biotechnology,USA,6609.49,16.57,49.45,-1.10%,1057740
808,HAS,"Hasbro, Inc.",Consumer Cyclical,Leisure,USA,11432.2,27.24,81.16,-1.64%,868034
809,HASI,"Hannon Armstrong Sustainable Infrastructure Capital, Inc.",Real Estate,REIT - Specialty,USA,2571.02,21.83,29.41,-19.05%,9867058
810,HBAN,Huntington Bancshares Incorporated,Financial,Banks - Regional,USA,17918.67,17.04,12.34,0.41%,11522552
811,HBI,Hanesbrands Inc.,Consumer Cyclical,Apparel Manufacturing,USA,3752.84,7.63,10.88,1.68%,6145805
812,HBM,Hudbay Minerals Inc.,Basic Materials,Copper,Canada,1218.35,,3.33,-3.20%,2477953
813,HCA,"HCA Healthcare, Inc.",Healthcare,Medical Care Facilities,USA,50864.59,8,170.11,0.43%,1842628
814,HCC,"Warrior Met Coal, Inc.",Basic Materials,Coking Coal,USA,1480.84,4.63,28.56,-0.17%,611057
815,HCM,HUTCHMED (China) Limited,Healthcare,Drug Manufacturers - General,Hong Kong,2137.3,,13.4,-10.67%,382303
816,HD,"The Home Depot, Inc.",Consumer Cyclical,Home Improvement Retail,USA,293257.32,18.1,285.12,-0.44%,2689643
817,HDSN,"Hudson Technologies, Inc.",Basic Materials,Specialty Chemicals,USA,328.21,5.39,7.25,-7.41%,988034
818,HEAR,Turtle Beach Corporation,Technology,Consumer Electronics,USA,212.21,152.79,13.14,-0.53%,113906
819,HES,Hess Corporation,Energy,Oil & Gas E&P,USA,29359.52,40.56,94.58,-3.88%,1958726
820,HESM,Hess Midstream LP,Energy,Oil & Gas Midstream,USA,7389.59,15.14,27.88,-2.00%,291408
821,HEXO,HEXO Corp.,Healthcare,Drug Manufacturers - Specialty & Generic,Canada,122.21,,0.2,0.95%,4835542
822,HGV,Hilton Grand Vacations Inc.,Consumer Cyclical,Resorts & Casinos,USA,4444.81,18.08,36.96,0.57%,593752
823,HI,"Hillenbrand, Inc.",Industrials,Specialty Industrial Machinery,USA,2836.08,14.71,39.39,-0.05%,236734
824,HIG,"The Hartford Financial Services Group, Inc.",Financial,Insurance - Diversified,USA,21512.61,8.93,64.93,-0.26%,1825062
825,HIMX,"Himax Technologies, Inc.",Technology,Semiconductors,Taiwan,1127.66,2.32,6.46,1.73%,3068092
826,HIVE,HIVE Blockchain Technologies Ltd.,Financial,Capital Markets,Canada,335.88,0.26,3.15,-3.37%,1236054
827,HIW,"Highwoods Properties, Inc.",Real Estate,REIT - Office,USA,3615.42,11.86,33.66,1.45%,630801
828,HL,Hecla Mining Company,Basic Materials,Gold,USA,2065.71,116.56,3.73,5.67%,10323271
829,HLF,Herbalife Nutrition Ltd.,Consumer Defensive,Packaged Foods,USA,2535.82,6.08,22.7,15.17%,3515088
830,HLIT,Harmonic Inc.,Technology,Communication Equipment,USA,913.72,62.45,8.93,-1.65%,347743
831,HLT,Hilton Worldwide Holdings Inc.,Consumer Cyclical,Lodging,USA,31999.9,43.44,112.64,0.94%,2678405
832,HLX,"Helix Energy Solutions Group, Inc.",Energy,Oil & Gas Equipment & Services,USA,412.38,,2.71,-5.24%,1474692
833,HMC,"Honda Motor Co., Ltd.",Consumer Cyclical,Auto Manufacturers,Japan,42524.84,7.96,24.04,0.50%,1100871
834,HMY,Harmony Gold Mining Company Limited,Basic Materials,Gold,South Africa,1882.47,46.67,3.08,-4.35%,3952653
835,HOG,"Harley-Davidson, Inc.",Consumer Cyclical,Recreational Vehicles,USA,4799.97,8.15,32.31,1.41%,989809
836,HOLX,"Hologic, Inc.",Healthcare,Medical Instruments & Supplies,USA,17725.13,11.64,70.68,-1.04%,1153303
837,HOMB,"Home Bancshares, Inc. (Conway, AR)",Financial,Banks - Regional,USA,4419.25,12.12,21.53,1.17%,1104148
838,HON,Honeywell International Inc.,Industrials,Specialty Industrial Machinery,USA,118488.83,23.06,173.61,0.45%,2757553
839,HOPE,"Hope Bancorp, Inc.",Financial,Banks - Regional,USA,1678.44,7.72,13.98,0.65%,650610
840,HOTH,"Hoth Therapeutics, Inc.",Healthcare,Biotechnology,USA,13.36,,0.41,2.60%,16903741
841,HOUS,Anywhere Real Estate Inc.,Real Estate,Real Estate Services,USA,1211.99,3.66,10.16,0.30%,1129245
842,HP,"Helmerich & Payne, Inc.",Energy,Oil & Gas Drilling,USA,4002.24,,39.18,-5.91%,1229021
843,HPE,Hewlett Packard Enterprise Company,Technology,Communication Equipment,USA,16853.43,4.72,13.12,0.46%,10434444
844,HPK,"HighPeak Energy, Inc.",Energy,Oil & Gas E&P,USA,2346.64,63.06,21.63,-4.50%,139290
845,HPP,"Hudson Pacific Properties, Inc.",Real Estate,REIT - Office,USA,2217.56,,14.91,2.69%,1290994
846,HPQ,HP Inc.,Technology,Computer Hardware,USA,32066.57,5.62,31.33,-0.22%,9757928
847,HQY,"HealthEquity, Inc.",Healthcare,Health Information Services,USA,4729.96,,58.75,-5.01%,1050862
848,HR,Healthcare Realty Trust Incorporated,Real Estate,REIT - Healthcare Facilities,USA,5830.68,44.33,25.18,-1.25%,4590135
849,HRB,"H&R Block, Inc.",Consumer Cyclical,Personal Services,USA,5740.62,30.8,36.78,-0.41%,1287615
850,HRTX,"Heron Therapeutics, Inc.",Healthcare,Biotechnology,USA,315.74,,3.09,-2.83%,3815581
851,HSBC,HSBC Holdings plc,Financial,Banks - Diversified,United Kingdom,127132.72,10.98,31.35,-0.16%,1777931
852,HSC,Harsco Corporation,Industrials,Specialty Industrial Machinery,USA,475.09,36.65,6.01,-5.80%,977040
853,HSDT,"Helius Medical Technologies, Inc.",Healthcare,Medical Devices,USA,5.21,,1.42,0.00%,12746161
854,HSIC,"Henry Schein, Inc.",Healthcare,Medical Distribution,USA,10538.94,16.58,76.22,-0.43%,509421
855,HST,"Host Hotels & Resorts, Inc.",Real Estate,REIT - Hotel & Motel,USA,11507.88,44.65,15.94,1.27%,5417273
856,HTA,"Healthcare Trust of America, Inc.",Real Estate,REIT - Healthcare Facilities,USA,6385.3,67.11,28.05,-1.09%,4635474
857,HTGC,"Hercules Capital, Inc.",Financial,Mortgage Finance,USA,1677.19,14.51,13.77,-0.79%,956085
858,HTGM,"HTG Molecular Diagnostics, Inc.",Healthcare,Diagnostics & Research,USA,12,,1.54,-7.23%,2111872
859,HTH,Hilltop Holdings Inc.,Financial,Banks - Regional,USA,2157.26,7.77,26.6,0.57%,405728
860,HTHT,Huazhu Group Limited,Consumer Cyclical,Lodging,China,11654.95,,37.43,0.13%,1439124
861,HUBS,"HubSpot, Inc.",Technology,Software - Application,USA,13503,,273.34,-6.49%,1192278
862,HUM,Humana Inc.,Healthcare,Healthcare Plans,USA,60227.14,20.49,483.17,-0.79%,696529
863,HUN,Huntsman Corporation,Basic Materials,Chemicals,USA,6202.45,5.42,29.29,0.41%,1709836
864,HUSA,Houston American Energy Corp.,Energy,Oil & Gas E&P,USA,37.97,,3.89,-1.27%,1148880
865,HUT,Hut 8 Mining Corp.,Financial,Capital Markets,Canada,330.25,,1.47,-2.00%,10582740
866,HUYA,HUYA Inc.,Communication Services,Entertainment,China,860.84,14.67,3.55,-0.84%,868723
867,HWC,Hancock Whitney Corporation,Financial,Banks - Regional,USA,3867.24,8.21,44.4,-0.74%,277265
868,HWM,Howmet Aerospace Inc.,Industrials,Specialty Industrial Machinery,USA,13881.52,46.92,33.41,1.43%,3359208
869,HXL,Hexcel Corporation,Industrials,Aerospace & Defense,USA,4523.53,87.99,54.2,1.92%,835498
870,HYMC,Hycroft Mining Holding Corporation,Basic Materials,Gold,USA,195.46,,1.06,4.95%,2653925
871,HZNP,Horizon Therapeutics Public Limited Company,Healthcare,Drug Manufacturers - General,Ireland,18751.31,22.34,81.57,-1.33%,1419659
872,HZO,"MarineMax, Inc.",Consumer Cyclical,Specialty Retail,USA,851.25,4.89,39.12,2.22%,283448
873,IAC,IAC/InterActiveCorp,Communication Services,Internet Content & Information,USA,6825.66,278.1,74.81,-0.65%,282544
874,IAG,IAMGOLD Corporation,Basic Materials,Gold,Canada,683.8,,1.42,-1.39%,6661235
875,IART,Integra LifeSciences Holdings Corporation,Healthcare,Medical Devices,USA,4403.38,28.53,52.39,-0.06%,677546
876,IBKR,"Interactive Brokers Group, Inc.",Financial,Capital Markets,USA,22887.68,19.04,54.14,0.09%,605040
877,IBM,International Business Machines Corporation,Technology,Information Technology Services,USA,125504.17,24.9,139.18,-1.29%,3228969
878,IBN,ICICI Bank Limited,Financial,Banks - Regional,India,64268.73,21.16,18.94,-1.30%,7109440
879,IBRX,"ImmunityBio, Inc.",Healthcare,Biotechnology,USA,1775.42,,4.48,0.22%,1481110
880,ICE,"Intercontinental Exchange, Inc.",Financial,Financial Data & Stock Exchanges,USA,52548.55,12.96,93.34,-1.27%,2254669
881,ICLR,ICON Public Limited Company,Healthcare,Diagnostics & Research,Ireland,17367.95,83.79,208.9,-2.65%,336517
882,ICPT,"Intercept Pharmaceuticals, Inc.",Healthcare,Biotechnology,USA,431.3,,14.7,0.89%,871711
883,IDRA,"Idera Pharmaceuticals, Inc.",Healthcare,Biotechnology,USA,24.32,,0.47,2.44%,48852
884,IDXX,"IDEXX Laboratories, Inc.",Healthcare,Diagnostics & Research,USA,30776.48,42.54,362.46,-1.95%,478402
885,IEP,Icahn Enterprises L.P.,Industrials,Conglomerates,USA,15313.03,,50.64,0.32%,420229
886,IEX,IDEX Corporation,Industrials,Specialty Industrial Machinery,USA,13978.29,29.22,182.27,-2.15%,327892
887,IFF,International Flavors & Fragrances Inc.,Basic Materials,Specialty Chemicals,USA,30082.56,53.78,117.03,0.70%,583221
888,IGC,"India Globalization Capital, Inc.",Industrials,Conglomerates,USA,27.31,,0.52,-1.32%,505118
889,IGT,International Game Technology PLC,Consumer Cyclical,Gambling,United Kingdom,3682.43,55.38,17.61,0.00%,1359250
890,III,"Information Services Group, Inc.",Technology,Information Technology Services,USA,341.62,21.51,7.12,4.40%,480591
891,IIVI,II-VI Incorporated,Technology,Scientific & Technical Instruments,USA,5005.5,26.43,47,-1.71%,1492082
892,ILMN,"Illumina, Inc.",Healthcare,Diagnostics & Research,USA,30305.87,41,187.99,-1.22%,1383330
893,ILPT,Industrial Logistics Properties Trust,Real Estate,REIT - Industrial,USA,932.01,9.83,14.1,1.22%,417602
894,IMAX,IMAX Corporation,Communication Services,Entertainment,Canada,964.24,,16.02,0.75%,202075
895,IMGN,"ImmunoGen, Inc.",Healthcare,Biotechnology,USA,1123.81,,5.22,2.96%,2467714
896,IMO,Imperial Oil Limited,Energy,Oil & Gas Integrated,Canada,34938.54,75.91,42.66,-2.22%,898116
897,IMTE,Integrated Media Technology Limited,Communication Services,Electronic Gaming & Multimedia,Hong Kong,33.75,,2.2,1.38%,1386796
898,IMUX,"Immunic, Inc.",Healthcare,Biotechnology,USA,114.73,,3.94,-0.25%,122062
899,INCY,Incyte Corporation,Healthcare,Biotechnology,USA,17879.78,19.14,80.42,-0.67%,1336485
900,INDP,"Indaptus Therapeutics, Inc.",Healthcare,Biotechnology,USA,26.24,,3.08,-1.60%,10003
901,INFI,"Infinity Pharmaceuticals, Inc.",Healthcare,Biotechnology,USA,59.24,,0.67,0.66%,232830
902,INFN,Infinera Corporation,Technology,Communication Equipment,USA,1220.07,,5.66,0.53%,1036096
903,INFY,Infosys Limited,Technology,Information Technology Services,India,75994.51,27.51,18.21,-1.35%,12445379
904,ING,ING Groep N.V.,Financial,Banks - Diversified,Netherlands,34052.23,8.37,9.21,-1.50%,5001874
905,INN,"Summit Hotel Properties, Inc.",Real Estate,REIT - Hotel & Motel,USA,784.02,,7.37,1.80%,391690
906,INO,"Inovio Pharmaceuticals, Inc.",Healthcare,Biotechnology,USA,443.32,,2,2.83%,4507897
907,INPX,Inpixon,Technology,Software - Application,USA,20.67,,0.17,-14.92%,13079164
908,INSG,Inseego Corp.,Technology,Communication Equipment,USA,205.08,,1.91,1.86%,275956
909,INSM,Insmed Incorporated,Healthcare,Biotechnology,USA,2565.87,,22.93,-1.59%,1056700
910,INT,World Fuel Services Corporation,Energy,Oil & Gas Refining & Marketing,USA,1307.28,16.61,21.26,-0.98%,373023
911,INTC,Intel Corporation,Technology,Semiconductors,USA,152752.63,6.19,37.21,0.03%,30455820
912,INTU,Intuit Inc.,Technology,Software - Application,USA,109922.79,43.82,385.87,-4.15%,1606796
913,INVH,Invitation Homes Inc.,Real Estate,REIT - Residential,USA,21376.44,69.68,34.91,-4.36%,9164350
914,IONS,"Ionis Pharmaceuticals, Inc.",Healthcare,Biotechnology,USA,5192.95,,37,1.26%,877931
915,IP,International Paper Company,Consumer Cyclical,Packaging & Containers,USA,15981.87,13.66,42.77,1.28%,2569396
916,IPG,"The Interpublic Group of Companies, Inc.",Communication Services,Advertising Agencies,USA,10889.6,10.93,27.95,-0.18%,4227144
917,IPGP,IPG Photonics Corporation,Technology,Semiconductor Equipment & Materials,USA,4865.11,17.84,93.13,1.10%,243763
918,IPI,"Intrepid Potash, Inc.",Basic Materials,Agricultural Inputs,USA,525.37,1.84,38.07,-5.23%,334720
919,IQ,"iQIYI, Inc.",Communication Services,Internet Content & Information,China,3305.64,,4,1.52%,9739748
920,IQV,IQVIA Holdings Inc.,Healthcare,Diagnostics & Research,USA,40327.28,38.5,213.53,-1.78%,613167
921,IR,Ingersoll Rand Inc.,Industrials,Specialty Industrial Machinery,USA,17218.63,32.53,41.73,-0.57%,2979961
922,IRBT,iRobot Corporation,Technology,Consumer Electronics,USA,1041.42,,38.7,-0.05%,239162
923,IRDM,Iridium Communications Inc.,Communication Services,Telecom Services,USA,4921.92,,38.06,0.53%,320313
924,IRM,Iron Mountain Incorporated,Real Estate,REIT - Specialty,USA,13933.4,31.07,47.66,-0.81%,1160025
925,IRT,"Independence Realty Trust, Inc.",Real Estate,REIT - Residential,USA,4609.58,29.1,20.4,1.49%,2100443
926,IRTC,"iRhythm Technologies, Inc.",Healthcare,Medical Instruments & Supplies,USA,3239.28,,133.91,-0.90%,431114
927,IRWD,"Ironwood Pharmaceuticals, Inc.",Healthcare,Drug Manufacturers - Specialty & Generic,USA,1853.8,3.78,12.04,0.84%,1777223
928,ISEE,"IVERIC bio, Inc.",Healthcare,Biotechnology,USA,1307.19,,11.75,3.80%,2157706
929,ISRG,"Intuitive Surgical, Inc.",Healthcare,Medical Instruments & Supplies,USA,72520.2,45.05,202.13,-1.75%,1514741
930,IT,"Gartner, Inc.",Technology,Information Technology Services,USA,19336.21,25.13,237.75,-2.71%,376703
931,ITCI,"Intra-Cellular Therapies, Inc.",Healthcare,Biotechnology,USA,5177.37,,54.47,-1.68%,359709
932,ITRM,Iterum Therapeutics plc,Healthcare,Biotechnology,Ireland,49.56,19.2,0.29,-14.54%,10807278
933,ITT,ITT Inc.,Industrials,Specialty Industrial Machinery,USA,5608.01,18.91,66.14,0.73%,301814
934,ITUB,Itau Unibanco Holding S.A.,Financial,Banks - Regional,Brazil,36622.41,7.73,4.08,-1.45%,34442386
935,ITW,Illinois Tool Works Inc.,Industrials,Specialty Industrial Machinery,USA,58003.19,21.49,182.86,-0.04%,800728
936,IVC,Invacare Corporation,Healthcare,Medical Devices,USA,45.42,,1.31,-4.38%,82776
937,IVR,Invesco Mortgage Capital Inc.,Real Estate,REIT - Mortgage,USA,516.57,,14.49,2.11%,825436
938,IVZ,Invesco Ltd.,Financial,Asset Management,USA,7315.27,5.58,15.9,1.34%,3343831
939,J,Jacobs Engineering Group Inc.,Industrials,Engineering & Construction,USA,16186.56,43.32,125.07,-0.73%,372617
940,JACK,Jack in the Box Inc.,Consumer Cyclical,Restaurants,USA,1273.82,10.26,59.58,1.17%,263021
941,JAGX,"Jaguar Health, Inc.",Healthcare,Biotechnology,USA,26.12,,0.33,-1.58%,647294
942,JAN,JanOne Inc.,Industrials,Waste Management,USA,8.12,,2.86,1.42%,114359
943,JAZZ,Jazz Pharmaceuticals plc,Healthcare,Biotechnology,Ireland,9646.98,,154.5,-0.73%,340791
944,JBGS,JBG SMITH Properties,Real Estate,REIT - Office,USA,3012.77,,23.79,2.50%,832634
945,JBHT,"J.B. Hunt Transport Services, Inc.",Industrials,Integrated Freight & Logistics,USA,17246.91,20.36,164.1,0.02%,625795
946,JBL,Jabil Inc.,Technology,Electronic Components,USA,7106.15,8.87,51.73,0.04%,999674
947,JBLU,JetBlue Airways Corporation,Industrials,Airlines,USA,2717.58,,8.28,2.99%,13165665
948,JCI,Johnson Controls International plc,Industrials,Engineering & Construction,Ireland,32834.86,27.27,47.04,-0.11%,3813033
949,JEF,Jefferies Financial Group Inc.,Financial,Financial Conglomerates,USA,6753.89,5.42,28.16,0.32%,1077286
950,JELD,"JELD-WEN Holding, Inc.",Industrials,Building Products & Equipment,USA,1384.29,10.94,16.02,3.29%,657549
951,JHG,Janus Henderson Group plc,Financial,Asset Management,United Kingdom,3931.16,7.34,23.34,0.95%,927169
952,JKHY,"Jack Henry & Associates, Inc.",Technology,Information Technology Services,USA,13467.46,37.86,184.41,-1.21%,310860
953,JKS,"JinkoSolar Holding Co., Ltd.",Technology,Solar,China,3179.16,41.88,65.16,-7.26%,1915170
954,JNJ,Johnson & Johnson,Healthcare,Drug Manufacturers - General,USA,463303.22,23.69,175.85,-1.40%,4684913
955,JNPR,"Juniper Networks, Inc.",Technology,Communication Equipment,USA,9124.93,27.71,28.37,-1.05%,2296418
956,JPM,JPMorgan Chase & Co.,Financial,Banks - Diversified,USA,332843.51,8.38,112.97,0.10%,11226827
957,JWN,"Nordstrom, Inc.",Consumer Cyclical,Department Stores,USA,3265.4,9.49,20.51,1.18%,3032743
958,KALA,"Kala Pharmaceuticals, Inc.",Healthcare,Biotechnology,USA,24.11,,0.34,4.30%,885818
959,KAR,"KAR Auction Services, Inc.",Consumer Cyclical,Specialty Retail,USA,1894.66,,15.53,1.24%,772269
960,KAVL,"Kaival Brands Innovations Group, Inc.",Consumer Defensive,Tobacco,USA,38.7,,1.17,-11.03%,492372
961,KBH,KB Home,Consumer Cyclical,Residential Construction,USA,2610.2,5.04,30.39,0.07%,1526108
962,KBR,"KBR, Inc.",Industrials,Engineering & Construction,USA,6593.8,,47.54,-1.76%,739638
963,KDP,Keurig Dr Pepper Inc.,Consumer Defensive,Beverages - Non-Alcoholic,USA,51422.22,21.5,36.3,0.44%,6359809
964,KERN,Akerna Corp.,Healthcare,Health Information Services,USA,5.38,,0.15,-1.99%,8618871
965,KEX,Kirby Corporation,Industrials,Marine Shipping,USA,3459.96,,57.18,-1.74%,225647
966,KEY,KeyCorp,Financial,Banks - Regional,USA,16261.01,7.03,17.31,-0.57%,6039015
967,KEYS,"Keysight Technologies, Inc.",Technology,Scientific & Technical Instruments,USA,25427.15,25.5,140.98,-0.37%,805202
968,KGC,Kinross Gold Corporation,Basic Materials,Gold,Canada,4267.31,26.94,3.26,-2.10%,13014069
969,KHC,The Kraft Heinz Company,Consumer Defensive,Packaged Foods,USA,47130.36,48.62,38.8,0.49%,5836968
970,KIM,Kimco Realty Corporation,Real Estate,REIT - Retail,USA,12622.38,12.8,20.19,1.87%,4290174
971,KIRK,"Kirkland's, Inc.",Consumer Cyclical,Specialty Retail,USA,47.27,4.67,3.91,2.89%,248120
972,KKR,KKR & Co. Inc.,Financial,Asset Management,USA,41491.96,10.45,46.67,-1.27%,2259206
973,KLAC,KLA Corporation,Technology,Semiconductor Equipment & Materials,USA,46433.16,15.23,313.78,0.19%,1078386
974,KLIC,"Kulicke and Soffa Industries, Inc.",Technology,Semiconductor Equipment & Materials,Singapore,2414.16,5.26,41.31,-0.02%,349588
975,KLR,"Kaleyra, Inc.",Communication Services,Telecom Services,Italy,109.03,,2.48,12.53%,8854671
976,KMI,"Kinder Morgan, Inc.",Energy,Oil & Gas Midstream,USA,37575.39,36.84,16.65,-1.25%,12801509
977,KMPH,"KemPharm, Inc.",Healthcare,Biotechnology,USA,163.48,,4.78,-1.24%,120900
978,KMT,Kennametal Inc.,Industrials,Tools & Accessories,USA,2023.8,14.21,23.23,1.80%,761514
979,KMX,"CarMax, Inc.",Consumer Cyclical,Auto & Truck Dealerships,USA,14868.47,15.49,91.24,2.70%,1485268
980,KN,Knowles Corporation,Technology,Communication Equipment,USA,1592.28,10.63,17.54,0.29%,341736
981,KNX,Knight-Swift Transportation Holdings Inc.,Industrials,Trucking,USA,7865.79,9.83,48.39,0.62%,2184351
982,KO,The Coca-Cola Company,Consumer Defensive,Beverages - Non-Alcoholic,USA,270686.76,26.43,62.67,-0.43%,14713629
983,KOD,Kodiak Sciences Inc.,Healthcare,Biotechnology,USA,516.52,,9.28,6.42%,899885
984,KODK,Eastman Kodak Company,Industrials,Specialty Business Services,USA,386.67,4970,4.97,3.97%,950571
985,KOPN,Kopin Corporation,Technology,Electronic Components,USA,121.26,,1.3,4.00%,1113121
986,KOS,Kosmos Energy Ltd.,Energy,Oil & Gas E&P,USA,2377.4,348,5.22,-2.25%,4955552
987,KR,The Kroger Co.,Consumer Defensive,Grocery Stores,USA,34571.4,16.44,47.6,-0.63%,4231998
988,KRC,Kilroy Realty Corporation,Real Estate,REIT - Office,USA,6253.52,33.73,52.48,1.84%,878364
989,KREF,KKR Real Estate Finance Trust Inc.,Real Estate,REIT - Mortgage,USA,1209.52,8.44,17.85,0.22%,270887
990,KRG,Kite Realty Group Trust,Real Estate,REIT - Retail,USA,3879.5,,17.54,1.86%,1072571
991,KRNT,Kornit Digital Ltd.,Industrials,Specialty Industrial Machinery,Israel,1211.31,215.36,24.12,0.04%,713721
992,KRP,"Kimbell Royalty Partners, LP",Energy,Oil & Gas E&P,USA,1001.54,37.78,15.3,-2.24%,152339
993,KSPN,Kaspien Holdings Inc.,Technology,Software - Application,USA,11.3,,5.28,-22.47%,29584102
994,KSS,Kohl's Corporation,Consumer Cyclical,Department Stores,USA,3602.83,4.46,28.95,-0.75%,3730771
995,KT,KT Corporation,Communication Services,Telecom Services,South Korea,7462.64,5.94,14.23,0.92%,1044189
996,KTOS,"Kratos Defense & Security Solutions, Inc.",Industrials,Aerospace & Defense,USA,1655.1,,13.09,-1.13%,760324
997,KTRA,"Kintara Therapeutics, Inc.",Healthcare,Biotechnology,USA,15.91,,0.25,-4.56%,705388
998,KURA,"Kura Oncology, Inc.",Healthcare,Biotechnology,USA,1230.5,,17.94,4.06%,649803
999,KW,"Kennedy-Wilson Holdings, Inc.",Real Estate,Real Estate Services,USA,2627.74,7.56,18.94,1.28%,338700
1000,L,Loews Corporation,Financial,Insurance - Property & Casualty,USA,14379.39,8.97,57.73,-0.38%,748764
1001,LAB,Standard BioTools Inc.,Healthcare,Diagnostics & Research,USA,128.54,,1.6,-4.19%,419393
1002,LAC,Lithium Americas Corp.,Basic Materials,Other Industrial Metals & Mining,Canada,3523.7,,20.38,-2.58%,1501969
1003,LADR,Ladder Capital Corp,Real Estate,REIT - Mortgage,USA,1354.88,17.69,10.67,-0.28%,367669
1004,LAMR,Lamar Advertising Company,Real Estate,REIT - Specialty,USA,9215.27,20.78,90.47,0.19%,363204
1005,LAUR,"Laureate Education, Inc.",Consumer Defensive,Education & Training Services,USA,1906.65,,11.15,-2.36%,553052
1006,LAZ,Lazard Ltd,Financial,Capital Markets,Bermuda,3785.59,6.8,33.59,0.96%,657120
1007,LAZR,"Luminar Technologies, Inc.",Consumer Cyclical,Auto Parts,USA,2001.93,,5.9,1.90%,3933081
1008,LBRT,Liberty Energy Inc.,Energy,Oil & Gas Equipment & Services,USA,2179.14,,11.68,-2.99%,2264435
1009,LBTYA,Liberty Global plc,Communication Services,Entertainment,United Kingdom,10730.04,0.9,20.69,1.57%,1373939
1010,LC,LendingClub Corporation,Financial,Credit Services,USA,1298.28,12.64,12.4,0.90%,1412047
1011,LCTX,"Lineage Cell Therapeutics, Inc.",Healthcare,Biotechnology,USA,262.21,,1.62,3.18%,239045
1012,LDOS,"Leidos Holdings, Inc.",Technology,Information Technology Services,USA,13625.06,19.64,99.81,-1.37%,549906
1013,LEA,Lear Corporation,Consumer Cyclical,Auto Parts,USA,7961.19,36.08,130.79,4.28%,677954
1014,LEG,"Leggett & Platt, Incorporated",Consumer Cyclical,"Furnishings, Fixtures & Appliances",USA,4928.03,12.49,37,3.55%,712544
1015,LEN,Lennar Corporation,Consumer Cyclical,Residential Construction,USA,22117.71,5.35,78.29,-0.52%,3419568
1016,LEVI,Levi Strauss & Co.,Consumer Cyclical,Apparel Manufacturing,USA,6612.61,11.62,16.85,-0.24%,2354537
1017,LEXX,Lexaria Bioscience Corp.,Healthcare,Biotechnology,Canada,16.53,,2.84,1.79%,70046
1018,LFC,China Life Insurance Company Limited,Financial,Insurance - Life,China,103293.67,5.84,7.85,-0.38%,391173
1020,LH,Laboratory Corporation of America Holdings,Healthcare,Diagnostics & Research,USA,22280.44,11.02,239.91,-1.12%,441104
1021,LHX,"L3Harris Technologies, Inc.",Industrials,Aerospace & Defense,USA,44859.11,25.01,232.19,-2.67%,1008874
1022,LIN,Linde plc,Basic Materials,Specialty Chemicals,United Kingdom,137615.24,35.24,273.54,-1.17%,2142535
1023,LIQT,"LiqTech International, Inc.",Industrials,Pollution & Treatment Controls,Denmark,16.21,,0.47,-1.38%,171691
1024,LITE,Lumentum Holdings Inc.,Technology,Communication Equipment,USA,5219.17,31.57,77.62,-1.13%,545425
1025,LKCO,Luokung Technology Corp.,Communication Services,Internet Content & Information,China,156.62,,0.41,0.00%,547963
1026,LKQ,LKQ Corporation,Consumer Cyclical,Auto Parts,USA,14305.33,13.57,50.49,0.42%,1123285
1027,LLL,JX Luxventure Limited,Consumer Cyclical,Apparel Manufacturing,China,9.38,,1.29,1.57%,123892
1028,LMT,Lockheed Martin Corporation,Industrials,Aerospace & Defense,USA,110647.1,18.28,413.99,-1.21%,678774
1029,LNC,Lincoln National Corporation,Financial,Insurance - Life,USA,8340.62,6.7,47.8,1.79%,1166036
1030,LNG,"Cheniere Energy, Inc.",Energy,Oil & Gas Midstream,USA,32597.54,,124.29,0.27%,1752918
1031,LNTH,"Lantheus Holdings, Inc.",Healthcare,Diagnostics & Research,USA,4223.15,,66.09,-0.23%,977181
1032,LNW,"Light & Wonder, Inc.",Consumer Cyclical,Gambling,USA,4312.2,145.63,43.69,-1.38%,794395
1033,LODE,Comstock Inc.,Real Estate,Real Estate Services,USA,41.4,,0.58,0.87%,103042
1034,LOGC,"LogicBio Therapeutics, Inc.",Healthcare,Biotechnology,USA,13.2,,0.4,4.82%,90540
1035,LOGI,Logitech International S.A.,Technology,Computer Hardware,Switzerland,8943.72,14.05,53.11,-0.09%,616160
1036,LOVE,The Lovesac Company,Consumer Cyclical,"Furnishings, Fixtures & Appliances",USA,481.39,11.84,33.5,1.85%,318729
1037,LOW,"Lowe's Companies, Inc.",Consumer Cyclical,Home Improvement Retail,USA,115644.52,14.75,181,0.49%,3178142
1038,LPG,Dorian LPG Ltd.,Energy,Oil & Gas Midstream,USA,569.28,7.98,14.3,-1.85%,384476
1039,LPI,"Laredo Petroleum, Inc.",Energy,Oil & Gas E&P,USA,1122.57,12.31,65.19,-1.15%,801252
1040,LPL,"LG Display Co., Ltd.",Technology,Consumer Electronics,South Korea,4058.05,5.67,5.69,-1.90%,756724
1041,LPLA,LPL Financial Holdings Inc.,Financial,Capital Markets,USA,14116.68,31.28,177.68,0.66%,482149
1042,LPRO,Open Lending Corporation,Financial,Credit Services,USA,1333.1,7.95,9.85,2.82%,1473481
1043,LPSN,"LivePerson, Inc.",Technology,Software - Application,USA,1078.7,,13.98,-3.05%,668987
1044,LPTX,"Leap Therapeutics, Inc.",Healthcare,Biotechnology,USA,96.14,,1.14,-8.80%,1226613
1045,LPX,Louisiana-Pacific Corporation,Industrials,Building Products & Equipment,USA,4710.32,3.46,57.38,0.83%,1092186
1046,LRCX,Lam Research Corporation,Technology,Semiconductor Equipment & Materials,USA,56265.76,12.69,405.87,0.86%,950901
1047,LSCC,Lattice Semiconductor Corporation,Technology,Semiconductors,USA,6541.93,59.51,47.55,-0.63%,997170
1048,LSI,"Life Storage, Inc.",Real Estate,REIT - Industrial,USA,9457.96,32.71,111.48,-2.03%,414458
1049,LSPD,Lightspeed Commerce Inc.,Technology,Software - Application,Canada,3752.34,,19.06,-2.80%,988947
1050,LSXMA,The Liberty SiriusXM Group,Communication Services,Broadcasting,USA,27440.74,13.78,36.28,0.36%,412266
1051,LTHM,Livent Corporation,Basic Materials,Specialty Chemicals,USA,3666.32,79.96,20.79,-2.99%,2285613
1052,LTRPA,"Liberty TripAdvisor Holdings, Inc.",Communication Services,Internet Content & Information,USA,88.51,0.24,0.75,1.71%,368595
1053,LULU,Lululemon Athletica Inc.,Consumer Cyclical,Apparel Retail,Canada,33898.39,35.5,279.39,-0.84%,769698
1054,LUMN,"Lumen Technologies, Inc.",Communication Services,Telecom Services,USA,11353.87,5.26,10.85,1.50%,6605539
1055,LUV,Southwest Airlines Co.,Industrials,Airlines,USA,22865.01,40.87,38.54,4.64%,8100299
1056,LVO,"LiveOne, Inc.",Communication Services,Entertainment,USA,90.49,,1.14,3.64%,390228
1057,LVS,Las Vegas Sands Corp.,Consumer Cyclical,Resorts & Casinos,USA,26108.57,,33.25,3.23%,6766730
1058,LWLG,"Lightwave Logic, Inc.",Basic Materials,Specialty Chemicals,USA,969.14,,9.39,7.31%,1358140
1059,LX,LexinFintech Holdings Ltd.,Financial,Credit Services,China,416.72,1.81,2.22,3.26%,788365
1060,LXP,LXP Industrial Trust,Real Estate,REIT - Diversified,USA,3055.77,9.37,10.6,0.57%,1937509
1061,LXRX,"Lexicon Pharmaceuticals, Inc.",Healthcare,Biotechnology,USA,414.54,,2.83,5.60%,1054417
1062,LXU,"LSB Industries, Inc.",Basic Materials,Chemicals,USA,1076.84,,12.78,-1.77%,395465
1063,LYB,LyondellBasell Industries N.V.,Basic Materials,Specialty Chemicals,USA,28557.98,4.88,85.93,-0.72%,1802586
1064,LYFT,"Lyft, Inc.",Technology,Software - Application,USA,4505.93,,12.61,2.02%,12325139
1065,LYG,Lloyds Banking Group plc,Financial,Banks - Regional,United Kingdom,34008.5,5.54,1.99,0.51%,10635366
1066,LYV,"Live Nation Entertainment, Inc.",Communication Services,Entertainment,USA,19077.03,,82.08,-0.13%,1244961
1067,LZB,La-Z-Boy Incorporated,Consumer Cyclical,"Furnishings, Fixtures & Appliances",USA,1100.98,7.57,25.79,3.28%,462336
1068,M,"Macy's, Inc.",Consumer Cyclical,Department Stores,USA,4563.51,3.21,16.9,-1.00%,11996444
1069,MA,Mastercard Incorporated,Financial,Credit Services,USA,315011.26,33.59,322.86,-0.41%,2760986
1070,MAA,"Mid-America Apartment Communities, Inc.",Real Estate,REIT - Residential,USA,19710.91,32.96,169.6,0.14%,591333
1071,MAC,The Macerich Company,Real Estate,REIT - Retail,USA,1963.91,33.14,9.08,1.79%,1944421
1072,MAG,MAG Silver Corp.,Basic Materials,Silver,Canada,1087.77,84.8,10.77,-1.64%,361392
1073,MAIN,Main Street Capital Corporation,Financial,Asset Management,USA,2931.99,8.41,40.79,0.87%,358526
1074,MAN,ManpowerGroup Inc.,Industrials,Staffing & Employment Services,USA,4208.91,10.41,77.77,2.64%,404239
1075,MANT,ManTech International Corporation,Technology,Software - Application,USA,3915.09,28.81,95.56,-0.13%,184813
1076,MANU,Manchester United plc,Consumer Cyclical,Leisure,United Kingdom,1760.38,,10.68,1.62%,287483
1077,MAR,"Marriott International, Inc.",Consumer Cyclical,Lodging,USA,45824.74,30.84,139.12,0.99%,1683417
1078,MARA,"Marathon Digital Holdings, Inc.",Financial,Capital Markets,USA,671.66,,7.67,-1.79%,10777325
1079,MARK,"Remark Holdings, Inc.",Communication Services,Internet Content & Information,USA,46.91,4.2,0.44,-5.15%,1649360
1080,MAS,Masco Corporation,Industrials,Building Products & Equipment,USA,12434.11,23.57,52.81,0.19%,1339313
1081,MASI,Masimo Corporation,Healthcare,Medical Instruments & Supplies,USA,7359.89,33.95,131.45,-0.28%,453313
1082,MAT,"Mattel, Inc.",Consumer Cyclical,Leisure,USA,7918.06,7.64,22.19,-1.55%,2763182
1083,MATX,"Matson, Inc.",Industrials,Marine Shipping,USA,2947.39,2.62,73.1,0.30%,211517
1084,MAXR,Maxar Technologies Inc.,Technology,Communication Equipment,USA,1904.61,16.29,25.24,1.24%,395476
1085,MBIO,"Mustang Bio, Inc.",Healthcare,Biotechnology,USA,64.18,,0.63,4.32%,290908
1086,MC,Moelis & Company,Financial,Capital Markets,USA,2801.79,7.57,39.94,1.27%,574040
1087,MCD,McDonald's Corporation,Consumer Cyclical,Restaurants,USA,185760.73,26.57,251.48,-0.71%,2108484
1088,MCHP,Microchip Technology Incorporated,Technology,Semiconductors,USA,32439.82,26.07,59.2,0.56%,3719049
1089,MCK,McKesson Corporation,Healthcare,Medical Distribution,USA,45594.21,45.19,327.38,-0.43%,738776
1090,MCO,Moody's Corporation,Financial,Financial Data & Stock Exchanges,USA,50966.52,26.1,275.45,-2.89%,796040
1091,MCRB,"Seres Therapeutics, Inc.",Healthcare,Biotechnology,USA,406.5,,3.75,-1.83%,832290
1092,MD,"Pediatrix Medical Group, Inc.",Healthcare,Medical Care Facilities,USA,1992.38,24.13,23.02,1.59%,413093
1093,MDB,"MongoDB, Inc.",Technology,Software - Infrastructure,USA,19920.82,,291.24,-6.31%,1866012
1094,MDC,"M.D.C. Holdings, Inc.",Consumer Cyclical,Residential Construction,USA,2507.03,4.24,35.4,0.60%,428879
1095,MDLZ,"Mondelez International, Inc.",Consumer Defensive,Confectioners,USA,86481.07,21,62.56,0.45%,5921452
1096,MDRX,"Allscripts Healthcare Solutions, Inc.",Healthcare,Health Information Services,USA,1656.73,12.63,14.26,-0.63%,1407188
1097,MDT,Medtronic plc,Healthcare,Medical Devices,Ireland,117869.9,23.74,88.69,-0.29%,6190546
1098,MDU,"MDU Resources Group, Inc.",Basic Materials,Building Materials,USA,5455.99,15.2,26.77,0.00%,833885
1099,MDXG,"MiMedx Group, Inc.",Healthcare,Medical Devices,USA,433.44,,3.5,1.16%,337955
1100,MEIP,"MEI Pharma, Inc.",Healthcare,Biotechnology,USA,76.09,,0.61,2.90%,1632593
1101,MELI,"MercadoLibre, Inc.",Consumer Cyclical,Internet Retail,Uruguay,33531.22,178.83,653.63,-0.95%,576192
1102,MEOH,Methanex Corporation,Basic Materials,Chemicals,Canada,2646.79,5.49,36.05,-3.99%,686563
1103,MESA,"Mesa Air Group, Inc.",Industrials,Airlines,USA,79.51,,2.16,3.85%,459716
1104,MET,"MetLife, Inc.",Financial,Insurance - Life,USA,50568.94,8.01,61.79,-0.52%,3811466
1105,META,"Meta Platforms, Inc.",Communication Services,Internet Content & Information,USA,445248.73,12.36,163.27,0.24%,16574915
1106,METC,"Ramaco Resources, Inc.",Basic Materials,Coking Coal,USA,503.64,6.41,11.04,-0.54%,708438
1107,MFA,"MFA Financial, Inc.",Real Estate,REIT - Mortgage,USA,1143.36,10.13,11.17,0.72%,1073081
1108,MFC,Manulife Financial Corporation,Financial,Insurance - Life,Canada,32934.53,4.81,17.3,-0.06%,3930273
1109,MFG,"Mizuho Financial Group, Inc.",Financial,Banks - Regional,Japan,29141.7,6.99,2.34,0.86%,3508438
1110,MFGP,Micro Focus International plc,Technology,Software - Infrastructure,United Kingdom,1074.12,,3.24,-1.52%,309033
1111,MGA,Magna International Inc.,Consumer Cyclical,Auto Parts,Canada,16526.84,13.52,56.69,3.77%,914845
1112,MGI,"MoneyGram International, Inc.",Financial,Credit Services,USA,968.59,,10.08,0.90%,395918
1113,MGM,MGM Resorts International,Consumer Cyclical,Resorts & Casinos,USA,12489.41,9.4,28.91,1.80%,3915425
1114,MGNI,"Magnite, Inc.",Communication Services,Advertising Agencies,USA,1119.7,,8.28,3.89%,2305179
1115,MGNX,"MacroGenics, Inc.",Healthcare,Biotechnology,USA,226.4,,3.67,3.38%,2146575
1116,MGY,Magnolia Oil & Gas Corporation,Energy,Oil & Gas E&P,USA,4349.39,6.71,19.41,-2.71%,1650275
1117,MHK,"Mohawk Industries, Inc.",Consumer Cyclical,"Furnishings, Fixtures & Appliances",USA,8059.29,8.31,127.48,5.88%,813597
1118,MIC,"Macquarie Infrastructure Holdings, LLC",Industrials,Airports & Air Services,USA,363.07,,4.09,0.49%,513071
1119,MICT,"MICT, Inc.",Technology,Computer Hardware,USA,77.64,,0.62,0.49%,65787
1120,MIDD,The Middleby Corporation,Industrials,Specialty Industrial Machinery,USA,6848.36,14.66,125.13,-0.35%,476105
1121,MITK,"Mitek Systems, Inc.",Technology,Software - Application,USA,410.86,43.04,9.21,-1.29%,282660
1122,MITO,Stealth BioTherapeutics Corp,Healthcare,Biotechnology,Cayman Islands,13.15,,0.2,-12.37%,1084086
1123,MKSI,"MKS Instruments, Inc.",Technology,Scientific & Technical Instruments,USA,5528.79,9.65,99.1,1.41%,412290
1124,MLCO,Melco Resorts & Entertainment Limited,Consumer Cyclical,Resorts & Casinos,Hong Kong,2418.5,,5.05,-0.20%,3222299
1125,MLKN,"MillerKnoll, Inc.",Consumer Cyclical,"Furnishings, Fixtures & Appliances",USA,2094.85,,27.75,1.72%,505416
1126,MLM,"Martin Marietta Materials, Inc.",Basic Materials,Building Materials,USA,19733.59,29.69,313.58,0.00%,439876
1127,MMAT,Meta Materials Inc.,Technology,Electronic Components,Canada,364.15,,1,0.00%,9208512
1128,MMC,"Marsh & McLennan Companies, Inc.",Financial,Insurance Brokers,USA,77308.13,24.25,153.14,-1.44%,1703380
1129,MMM,3M Company,Industrials,Specialty Industrial Machinery,USA,74857.19,13.56,130.2,0.92%,2632823
1130,MMP,"Magellan Midstream Partners, L.P.",Energy,Oil & Gas Midstream,USA,10047.08,11.78,47.75,-1.12%,885841
1131,MNDT,"Mandiant, Inc.",Technology,Software - Infrastructure,USA,5191.87,,22.16,0.18%,3070007
1132,MNKD,MannKind Corporation,Healthcare,Biotechnology,USA,1006.88,,4.09,-0.24%,2736058
1133,MNRO,"Monro, Inc.",Consumer Cyclical,Auto Parts,USA,1513.29,24.68,44.3,1.65%,315836
1134,MNST,Monster Beverage Corporation,Consumer Defensive,Beverages - Non-Alcoholic,USA,50988.22,38.21,96.75,-0.11%,2123357
1135,MNTV,Momentive Global Inc.,Technology,Software - Application,USA,1340.54,,8.76,-1.02%,1269590
1136,MO,"Altria Group, Inc.",Consumer Defensive,Tobacco,USA,77139.59,25.77,42.31,0.86%,8792061
1137,MOGO,Mogo Inc.,Technology,Software - Application,Canada,88.65,,0.88,-3.74%,118021
1138,MOH,"Molina Healthcare, Inc.",Healthcare,Healthcare Plans,USA,16395.66,24.28,285.39,-0.21%,342224
1139,MOMO,Hello Group Inc.,Communication Services,Internet Content & Information,China,945.34,,4.71,-1.88%,2063620
1140,MOS,The Mosaic Company,Basic Materials,Agricultural Inputs,USA,16210.18,6.35,44.87,-0.11%,5156566
1141,MOTS,"Motus GI Holdings, Inc.",Healthcare,Diagnostics & Research,USA,14.55,,0.27,-2.14%,96695
1142,MPC,Marathon Petroleum Corporation,Energy,Oil & Gas Refining & Marketing,USA,44852.98,19.19,82.75,-1.05%,4448220
1143,MPLX,MPLX LP,Energy,Oil & Gas Midstream,USA,28743.84,9.83,29.08,-1.29%,1045798
1144,MPW,"Medical Properties Trust, Inc.",Real Estate,REIT - Healthcare Facilities,USA,9530.27,8.42,15.81,2.26%,5371337
1145,MPWR,"Monolithic Power Systems, Inc.",Technology,Semiconductors,USA,17576.73,67.04,385.37,-1.10%,289970
1146,MRC,MRC Global Inc.,Energy,Oil & Gas Equipment & Services,USA,746.4,,10.25,-2.19%,715511
1147,MRCY,"Mercury Systems, Inc.",Industrials,Aerospace & Defense,USA,3582.1,282.73,62.2,-1.29%,383530
1148,MRNA,"Moderna, Inc.",Healthcare,Biotechnology,USA,67413.31,5.09,173.25,-1.15%,5129322
1149,MRO,Marathon Oil Corporation,Energy,Oil & Gas E&P,USA,14695.04,7.2,20.66,-3.10%,14991507
1150,MRSN,"Mersana Therapeutics, Inc.",Healthcare,Biotechnology,USA,491.22,,5.18,-0.19%,972262
1151,MRTN,"Marten Transport, Ltd.",Industrials,Trucking,USA,1391.48,14.86,16.93,0.59%,255998
1152,MRTX,"Mirati Therapeutics, Inc.",Healthcare,Biotechnology,USA,3301.59,,60.96,-2.68%,1368282
1153,MRVL,"Marvell Technology, Inc.",Technology,Semiconductors,USA,38374.96,,45.53,0.73%,6879754
1154,MS,Morgan Stanley,Financial,Capital Markets,USA,133290.65,9.66,75.94,0.16%,6515959
1155,MSCI,MSCI Inc.,Financial,Financial Data & Stock Exchanges,USA,34218.25,46.11,420.32,-2.67%,326212
1156,MSFT,Microsoft Corporation,Technology,Software - Infrastructure,USA,1902451.42,26.47,253.67,-4.10%,35786782
1157,MSI,"Motorola Solutions, Inc.",Technology,Communication Equipment,USA,35599.15,28.52,208.17,-2.47%,726310
1158,MSM,"MSC Industrial Direct Co., Inc.",Industrials,Industrial Distribution,USA,4157.63,13.69,73.73,0.14%,289094
1159,MSTR,MicroStrategy Incorporated,Technology,Software - Application,USA,2158.15,,192.52,-4.17%,587953
1160,MT,ArcelorMittal S.A.,Basic Materials,Steel,Luxembourg,19363.74,1.38,22.01,1.48%,2386086
1161,MTB,M&T Bank Corporation,Financial,Banks - Regional,USA,28315.99,12.06,157.89,-0.50%,757732
1162,MTCH,"Match Group, Inc.",Communication Services,Internet Content & Information,USA,19923.95,76.54,69.19,-1.44%,2456048
1163,MTDR,Matador Resources Company,Energy,Oil & Gas E&P,USA,5207.68,7.18,43.88,-4.38%,1133306
1164,MTG,MGIC Investment Corporation,Financial,Insurance - Specialty,USA,4030.52,6.69,13.13,0.31%,2759785
1165,MTNB,"Matinas BioPharma Holdings, Inc.",Healthcare,Biotechnology,USA,179.8,,0.82,0.32%,184594
1166,MTOR,"Meritor, Inc.",Consumer Cyclical,Auto Parts,USA,2572.96,11.82,36.29,0.06%,755276
1167,MTRX,Matrix Service Company,Energy,Oil & Gas Equipment & Services,USA,118.01,,4.53,-2.58%,379254
1168,MTSI,"MACOM Technology Solutions Holdings, Inc.",Technology,Semiconductors,USA,3203.5,16.42,46.26,0.13%,254651
1169,MTZ,"MasTec, Inc.",Industrials,Engineering & Construction,USA,5432.15,23.06,71.26,-0.61%,340691
1170,MU,"Micron Technology, Inc.",Technology,Semiconductors,USA,64964.25,6.75,59.18,2.37%,21477487
1171,MUFG,"Mitsubishi UFJ Financial Group, Inc.",Financial,Banks - Diversified,Japan,69478.83,8.32,5.38,-0.37%,2202786
1172,MULN,"Mullen Automotive, Inc.",Consumer Cyclical,Auto Manufacturers,USA,484.7,,1.11,-9.02%,43299246
1173,MUR,Murphy Oil Corporation,Energy,Oil & Gas E&P,USA,4283.37,42.12,27.76,-3.78%,1625019
1174,MUX,McEwen Mining Inc.,Basic Materials,Other Precious Metals & Mining,Canada,172.97,,0.38,-5.00%,3197279
1175,MVIS,"MicroVision, Inc.",Technology,Scientific & Technical Instruments,USA,806.13,,4.83,1.90%,1731618
1176,MVST,"Microvast Holdings, Inc.",Industrials,Electrical Equipment & Parts,USA,670.3,,2.28,0.00%,486547
1177,MWA,"Mueller Water Products, Inc.",Industrials,Specialty Industrial Machinery,USA,1846.26,24.38,11.63,-0.60%,637900
1178,MX,Magnachip Semiconductor Corporation,Technology,Semiconductors,Luxembourg,629.5,10.78,15.41,-0.58%,655913
1179,MXL,"MaxLinear, Inc.",Technology,Semiconductors,USA,2437.47,37.42,33.19,-0.18%,515611
1180,MYGN,"Myriad Genetics, Inc.",Healthcare,Diagnostics & Research,USA,1561.95,,19.5,0.52%,375037
1181,MYOV,Myovant Sciences Ltd.,Healthcare,Biotechnology,United Kingdom,1215.62,,12.8,3.98%,332657
1182,NAK,Northern Dynasty Minerals Ltd.,Basic Materials,Other Industrial Metals & Mining,Canada,140.33,,0.27,0.68%,718291
1183,NATI,National Instruments Corporation,Technology,Software - Application,USA,4064.45,37.71,31.15,-1.89%,839352
1184,NAVI,Navient Corporation,Financial,Credit Services,USA,2138.61,3.94,14.5,-1.56%,931515
1185,NBEV,"NewAge, Inc.",Consumer Defensive,Beverages - Non-Alcoholic,USA,46.03,,0.3,-2.91%,1144225
1186,NBIX,"Neurocrine Biosciences, Inc.",Healthcare,Biotechnology,USA,9193.59,130.73,95.3,-0.62%,663718
1187,NBRV,Nabriva Therapeutics plc,Healthcare,Biotechnology,Ireland,12.21,,0.21,3.08%,291037
1188,NBY,"NovaBay Pharmaceuticals, Inc.",Healthcare,Biotechnology,USA,14.8,,0.28,1.85%,216654
1189,NCLH,Norwegian Cruise Line Holdings Ltd.,Consumer Cyclical,Travel Services,USA,4979.65,,11.6,5.84%,17388658
1190,NCMI,"National CineMedia, Inc.",Communication Services,Advertising Agencies,USA,80.59,,0.98,6.68%,466527
1191,NCR,NCR Corporation,Technology,Information Technology Services,USA,4101,294.85,29.78,1.40%,1322484
1192,NCTY,The9 Limited,Communication Services,Electronic Gaming & Multimedia,China,40.64,,1.78,-3.78%,267151
1193,NDAQ,"Nasdaq, Inc.",Financial,Financial Data & Stock Exchanges,USA,25509.19,22.22,154.77,-1.81%,1190750
1194,NDRA,ENDRA Life Sciences Inc.,Healthcare,Diagnostics & Research,USA,16.47,,0.26,2.20%,267455
1195,NEO,"NeoGenomics, Inc.",Healthcare,Diagnostics & Research,USA,1098.85,,8.73,2.59%,866010
1196,NEOG,Neogen Corporation,Healthcare,Diagnostics & Research,USA,2454.53,50.02,22.66,-0.96%,751597
1197,NEP,"NextEra Energy Partners, LP",Utilities,Utilities - Renewable,USA,6209.83,85.41,74.05,-1.19%,337515
1198,NEWR,"New Relic, Inc.",Technology,Software - Infrastructure,USA,3548.84,,52.63,-2.84%,719102
1199,NEX,NexTier Oilfield Solutions Inc.,Energy,Oil & Gas Equipment & Services,USA,2010.06,,8.08,-1.94%,2277622
1200,NEXT,NextDecade Corporation,Energy,Oil & Gas E&P,USA,575.63,,4.59,-9.47%,661308
1201,NFE,New Fortress Energy Inc.,Utilities,Utilities - Regulated Gas,USA,7797.58,22.57,39.34,-3.39%,666218
1202,NFG,National Fuel Gas Company,Energy,Oil & Gas Integrated,USA,6028,12.7,65.33,0.49%,570574
1203,NFLX,"Netflix, Inc.",Communication Services,Entertainment,USA,78455.4,16.68,174.45,-1.63%,6808550
1204,NG,NovaGold Resources Inc.,Basic Materials,Gold,Canada,1940.19,,4.44,0.00%,1382309
1205,NGD,New Gold Inc.,Basic Materials,Gold,Canada,653.02,3.26,0.71,-26.03%,23012930
1206,NGL,NGL Energy Partners LP,Energy,Oil & Gas Refining & Marketing,USA,183.1,,1.43,2.14%,310447
1207,NILE,"BitNile Holdings, Inc.",Financial,Capital Markets,USA,101.41,,0.32,3.04%,9573752
1208,NINE,"Nine Energy Service, Inc.",Energy,Oil & Gas Equipment & Services,USA,73.74,,2.31,-9.41%,364668
1209,NIO,NIO Inc.,Consumer Cyclical,Auto Manufacturers,China,34708.27,,20.87,1.46%,49596836
1210,NISN,"Nisun International Enterprise Development Group Co., Ltd",Financial,Credit Services,China,23.12,0.52,0.72,0.03%,172643
1211,NIU,Niu Technologies,Consumer Cyclical,Auto Manufacturers,China,539.07,20.33,6.73,-1.75%,710053
1212,NJR,New Jersey Resources Corporation,Utilities,Utilities - Regulated Gas,USA,4196.25,44.46,43.48,-0.71%,264371
1213,NKE,"NIKE, Inc.",Consumer Cyclical,Footwear & Accessories,USA,163596.32,27.65,103.76,-1.28%,6007350
1214,NKLA,Nikola Corporation,Industrials,Farm & Heavy Construction Machinery,USA,2157.85,,5.19,0.97%,4768635
1215,NKTR,Nektar Therapeutics,Healthcare,Biotechnology,USA,684.32,,3.58,1.42%,2723121
1216,NLOK,NortonLifeLock Inc.,Technology,Software - Infrastructure,USA,13312.54,16.3,23.06,0.79%,6004219
1217,NLS,"Nautilus, Inc.",Consumer Cyclical,Leisure,USA,55.34,,1.86,0.54%,235778
1218,NLSN,Nielsen Holdings plc,Industrials,Consulting Services,USA,8345.12,15.36,23.25,-0.43%,1717879
1219,NLY,"Annaly Capital Management, Inc.",Real Estate,REIT - Mortgage,USA,9522.07,3.49,6.08,0.33%,21663890
1220,NMIH,"NMI Holdings, Inc.",Financial,Insurance - Property & Casualty,USA,1434.14,6,16.96,0.71%,250648
1221,NMR,"Nomura Holdings, Inc.",Financial,Capital Markets,Japan,11854.08,11.07,3.71,0.54%,934748
1222,NMRK,"Newmark Group, Inc.",Real Estate,Real Estate Services,USA,1860.56,2.85,10.12,1.40%,1652369
1223,NNBR,"NN, Inc.",Industrials,Conglomerates,USA,110.13,,2.54,1.20%,98096
1224,NNDM,Nano Dimension Ltd.,Technology,Computer Hardware,Israel,834.48,,3.29,0.61%,1793012
1225,NNN,"National Retail Properties, Inc.",Real Estate,REIT - Retail,USA,7709.07,26.35,44.13,-1.56%,1006638
1226,NOC,Northrop Grumman Corporation,Industrials,Aerospace & Defense,USA,72723.29,12.92,468.88,-1.39%,533849
1227,NOG,"Northern Oil and Gas, Inc.",Energy,Oil & Gas E&P,USA,1802.21,,22.57,-4.36%,1053362
1228,NOK,Nokia Oyj,Technology,Communication Equipment,Finland,25958.88,16.86,4.57,-0.87%,21691289
1229,NOMD,Nomad Foods Limited,Consumer Defensive,Packaged Foods,United Kingdom,3391.78,17.72,19.1,-0.68%,781938
1230,NOV,NOV Inc.,Energy,Oil & Gas Equipment & Services,USA,5867.86,,15.02,-5.95%,5217631
1231,NOW,"ServiceNow, Inc.",Technology,Software - Application,USA,86289.82,389.39,427.94,-12.74%,6849791
1232,NPTN,NeoPhotonics Corporation,Technology,Semiconductors,USA,842.25,,15.74,0.19%,542290
1233,NR,"Newpark Resources, Inc.",Energy,Oil & Gas Equipment & Services,USA,278.66,,2.98,-3.56%,548821
1234,NRG,"NRG Energy, Inc.",Utilities,Utilities - Independent Power Producers,USA,8914.82,2.29,37.69,0.51%,2331770
1235,NRXP,"NRx Pharmaceuticals, Inc.",Healthcare,Biotechnology,USA,36.4,,0.57,-5.67%,265226
1236,NRZ,New Residential Investment Corp.,Real Estate,REIT - Mortgage,USA,4411.23,4.31,9.48,0.00%,3067415
1237,NS,NuStar Energy L.P.,Energy,Oil & Gas Midstream,USA,1549.22,,14.2,-1.32%,227851
1238,NSA,National Storage Affiliates Trust,Real Estate,REIT - Industrial,USA,4530.27,48.15,49.21,-1.99%,784335
1239,NSC,Norfolk Southern Corporation,Industrials,Railroads,USA,53593.21,17.96,222.36,-1.42%,1360481
1240,NSTG,"NanoString Technologies, Inc.",Healthcare,Biotechnology,USA,649.33,,13.76,-0.43%,380880
1241,NTAP,"NetApp, Inc.",Technology,Computer Hardware,USA,14172.27,15.72,64.32,-0.12%,1219180
1242,NTCT,"NetScout Systems, Inc.",Technology,Software - Infrastructure,USA,2388.37,67.35,31.99,0.22%,1029382
1243,NTLA,"Intellia Therapeutics, Inc.",Healthcare,Biotechnology,USA,4825.39,,62.97,4.43%,1151569
1244,NTNX,"Nutanix, Inc.",Technology,Software - Infrastructure,USA,3312.94,,14.78,-2.70%,1833667
1245,NTR,Nutrien Ltd.,Basic Materials,Agricultural Inputs,Canada,53443.98,7.38,74.42,-1.74%,1871670
1246,NTRA,"Natera, Inc.",Healthcare,Diagnostics & Research,USA,3689.66,,38.45,2.29%,782956
1247,NTRS,Northern Trust Corporation,Financial,Asset Management,USA,20204.01,13.35,96.26,1.21%,1179425
1248,NUE,Nucor Corporation,Basic Materials,Steel,USA,29439.87,3.9,109.17,1.24%,2385446
1249,NURO,"NeuroMetrix, Inc.",Healthcare,Medical Instruments & Supplies,USA,26.89,,3.61,4.34%,37861
1250,NUS,"Nu Skin Enterprises, Inc.",Consumer Defensive,Household & Personal Products,USA,2246.77,15.72,42.36,1.34%,242988
1251,NUVA,"NuVasive, Inc.",Healthcare,Medical Devices,USA,2526.11,,48.43,-1.11%,394484
1252,NVAX,"Novavax, Inc.",Healthcare,Biotechnology,USA,5237.58,,69.76,3.89%,8508915
1253,NVCR,NovoCure Limited,Healthcare,Medical Instruments & Supplies,USA,7640.82,,72.24,-0.80%,494535
1254,NVDA,NVIDIA Corporation,Technology,Semiconductors,USA,377526.61,40.47,150.82,-0.46%,45750821
1255,NVRO,Nevro Corp.,Healthcare,Medical Devices,USA,1633.12,,45.9,-1.50%,402597
1256,NVS,Novartis AG,Healthcare,Drug Manufacturers - General,Switzerland,202383.54,7.82,83.94,-0.65%,1850204
1257,NVT,nVent Electric plc,Industrials,Electrical Equipment & Parts,United Kingdom,5153.1,18.98,30.82,-1.60%,508510
1258,NVTA,Invitae Corporation,Healthcare,Diagnostics & Research,USA,689.9,,2.98,10.37%,7905031
1259,NWBI,"Northwest Bancshares, Inc.",Financial,Banks - Regional,USA,1618.1,11.38,12.76,-0.16%,723877
1260,NWG,NatWest Group plc,Financial,Banks - Diversified,United Kingdom,26889.55,8.58,5.3,0.19%,1466928
1261,NWL,Newell Brands Inc.,Consumer Defensive,Household & Personal Products,USA,7922.35,11.37,19.09,1.11%,2461613
1262,NWSA,News Corporation,Communication Services,Broadcasting,USA,9276.07,18.63,15.65,1.62%,1476015
1263,NXE,NexGen Energy Ltd.,Energy,Uranium,Canada,2194.69,,3.54,-3.80%,1574292
1264,NXPI,NXP Semiconductors N.V.,Technology,Semiconductors,Netherlands,39387.53,18.9,152.24,0.18%,1858145
1265,NXTP,"NextPlay Technologies, Inc.",Technology,Information Technology Services,USA,41.68,,0.35,-2.06%,496215
1266,NYCB,"New York Community Bancorp, Inc.",Financial,Banks - Regional,USA,4390.28,7.64,9.28,1.42%,4200756
1267,NYMT,"New York Mortgage Trust, Inc.",Real Estate,REIT - Mortgage,USA,1071.28,59.57,2.8,0.36%,1789711
1268,NYT,The New York Times Company,Communication Services,Publishing,USA,4920.33,26.8,29.18,1.04%,737084
1269,O,Realty Income Corporation,Real Estate,REIT - Retail,USA,41611.84,68,69.36,-0.29%,2582490
1270,OBE,Obsidian Energy Ltd.,Energy,Oil & Gas E&P,Canada,720.37,1.24,6.68,-3.33%,579269
1271,OBSV,ObsEva SA,Healthcare,Biotechnology,Switzerland,137.87,,1.64,-0.61%,276055
1272,OC,Owens Corning,Industrials,Building Products & Equipment,USA,7911.98,7.71,81.71,3.21%,1497645
1273,OCGN,"Ocugen, Inc.",Healthcare,Biotechnology,USA,524.18,,2.75,-1.79%,3869217
1274,OCUL,"Ocular Therapeutix, Inc.",Healthcare,Biotechnology,USA,334.54,,4.31,2.38%,463115
1275,OCX,OncoCyte Corporation,Healthcare,Biotechnology,USA,99.79,,0.86,-1.62%,153463
1276,ODFL,"Old Dominion Freight Line, Inc.",Industrials,Trucking,USA,29863.1,26.84,262.81,-2.49%,954673
1277,ODP,The ODP Corporation,Consumer Cyclical,Specialty Retail,USA,1536.08,9.06,31.12,-0.45%,203309
1278,OEC,Orion Engineered Carbons S.A.,Basic Materials,Specialty Chemicals,Luxembourg,934.49,6.62,15.64,0.00%,394168
1279,OEG,"Orbital Energy Group, Inc.",Utilities,Utilities - Diversified,USA,51.74,,0.6,-4.91%,1357082
1280,OFC,Corporate Office Properties Trust,Real Estate,REIT - Office,USA,2961.1,26.58,25.97,2.57%,768954
1281,OGE,OGE Energy Corp.,Utilities,Utilities - Regulated Electric,USA,7827.31,8.02,38.6,0.16%,819036
1282,OGI,OrganiGram Holdings Inc.,Healthcare,Drug Manufacturers - Specialty & Generic,Canada,432.39,,1.07,4.90%,1361505
1283,OHI,"Omega Healthcare Investors, Inc.",Real Estate,REIT - Healthcare Facilities,USA,6875.24,16.29,29.51,0.99%,1863465
1284,OI,"O-I Glass, Inc.",Consumer Cyclical,Packaging & Containers,USA,2018.33,6.1,12.53,1.46%,2065904
1285,OII,"Oceaneering International, Inc.",Energy,Oil & Gas Equipment & Services,USA,981.06,,9.85,-6.19%,1083044
1286,OIS,"Oil States International, Inc.",Energy,Oil & Gas Equipment & Services,USA,283.3,,4.54,-5.42%,646108
1287,OKE,"ONEOK, Inc.",Energy,Oil & Gas Midstream,USA,24429.9,16.38,55,-1.40%,2153726
1288,OKTA,"Okta, Inc.",Technology,Software - Infrastructure,USA,15073.58,,95.76,-4.60%,2724262
1289,OLED,Universal Display Corporation,Technology,Semiconductor Equipment & Materials,USA,5032.22,27.86,106.66,0.78%,231485
1290,OLLI,"Ollie's Bargain Outlet Holdings, Inc.",Consumer Defensive,Discount Stores,USA,4303.55,38.7,69.2,-2.75%,920136
1291,OLN,Olin Corporation,Basic Materials,Specialty Chemicals,USA,7081.59,5.24,46.7,-1.04%,1420361
1292,OMC,Omnicom Group Inc.,Communication Services,Advertising Agencies,USA,13082.79,10.92,64.21,0.09%,964391
1293,OMCL,"Omnicell, Inc.",Healthcare,Health Information Services,USA,4998.24,75.38,112.32,-2.85%,306722
1294,OMER,Omeros Corporation,Healthcare,Biotechnology,USA,253.89,,4.18,5.29%,717150
1295,OMF,"OneMain Holdings, Inc.",Financial,Credit Services,USA,4888.2,4.25,38.86,0.13%,956468
1296,OMI,"Owens & Minor, Inc.",Healthcare,Medical Distribution,USA,2367.61,12.43,31.33,-0.35%,440091
1297,ON,ON Semiconductor Corporation,Technology,Semiconductors,USA,22302.71,16.21,52.77,0.32%,4466051
1298,ONB,Old National Bancorp,Financial,Banks - Regional,USA,4464.85,14.92,15.2,1.60%,1679875
1299,ONCT,"Oncternal Therapeutics, Inc.",Healthcare,Biotechnology,USA,51.5,,1.11,-0.89%,401830
1300,ONDS,Ondas Holdings Inc.,Technology,Communication Equipment,USA,209.13,,4.86,-5.08%,452631
1301,OPCH,"Option Care Health, Inc.",Healthcare,Medical Care Facilities,USA,5172.59,30.71,29.27,0.21%,679841
1302,OPK,"OPKO Health, Inc.",Healthcare,Diagnostics & Research,USA,1875.53,,2.76,1.47%,1864495
1303,OPTT,"Ocean Power Technologies, Inc.",Industrials,Electrical Equipment & Parts,USA,34.28,,0.63,5.35%,272568
1304,OR,Osisko Gold Royalties Ltd,Basic Materials,Gold,Canada,2112.98,,9.8,-1.41%,882582
1305,ORC,"Orchid Island Capital, Inc.",Real Estate,REIT - Mortgage,USA,519.01,,2.87,1.77%,1472933
1306,ORCL,Oracle Corporation,Technology,Software - Infrastructure,USA,187532.82,29.34,70.41,-1.62%,7133192
1307,ORGO,Organogenesis Holdings Inc.,Healthcare,Drug Manufacturers - Specialty & Generic,USA,704.33,8.15,5.19,5.27%,3424010
1308,ORI,Old Republic International Corporation,Financial,Insurance - Diversified,USA,7023.45,5.12,22.47,0.13%,1606850
1309,ORLY,"O'Reilly Automotive, Inc.",Consumer Cyclical,Specialty Retail,USA,43182.47,20.93,653.29,-0.31%,346760
1310,ORMP,Oramed Pharmaceuticals Inc.,Healthcare,Biotechnology,USA,225.43,,8.44,-2.54%,24829968
1311,ORTX,Orchard Therapeutics plc,Healthcare,Biotechnology,United Kingdom,75.52,,0.61,-3.98%,904395
1312,OSK,Oshkosh Corporation,Industrials,Farm & Heavy Construction Machinery,USA,5361.44,18.17,80.49,0.27%,804336
1313,OSTK,"Overstock.com, Inc.",Consumer Cyclical,Internet Retail,USA,1149.05,7.94,25.7,-0.19%,1159571
1314,OTEX,Open Text Corporation,Technology,Software - Application,Canada,10408.48,22.04,38.5,-1.16%,597793
1315,OTLK,"Outlook Therapeutics, Inc.",Healthcare,Biotechnology,USA,240.96,,1.14,2.70%,251854
1316,OTRK,"Ontrak, Inc.",Healthcare,Health Information Services,USA,24.15,,1.13,0.89%,87741
1317,OUT,Outfront Media Inc.,Real Estate,REIT - Specialty,USA,2816.52,32.17,16.6,1.41%,1515943
1318,OVV,Ovintiv Inc.,Energy,Oil & Gas E&P,USA,10333.28,12.57,40.27,-4.53%,3768613
1319,OXY,Occidental Petroleum Corporation,Energy,Oil & Gas E&P,USA,54475.68,8.69,57.37,-3.61%,25870928
1320,OZK,Bank OZK,Financial,Banks - Regional,USA,4875.15,8.63,37.53,0.37%,557408
1321,PAA,"Plains All American Pipeline, L.P.",Energy,Oil & Gas Midstream,USA,6819.76,42.35,9.91,-2.46%,2934772
1322,PAAS,Pan American Silver Corp.,Basic Materials,Silver,Canada,3880.77,21.19,18.29,-1.93%,1730727
1323,PACB,"Pacific Biosciences of California, Inc.",Healthcare,Diagnostics & Research,USA,1175.8,,5.1,4.51%,3181904
1324,PACK,Ranpak Holdings Corp.,Consumer Cyclical,Packaging & Containers,USA,502.15,,6.12,-1.13%,1247614
1325,PACW,PacWest Bancorp,Financial,Banks - Regional,USA,3202.45,5.6,27.05,0.33%,641705
1326,PAGP,"Plains GP Holdings, L.P.",Energy,Oil & Gas Midstream,USA,1934.2,151.94,10.18,-3.05%,2200281
1327,PAGS,PagSeguro Digital Ltd.,Technology,Software - Infrastructure,Brazil,3408.95,16.15,10.64,3.00%,1639450
1328,PANW,"Palo Alto Networks, Inc.",Technology,Software - Infrastructure,USA,48425.54,,492.58,-4.52%,1362144
1329,PARA,Paramount Global,Communication Services,Entertainment,USA,16623.13,4.41,25.09,3.81%,7556698
1330,PARR,"Par Pacific Holdings, Inc.",Energy,Oil & Gas Refining & Marketing,USA,915.97,,15.13,-1.94%,410907
1331,PAYC,"Paycom Software, Inc.",Technology,Software - Application,USA,18033.57,77.33,296.8,-7.23%,659414
1332,PAYX,"Paychex, Inc.",Industrials,Staffing & Employment Services,USA,41360.93,29.95,114.85,-1.18%,1266246
1333,PB,"Prosperity Bancshares, Inc.",Financial,Banks - Regional,USA,6371.9,12.44,68.39,-0.28%,464306
1334,PBF,PBF Energy Inc.,Energy,Oil & Gas Refining & Marketing,USA,3382.46,13.78,27.83,-1.66%,3381734
1335,PBI,Pitney Bowes Inc.,Industrials,Business Equipment & Supplies,USA,626.12,12.44,3.62,2.26%,1059597
1336,PBR,Petroleo Brasileiro S.A. - Petrobras,Energy,Oil & Gas Integrated,Brazil,69047.2,2.61,11.23,-2.77%,18756762
1337,PBYI,"Puma Biotechnology, Inc.",Healthcare,Biotechnology,USA,130.35,,3,7.53%,368940
1338,PCAR,PACCAR Inc,Industrials,Farm & Heavy Construction Machinery,USA,28328.86,14.12,80.32,1.30%,1669639
1339,PCG,PG&E Corporation,Utilities,Utilities - Regulated Electric,USA,24729.26,105.31,10.11,-0.10%,6126395
1340,PCH,PotlatchDeltic Corporation,Real Estate,REIT - Specialty,USA,3128.96,6.77,45.19,-0.42%,443862
1341,PCRX,"Pacira BioSciences, Inc.",Healthcare,Drug Manufacturers - Specialty & Generic,USA,2559.85,65.98,55.36,-2.33%,390177
1342,PDCE,"PDC Energy, Inc.",Energy,Oil & Gas E&P,USA,5271.91,10.72,53.85,-5.34%,2648504
1343,PDCO,"Patterson Companies, Inc.",Healthcare,Medical Distribution,USA,2841.4,14.4,29.7,-0.03%,560290
1344,PDD,Pinduoduo Inc.,Consumer Cyclical,Internet Retail,China,72742.48,40.47,56.21,2.76%,8183225
1345,PDM,"Piedmont Office Realty Trust, Inc.",Real Estate,REIT - Office,USA,1625.71,32.28,12.88,1.58%,591241
1346,PDSB,PDS Biotechnology Corporation,Healthcare,Biotechnology,USA,115.71,,4.35,1.16%,172526
1347,PEAK,"Healthpeak Properties, Inc.",Real Estate,REIT - Healthcare Facilities,USA,14331.2,45.8,26.38,0.34%,2496825
1348,PEB,Pebblebrook Hotel Trust,Real Estate,REIT - Hotel & Motel,USA,2311.88,,17.46,2.11%,2166208
1349,PED,PEDEVCO Corp.,Energy,Oil & Gas E&P,USA,94.03,,1.11,-2.63%,348195
1350,PEG,Public Service Enterprise Group Incorporated,Utilities,Utilities - Diversified,USA,30992.25,,61.74,-1.18%,2415698
1351,PEGA,Pegasystems Inc.,Technology,Software - Application,USA,3883.75,,47.11,-2.67%,476374
1352,PENN,"Penn National Gaming, Inc.",Consumer Cyclical,Resorts & Casinos,USA,5094.37,13.78,29.83,1.70%,3212703
1353,PEP,"PepsiCo, Inc.",Consumer Defensive,Beverages - Non-Alcoholic,USA,232292.97,22.75,169.5,-0.57%,5195131
1354,PETS,"PetMed Express, Inc.",Healthcare,Pharmaceutical Retailers,USA,466.14,21.48,22.25,1.60%,324446
1355,PETZ,"TDH Holdings, Inc.",Consumer Defensive,Packaged Foods,China,12.13,,2.06,7.85%,7106883
1356,PFE,Pfizer Inc.,Healthcare,Drug Manufacturers - General,USA,293364.06,11.73,52.04,-1.61%,14594809
1357,PFG,"Principal Financial Group, Inc.",Financial,Insurance - Diversified,USA,16643.49,11.29,65.73,-0.71%,1881591
1358,PFGC,Performance Food Group Company,Consumer Defensive,Food Distribution,USA,7400.36,101.84,48.17,0.61%,1415758
1359,PFSI,"PennyMac Financial Services, Inc.",Financial,Mortgage Finance,USA,2583.13,3.84,47.88,2.72%,394435
1360,PGEN,"Precigen, Inc.",Healthcare,Biotechnology,USA,317.92,,1.6,3.23%,1408555
1361,PGRE,"Paramount Group, Inc.",Real Estate,REIT - Office,USA,1599.24,,7.15,1.56%,1210652
1362,PH,Parker-Hannifin Corporation,Industrials,Specialty Industrial Machinery,USA,32353.11,19.26,249.1,0.42%,523049
1363,PHAS,"PhaseBio Pharmaceuticals, Inc.",Healthcare,Biotechnology,USA,31.81,,0.86,-10.86%,306578
1364,PHG,Koninklijke Philips N.V.,Healthcare,Diagnostics & Research,Netherlands,17817.19,38.55,20.78,-0.10%,1438801
1365,PHIO,Phio Pharmaceuticals Corp.,Healthcare,Biotechnology,USA,10.28,,0.75,-0.93%,33959
1366,PHM,"PulteGroup, Inc.",Consumer Cyclical,Residential Construction,USA,10322.82,5.38,44.06,0.14%,2853243
1367,PHX,PHX Minerals Inc.,Energy,Oil & Gas E&P,USA,95.46,,2.74,-2.49%,151070
1368,PII,Polaris Inc.,Consumer Cyclical,Recreational Vehicles,USA,6551.05,15.92,109.88,2.66%,424079
1369,PIXY,"ShiftPixy, Inc.",Industrials,Staffing & Employment Services,USA,9.35,,0.27,-4.54%,439073
1370,PK,Park Hotels & Resorts Inc.,Real Estate,REIT - Hotel & Motel,USA,3276.72,,13.95,2.27%,3107623
1371,PKG,Packaging Corporation of America,Consumer Cyclical,Packaging & Containers,USA,13107.16,14.08,138.13,0.22%,684469
1372,PKI,"PerkinElmer, Inc.",Healthcare,Diagnostics & Research,USA,17542.6,22.37,138.6,-4.14%,634569
1373,PLAB,"Photronics, Inc.",Technology,Semiconductor Equipment & Materials,USA,1124.88,13.09,18.72,2.30%,597852
1374,PLAY,"Dave & Buster's Entertainment, Inc.",Consumer Cyclical,Restaurants,USA,1554.34,9.8,31,-3.88%,1839807
1375,PLCE,"The Children's Place, Inc.",Consumer Cyclical,Apparel Retail,USA,535.74,3.72,40.99,-0.32%,202893
1376,PLD,"Prologis, Inc.",Real Estate,REIT - Industrial,USA,90233.93,24.21,120.91,-0.71%,2661666
1377,PLG,Platinum Group Metals Ltd.,Basic Materials,Other Precious Metals & Mining,Canada,108.89,,1.34,-1.47%,238867
1378,PLNT,"Planet Fitness, Inc.",Consumer Cyclical,Leisure,USA,6527.58,112.21,71.59,-0.22%,793559
1379,PLUG,Plug Power Inc.,Industrials,Electrical Equipment & Parts,USA,10085.43,,18.02,-2.38%,14019508
1380,PLYA,Playa Hotels & Resorts N.V.,Consumer Cyclical,Resorts & Casinos,USA,1089.03,48,6.48,0.47%,671797
1381,PM,Philip Morris International Inc.,Consumer Defensive,Tobacco,USA,147103.73,16.23,93.8,0.61%,3725075
1382,PMT,PennyMac Mortgage Investment Trust,Real Estate,REIT - Mortgage,USA,1342.53,,14.58,-0.61%,1052203
1383,PNC,"The PNC Financial Services Group, Inc.",Financial,Banks - Regional,USA,65343.15,13.3,157.09,-1.95%,1677115
1384,PNFP,"Pinnacle Financial Partners, Inc.",Financial,Banks - Regional,USA,5478.56,10.59,71.85,0.25%,636761
1385,PNR,Pentair plc,Industrials,Specialty Industrial Machinery,United Kingdom,7808.88,14.11,46.19,-1.11%,1447863
1386,POAI,Predictive Oncology Inc.,Healthcare,Medical Instruments & Supplies,USA,32.45,,0.42,-1.71%,5544993
1387,PODD,Insulet Corporation,Healthcare,Medical Devices,USA,15546.81,370.63,224.6,-2.69%,326070
1388,POLY,"Plantronics, Inc.",Technology,Communication Equipment,USA,1740.21,111.01,39.74,-0.08%,343703
1389,POOL,Pool Corporation,Consumer Cyclical,Leisure,USA,15330.81,20.72,373.74,0.72%,415014
1390,POR,Portland General Electric Company,Utilities,Utilities - Regulated Electric,USA,4361.51,20.92,48.58,-0.82%,538590
1391,POST,"Post Holdings, Inc.",Consumer Defensive,Packaged Foods,USA,5103.57,11.42,83.83,1.23%,377317
1392,POWI,"Power Integrations, Inc.",Technology,Semiconductors,USA,4205.26,25.98,72.68,-0.07%,364621
1393,PPC,Pilgrim's Pride Corporation,Consumer Defensive,Packaged Foods,USA,7412.33,34.97,30.14,1.96%,607850
1394,PPG,"PPG Industries, Inc.",Basic Materials,Specialty Chemicals,USA,27685.92,26.23,116.03,1.63%,1094357
1395,PPL,PPL Corporation,Utilities,Utilities - Regulated Electric,USA,20097.67,200.29,27.24,-0.26%,3718887
1396,PRDO,Perdoceo Education Corporation,Consumer Defensive,Education & Training Services,USA,804.05,7.5,11.8,0.34%,313535
1397,PRG,"PROG Holdings, Inc.",Industrials,Rental & Leasing Services,USA,948.48,5.94,17.62,0.92%,675975
1398,PRGO,Perrigo Company plc,Healthcare,Drug Manufacturers - Specialty & Generic,Ireland,5664.94,,41.82,-0.40%,996651
1399,PRMW,Primo Water Corporation,Consumer Defensive,Beverages - Non-Alcoholic,USA,2100.76,13180,13.18,0.61%,408319
1400,PRPL,"Purple Innovation, Inc.",Consumer Cyclical,"Furnishings, Fixtures & Appliances",USA,291.56,,3.58,4.99%,718309
1401,PRQR,ProQR Therapeutics N.V.,Healthcare,Biotechnology,Netherlands,58.07,,0.81,0.16%,252886
1402,PRTA,Prothena Corporation plc,Healthcare,Biotechnology,Ireland,1376.65,24.55,30.15,0.63%,176168
1403,PRTK,"Paratek Pharmaceuticals, Inc.",Healthcare,Biotechnology,USA,119.81,,2.45,1.24%,319702
1404,PRTS,"CarParts.com, Inc.",Consumer Cyclical,Internet Retail,USA,414.21,,7.61,2.70%,398260
1405,PRTY,Party City Holdco Inc.,Consumer Cyclical,Specialty Retail,USA,151.71,,1.33,2.31%,1243740
1406,PRU,"Prudential Financial, Inc.",Financial,Insurance - Life,USA,36116,7.79,96.02,-0.08%,1507894
1407,PRVB,"Provention Bio, Inc.",Healthcare,Biotechnology,USA,281.1,,4.57,5.54%,392100
1408,PSHG,Performance Shipping Inc.,Industrials,Marine Shipping,Greece,1.53,,0.57,-7.94%,661507
1409,PSTG,"Pure Storage, Inc.",Technology,Computer Hardware,USA,7482.46,,25.52,-1.88%,2340979
1410,PSX,Phillips 66,Energy,Oil & Gas Refining & Marketing,USA,38983.75,14.01,80.51,-1.53%,2556290
1411,PTC,PTC Inc.,Technology,Software - Application,USA,12127.03,25.51,103.2,-2.02%,644449
1412,PTCT,"PTC Therapeutics, Inc.",Healthcare,Biotechnology,USA,3070.8,,43.7,0.62%,483939
1413,PTEN,"Patterson-UTI Energy, Inc.",Energy,Oil & Gas Drilling,USA,2764.39,,13.16,-4.71%,3193052
1414,PTGX,"Protagonist Therapeutics, Inc.",Healthcare,Biotechnology,USA,398.36,,9.2,2.22%,766126
1415,PTN,"Palatin Technologies, Inc.",Healthcare,Biotechnology,USA,65.1,,0.29,1.75%,225079
1416,PUK,Prudential plc,Financial,Insurance - Life,United Kingdom,32949.36,14.3,24,-0.50%,449070
1417,PUMP,ProPetro Holding Corp.,Energy,Oil & Gas Equipment & Services,USA,917.17,,8.77,-1.35%,942106
1418,PVH,PVH Corp.,Consumer Cyclical,Apparel Manufacturing,USA,3848.33,4.12,57.08,1.21%,910107
1419,PWR,"Quanta Services, Inc.",Industrials,Engineering & Construction,USA,18396.79,38.74,127.72,-2.62%,985440
1420,PXD,Pioneer Natural Resources Company,Energy,Oil & Gas E&P,USA,50700.35,12.83,210.34,-1.53%,1827203
1421,PYPL,"PayPal Holdings, Inc.",Financial,Credit Services,USA,84532.41,23.61,71.43,1.36%,12287775
1422,PZZA,"Papa John's International, Inc.",Consumer Cyclical,Restaurants,USA,3047.53,,84.63,-1.20%,374788
1423,QCOM,QUALCOMM Incorporated,Technology,Semiconductors,USA,147141.08,13.61,132.95,0.54%,5979739
1424,QD,Qudian Inc.,Financial,Credit Services,China,284.87,,1.1,-0.90%,343631
1425,QMCO,Quantum Corporation,Technology,Computer Hardware,USA,122.61,,1.39,-2.80%,227383
1426,QNRX,"Quoin Pharmaceuticals, Ltd.",Healthcare,Biotechnology,USA,4.35,,0.48,-7.73%,482547
1427,QRTEA,"Qurate Retail, Inc.",Consumer Cyclical,Internet Retail,USA,928.67,8.35,2.33,1.75%,6091610
1428,QRVO,"Qorvo, Inc.",Technology,Semiconductors,USA,10380.74,10.59,97.95,1.24%,868326
1429,QSR,Restaurant Brands International Inc.,Consumer Cyclical,Restaurants,Canada,22975.99,18.96,51.11,-0.85%,751198
1430,QTNT,Quotient Limited,Healthcare,Diagnostics & Research,Switzerland,29.71,,0.3,7.26%,6546365
1431,QTT,Qutoutiao Inc.,Communication Services,Internet Content & Information,China,45.53,,1.08,3.85%,51915
1432,QTWO,"Q2 Holdings, Inc.",Technology,Software - Application,USA,2229.64,,38.31,-2.05%,233465
1433,QUAD,"Quad/Graphics, Inc.",Industrials,Specialty Business Services,USA,146.18,5.32,2.63,1.15%,182024
1434,QUOT,Quotient Technology Inc.,Communication Services,Advertising Agencies,USA,277.91,,2.82,0.00%,805688
1435,QURE,uniQure N.V.,Healthcare,Biotechnology,Netherlands,1019.22,3.29,22.71,2.48%,601435
1436,R,"Ryder System, Inc.",Industrials,Rental & Leasing Services,USA,3668.48,5.95,71.72,-0.35%,286386
1437,RAD,Rite Aid Corporation,Healthcare,Pharmaceutical Retailers,USA,401.72,,6.88,3.93%,1723833
1438,RADA,RADA Electronic Industries Ltd.,Industrials,Aerospace & Defense,Israel,476.38,24.21,9.78,5.62%,410400
1439,RAMP,"LiveRamp Holdings, Inc.",Technology,Information Technology Services,USA,1880.32,,27.37,-1.23%,578148
1440,RARE,Ultragenyx Pharmaceutical Inc.,Healthcare,Biotechnology,USA,4444.89,,65.86,-0.02%,477389
1441,RBA,Ritchie Bros. Auctioneers Incorporated,Industrials,Specialty Business Services,Canada,7292.55,24.52,66.32,1.19%,590602
1442,RBBN,Ribbon Communications Inc.,Communication Services,Telecom Services,USA,455.16,,3.09,3.00%,218312
1443,RC,Ready Capital Corporation,Real Estate,REIT - Mortgage,USA,1374.65,5.53,12.07,-0.08%,629510
1444,RCAT,"Red Cat Holdings, Inc.",Technology,Computer Hardware,USA,104.51,,2.04,0.49%,67715
1445,RCII,"Rent-A-Center, Inc.",Industrials,Rental & Leasing Services,USA,1249.77,16.02,20.63,1.33%,613428
1446,RCKT,"Rocket Pharmaceuticals, Inc.",Healthcare,Biotechnology,USA,1026.86,,16.09,5.58%,918587
1447,RCL,Royal Caribbean Cruises Ltd.,Consumer Cyclical,Travel Services,USA,8759.12,,33.33,2.27%,7623786
1448,RCM,R1 RCM Inc.,Healthcare,Health Information Services,USA,8881.88,65.17,21.57,-5.35%,1224765
1449,RCUS,"Arcus Biosciences, Inc.",Healthcare,Biotechnology,USA,2001.1,,27.96,2.12%,697501
1450,RDFN,Redfin Corporation,Real Estate,Real Estate Services,USA,942.13,,8.6,1.42%,2820356
1451,RDHL,RedHill Biopharma Ltd.,Healthcare,Drug Manufacturers - Specialty & Generic,Israel,51.42,,1.02,-3.77%,5529423
1452,RDN,Radian Group Inc.,Financial,Insurance - Specialty,USA,3487.19,5.78,20.49,-0.05%,1136449
1453,RDUS,"Radius Health, Inc.",Healthcare,Drug Manufacturers - Specialty & Generic,USA,475.67,,10.14,-0.59%,1109028
1454,REED,"Reed's, Inc.",Consumer Defensive,Beverages - Non-Alcoholic,USA,18.95,,0.17,1.88%,334861
1455,REG,Regency Centers Corporation,Real Estate,REIT - Retail,USA,10541.52,21.75,60.5,1.24%,574086
1456,REI,"Ring Energy, Inc.",Energy,Oil & Gas E&P,USA,258.31,16.99,2.43,-2.41%,1487885
1457,REKR,"Rekor Systems, Inc.",Industrials,Security & Protection Services,USA,84.1,,1.65,-4.62%,540790
1458,RELX,RELX PLC,Communication Services,Publishing,United Kingdom,51217.12,29.38,26.79,-0.63%,724292
1459,RES,"RPC, Inc.",Energy,Oil & Gas Equipment & Services,USA,1329.59,40.79,6.2,-3.58%,1486768
1460,RETA,"Reata Pharmaceuticals, Inc.",Healthcare,Biotechnology,USA,1242.6,,33.96,4.94%,334979
1461,REV,"Revlon, Inc.",Consumer Defensive,Household & Personal Products,USA,300.19,,5.4,-1.46%,2370345
1462,REXR,"Rexford Industrial Realty, Inc.",Real Estate,REIT - Industrial,USA,9948.12,68.15,59.77,0.76%,1489797
1463,REZI,"Resideo Technologies, Inc.",Industrials,Security & Protection Services,USA,2909.59,10.66,20.08,0.35%,426460
1464,RF,Regions Financial Corporation,Financial,Banks - Regional,USA,17746.05,7.87,18.97,-0.42%,7535947
1465,RFP,Resolute Forest Products Inc.,Basic Materials,Paper & Paper Products,Canada,1509.09,3.68,19.82,-2.46%,3839490
1466,RGEN,Repligen Corporation,Healthcare,Medical Instruments & Supplies,USA,8992.53,64.16,161.94,-6.19%,309074
1467,RGLD,"Royal Gold, Inc.",Basic Materials,Gold,USA,6924.4,24.18,105.25,-3.18%,701569
1468,RGNX,REGENXBIO Inc.,Healthcare,Biotechnology,USA,1258.32,19.17,29.27,5.97%,492747
1469,RGS,Regis Corporation,Consumer Cyclical,Personal Services,USA,46.73,,1.14,-5.00%,357481
1470,RH,RH,Consumer Cyclical,Specialty Retail,USA,6286.22,10.5,261.49,1.46%,649307
1471,RHI,Robert Half International Inc.,Industrials,Staffing & Employment Services,USA,8655.38,13.06,77.06,-0.75%,494946
1472,RHP,"Ryman Hospitality Properties, Inc.",Real Estate,REIT - Hotel & Motel,USA,4288.09,,76.03,1.90%,193118
1473,RIG,Transocean Ltd.,Energy,Oil & Gas Drilling,Switzerland,1920.63,,2.75,-6.14%,26189545
1474,RIGL,"Rigel Pharmaceuticals, Inc.",Healthcare,Biotechnology,USA,212.3,,1.29,5.74%,5111775
1475,RIO,Rio Tinto Group,Basic Materials,Other Industrial Metals & Mining,United Kingdom,94143.5,4.42,57.22,-1.02%,5082159
1476,RIOT,"Riot Blockchain, Inc.",Technology,Software - Application,USA,633.46,27.34,4.84,-0.62%,8366238
1477,RJF,"Raymond James Financial, Inc.",Financial,Capital Markets,USA,19436.5,12.65,89.66,-0.31%,708194
1478,RL,Ralph Lauren Corporation,Consumer Cyclical,Apparel Manufacturing,USA,6532.4,11.63,93.28,1.61%,856115
1479,RLJ,RLJ Lodging Trust,Real Estate,REIT - Hotel & Motel,USA,1871.98,,11.18,1.73%,1037636
1480,RMBS,Rambus Inc.,Technology,Semiconductors,USA,2331.34,,21.1,-0.19%,459279
1481,RMED,"Ra Medical Systems, Inc.",Healthcare,Medical Devices,USA,11.46,,0.35,1.88%,1620295
1482,RNG,"RingCentral, Inc.",Technology,Software - Application,USA,5056.21,,51.14,-1.88%,1463892
1483,ROCC,Ranger Oil Corporation,Energy,Oil & Gas E&P,USA,1329.79,12.75,30.25,-1.72%,471832
1484,ROIC,Retail Opportunity Investments Corp.,Real Estate,REIT - Retail,USA,1993.54,35.81,15.9,1.79%,869356
1485,ROK,"Rockwell Automation, Inc.",Industrials,Specialty Industrial Machinery,USA,23397.63,36.1,198.47,-1.18%,449542
1486,ROKU,"Roku, Inc.",Communication Services,Entertainment,USA,11789.95,89.9,87.56,1.98%,6168997
1487,ROL,"Rollins, Inc.",Consumer Cyclical,Personal Services,USA,17621.52,53.42,35.9,-2.84%,1679573
1488,ROP,"Roper Technologies, Inc.",Industrials,Specialty Industrial Machinery,USA,41443.55,41.75,390.94,-1.61%,605573
1489,ROST,"Ross Stores, Inc.",Consumer Cyclical,Apparel Retail,USA,26645.35,16.69,75.07,0.63%,2827895
1490,RPAY,Repay Holdings Corporation,Technology,Software - Infrastructure,USA,1328.89,,13.19,0.08%,342736
1491,RPD,"Rapid7, Inc.",Technology,Software - Application,USA,4023.35,,68.74,-5.85%,576969
1492,RPM,RPM International Inc.,Basic Materials,Specialty Chemicals,USA,10624.21,23.47,81.2,2.07%,659203
1493,RPT,RPT Realty,Real Estate,REIT - Retail,USA,840.91,17.71,9.9,2.06%,356644
1494,RRC,Range Resources Corporation,Energy,Oil & Gas E&P,USA,7281.14,,26.38,0.19%,4084520
1495,RRGB,"Red Robin Gourmet Burgers, Inc.",Consumer Cyclical,Restaurants,USA,123.23,,7.77,1.57%,259433
1496,RRR,"Red Rock Resorts, Inc.",Consumer Cyclical,Resorts & Casinos,USA,3539.85,10.46,32.44,2.43%,464620
1497,RRX,Regal Rexnord Corporation,Industrials,Specialty Industrial Machinery,USA,7642.88,20.68,112,-0.83%,222411
1498,RS,Reliance Steel & Aluminum Co.,Basic Materials,Steel,USA,10833.85,6.61,173.12,-0.07%,408301
1499,RSG,"Republic Services, Inc.",Industrials,Waste Management,USA,40575.68,30.4,128.4,-1.32%,651872
1500,RTL,"The Necessity Retail REIT, Inc.",Financial,Exchange Traded Fund,USA,1014.46,,7.34,2.51%,526960
1501,RTX,Raytheon Technologies Corporation,Industrials,Aerospace & Defense,USA,138798.76,33.71,94.5,-0.22%,4661120
1502,RUBY,"Rubius Therapeutics, Inc.",Healthcare,Biotechnology,USA,73.8,,0.84,-4.73%,310989
1503,RUN,Sunrun Inc.,Technology,Solar,USA,5219.68,,25.2,0.32%,5199357
1504,RVNC,"Revance Therapeutics, Inc.",Healthcare,Biotechnology,USA,1047.42,,14.74,-2.77%,295478
1505,RWT,"Redwood Trust, Inc.",Real Estate,REIT - Mortgage,USA,934.82,4.12,7.83,-0.38%,1152529
1506,RY,Royal Bank of Canada,Financial,Banks - Diversified,Canada,138809.61,11.1,98.01,0.09%,885898
1507,RYAAY,Ryanair Holdings plc,Industrials,Airlines,Ireland,13896.53,,67.6,2.15%,1056681
1508,RYAM,Rayonier Advanced Materials Inc.,Basic Materials,Chemicals,USA,170.45,,2.67,-1.11%,256427
1509,RYI,Ryerson Holding Corporation,Industrials,Metal Fabrication,USA,859.97,1.97,21.81,5.46%,289639
1510,RYN,Rayonier Inc.,Real Estate,REIT - Specialty,USA,5213.53,30.62,35.79,-2.43%,588082
1511,RYTM,"Rhythm Pharmaceuticals, Inc.",Healthcare,Biotechnology,USA,327.23,,6.67,42.22%,7204822
1512,SABR,Sabre Corporation,Technology,Information Technology Services,USA,2085,,6.36,0.32%,6331790
1513,SAGE,"Sage Therapeutics, Inc.",Healthcare,Biotechnology,USA,2053.97,,35.45,1.20%,561703
1514,SAIA,"Saia, Inc.",Industrials,Trucking,USA,5401.92,18.71,206.97,1.09%,594534
1515,SAIL,"SailPoint Technologies Holdings, Inc.",Technology,Software - Infrastructure,USA,5934.61,,62.98,0.13%,899116
1516,SAN,"Banco Santander, S.A.",Financial,Banks - Diversified,Spain,41422.02,4.53,2.43,-5.81%,17416118
1517,SANM,Sanmina Corporation,Technology,Electronic Components,USA,2468.31,9.56,41.07,0.42%,326755
1518,SAP,SAP SE,Technology,Software - Application,Germany,105974.76,20.23,86.35,-2.23%,1164670
1519,SAVA,"Cassava Sciences, Inc.",Healthcare,Biotechnology,USA,955.22,,23.23,-0.47%,599668
1520,SAVE,"Spirit Airlines, Inc.",Industrials,Airlines,USA,2518.76,,24.17,-0.98%,2127693
1521,SB,"Safe Bulkers, Inc.",Industrials,Marine Shipping,Monaco,402.05,2.14,3.21,-2.43%,1121678
1522,SBGI,"Sinclair Broadcast Group, Inc.",Communication Services,Broadcasting,USA,1511.75,0.72,21.68,4.28%,570954
1523,SBH,"Sally Beauty Holdings, Inc.",Consumer Cyclical,Specialty Retail,USA,1338.53,5.36,12.27,-0.81%,1206784
1524,SBLK,Star Bulk Carriers Corp.,Industrials,Marine Shipping,Greece,2278.33,2.78,22.18,-0.72%,1228947
1525,SBNY,Signature Bank,Financial,Banks - Regional,USA,11877.4,11.06,188.89,0.37%,509304
1526,SBOW,"SilverBow Resources, Inc.",Energy,Oil & Gas E&P,USA,410.5,,26.23,-11.18%,542724
1527,SBRA,"Sabra Health Care REIT, Inc.",Real Estate,REIT - Healthcare Facilities,USA,3258.51,,14.38,1.70%,2098994
1528,SBS,Companhia de Saneamento Basico do Estado de Sao Paulo,Utilities,Utilities - Regulated Water,Brazil,5160.33,10.21,7.79,-1.02%,1202256
1529,SBSW,Sibanye Stillwater Limited,Basic Materials,Gold,South Africa,6795.29,3.73,10.01,-0.79%,3616403
1530,SBUX,Starbucks Corporation,Consumer Cyclical,Restaurants,USA,89137.85,20.81,77.76,-0.18%,5380009
1531,SCCO,Southern Copper Corporation,Basic Materials,Copper,USA,37459.66,10.94,48.36,-1.81%,1305784
1532,SCHW,The Charles Schwab Corporation,Financial,Capital Markets,USA,117828.04,22.54,62.25,-1.10%,6276655
1533,SCI,Service Corporation International,Consumer Cyclical,Personal Services,USA,10993.47,14.61,69.15,-0.85%,654534
1534,SCOR,"comScore, Inc.",Communication Services,Advertising Agencies,USA,172.42,,1.92,-1.03%,231119
1535,SCS,Steelcase Inc.,Industrials,Business Equipment & Supplies,USA,1208.83,61.09,10.69,0.47%,333974
1536,SD,"SandRidge Energy, Inc.",Energy,Oil & Gas E&P,USA,562.2,4.87,15.24,-6.67%,845057
1537,SE,Sea Limited,Communication Services,Electronic Gaming & Multimedia,Singapore,40052.35,,72.51,-0.28%,2557712
1538,SEAC,"SeaChange International, Inc.",Technology,Software - Application,USA,26.95,,0.54,-3.73%,770692
1539,SEAS,"SeaWorld Entertainment, Inc.",Consumer Cyclical,Leisure,USA,3308.96,11.52,42.26,-0.17%,1178235
1540,SEDG,"SolarEdge Technologies, Inc.",Technology,Solar,Israel,14287.52,85.25,265.37,-5.11%,913291
1541,SEE,Sealed Air Corporation,Consumer Cyclical,Packaging & Containers,USA,8454.86,15.91,56.49,-0.41%,649019
1542,SEEL,"Seelos Therapeutics, Inc.",Healthcare,Biotechnology,USA,95.63,,0.96,3.50%,589608
1543,SEIC,SEI Investments Company,Financial,Asset Management,USA,7295.7,12.42,53.23,-1.30%,623595
1544,SELB,"Selecta Biosciences, Inc.",Healthcare,Biotechnology,USA,255.83,8.21,1.74,8.07%,2177098
1545,SEM,Select Medical Holdings Corporation,Healthcare,Medical Care Facilities,USA,3289.39,10.06,25.44,1.68%,403126
1546,SENS,"Senseonics Holdings, Inc.",Healthcare,Diagnostics & Research,USA,481.1,28.95,1.1,-2.65%,1882278
1547,SESN,"Sesen Bio, Inc.",Healthcare,Biotechnology,USA,175.11,3.45,0.87,2.34%,1919234
1548,SF,Stifel Financial Corp.,Financial,Capital Markets,USA,5910.53,8.26,54.9,0.53%,501663
1549,SFIX,"Stitch Fix, Inc.",Consumer Cyclical,Specialty Retail,USA,560.11,,5.14,-0.39%,3576869
1550,SFL,SFL Corporation Ltd.,Industrials,Marine Shipping,Bermuda,1260.78,7.53,9.17,-0.76%,611316
1551,SFNC,Simmons First National Corporation,Financial,Banks - Regional,USA,2742.34,8.58,20.84,0.48%,451240
1552,SGEN,Seagen Inc.,Healthcare,Biotechnology,USA,33041.61,,179,0.95%,1208017
1553,SGH,"SMART Global Holdings, Inc.",Technology,Semiconductors,USA,845.71,13.43,16.83,0.36%,518046
1554,SGMO,"Sangamo Therapeutics, Inc.",Healthcare,Biotechnology,USA,662.82,,4.48,2.28%,1173498
1555,SGRY,"Surgery Partners, Inc.",Healthcare,Medical Care Facilities,USA,2664.71,,29.86,0.20%,340107
1556,SHAK,Shake Shack Inc.,Consumer Cyclical,Restaurants,USA,1745.92,,40.65,3.17%,706820
1557,SHEL,Shell plc,Energy,Oil & Gas Integrated,United Kingdom,173269.21,8.55,47.69,-1.34%,5048888
1558,SHIP,Seanergy Maritime Holdings Corp.,Industrials,Marine Shipping,Greece,120.44,3.01,0.69,-3.61%,2861996
1559,SHLX,"Shell Midstream Partners, L.P.",Energy,Oil & Gas Midstream,USA,5573.02,12.18,14.18,-0.77%,882470
1560,SHO,"Sunstone Hotel Investors, Inc.",Real Estate,REIT - Hotel & Motel,USA,2115.46,26.56,9.72,1.67%,3855419
1561,SHOO,"Steven Madden, Ltd.",Consumer Cyclical,Footwear & Accessories,USA,2633.79,10.79,32.54,-1.21%,532202
1562,SHOP,Shopify Inc.,Technology,Software - Application,Canada,40569.23,261.13,32.38,0.19%,21373948
1563,SHW,The Sherwin-Williams Company,Basic Materials,Specialty Chemicals,USA,64460.65,35.91,246.56,1.90%,1670799
1564,SID,Companhia Siderurgica Nacional,Basic Materials,Steel,Brazil,3631.58,2.31,2.6,-1.52%,5075279
1565,SIEN,"Sientra, Inc.",Healthcare,Medical Devices,USA,51.44,,0.84,-1.13%,187629
1566,SIG,Signet Jewelers Limited,Consumer Cyclical,Luxury Goods,Bermuda,2507.75,6.98,53.55,-1.33%,635345
1567,SIL,Global X Silver Miners ETF,Financial,Exchange Traded Fund,USA,4562.85,,24.1,-1.35%,565152
1568,SIMO,Silicon Motion Technology Corporation,Technology,Semiconductors,Hong Kong,2844.17,13.22,83.09,3.14%,597868
1569,SIOX,Sio Gene Therapies Inc.,Healthcare,Biotechnology,USA,27.44,,0.38,-2.95%,145800
1570,SIRI,Sirius XM Holdings Inc.,Communication Services,Broadcasting,USA,24171.82,17.97,6.2,0.16%,12333511
1571,SITC,SITE Centers Corp.,Real Estate,REIT - Retail,USA,2901.84,26.99,13.47,2.12%,1476369
1572,SIVB,SVB Financial Group,Financial,Banks - Regional,USA,24480.14,13.96,411.5,0.73%,287792
1573,SIX,Six Flags Entertainment Corporation,Consumer Cyclical,Leisure,USA,1933.05,11.36,20.79,2.01%,1812124
1574,SJ,Scienjoy Holding Corporation,Communication Services,Broadcasting,China,143.77,5.67,4.7,0.64%,513382
1575,SJI,"South Jersey Industries, Inc.",Utilities,Utilities - Diversified,USA,4191.47,48.22,33.95,0.24%,398829
1576,SJR,Shaw Communications Inc.,Communication Services,Telecom Services,Canada,13346.93,20.45,26.56,-0.41%,314027
1577,SJT,San Juan Basin Royalty Trust,Energy,Oil & Gas E&P,USA,456.77,10.61,9.7,-3.00%,466129
1578,SKM,"SK Telecom Co.,Ltd",Communication Services,Telecom Services,South Korea,9192.46,15.13,23.34,1.39%,675797
1579,SKT,"Tanger Factory Outlet Centers, Inc.",Real Estate,REIT - Retail,USA,1563.7,64.5,14.77,1.03%,565799
1580,SKX,"Skechers U.S.A., Inc.",Consumer Cyclical,Footwear & Accessories,USA,5679.13,7.5,36.4,0.00%,786486
1581,SKY,Skyline Champion Corporation,Consumer Cyclical,Residential Construction,USA,3057.46,12.71,55.02,0.04%,291419
1582,SKYW,"SkyWest, Inc.",Industrials,Airlines,USA,1101.57,11.75,21.71,4.43%,325416
1583,SLAB,Silicon Laboratories Inc.,Technology,Semiconductors,USA,4515.95,,124.75,0.45%,240314
1584,SLB,Schlumberger Limited,Energy,Oil & Gas Equipment & Services,USA,46343.39,22.39,32.73,-1.92%,10246349
1585,SLCA,"U.S. Silica Holdings, Inc.",Energy,Oil & Gas Equipment & Services,USA,780.68,,10.14,-0.10%,1013644
1586,SLDB,Solid Biosciences Inc.,Healthcare,Drug Manufacturers - Specialty & Generic,USA,74.04,,0.65,0.55%,369226
1587,SLF,Sun Life Financial Inc.,Financial,Insurance - Diversified,Canada,26605.19,8.93,45.25,-0.04%,677988
1588,SLG,SL Green Realty Corp.,Real Estate,REIT - Office,USA,3036.23,7.15,46.39,3.46%,1179470
1589,SLGN,Silgan Holdings Inc.,Consumer Cyclical,Packaging & Containers,USA,4658.46,11.96,39.85,1.74%,416405
1590,SLI,Standard Lithium Ltd.,Basic Materials,Other Industrial Metals & Mining,Canada,902.36,,4.12,-1.67%,409745
1591,SLM,SLM Corporation,Financial,Credit Services,USA,4252.1,7.21,15.65,-2.13%,3113318
1592,SLRX,"Salarius Pharmaceuticals, Inc.",Healthcare,Biotechnology,USA,12.03,,0.21,1.02%,597446
1593,SM,SM Energy Company,Energy,Oil & Gas E&P,USA,3898.36,14.32,31.98,-3.85%,2322859
1594,SMAR,Smartsheet Inc.,Technology,Software - Application,USA,4094.31,,31.19,-6.20%,1326485
1595,SMCI,"Super Micro Computer, Inc.",Technology,Computer Hardware,USA,2107.22,11.84,40.68,0.79%,251600
1596,SMFG,"Sumitomo Mitsui Financial Group, Inc.",Financial,Banks - Diversified,Japan,40349,7.9,5.99,0.00%,3609250
1597,SMG,The Scotts Miracle-Gro Company,Basic Materials,Agricultural Inputs,USA,4565.37,11.32,81.09,0.98%,334789
1598,SMPL,The Simply Good Foods Company,Consumer Defensive,Packaged Foods,USA,3713.45,37.17,35.91,-1.80%,680668
1599,SMSI,"Smith Micro Software, Inc.",Technology,Software - Application,USA,129.52,,2.43,-3.57%,132228
1600,SMTC,Semtech Corporation,Technology,Semiconductors,USA,3313.37,24.3,52.46,-0.34%,347588
1601,SNAP,Snap Inc.,Communication Services,Internet Content & Information,USA,23252.77,,14.04,-0.14%,24778744
1602,SNBR,Sleep Number Corporation,Consumer Cyclical,"Furnishings, Fixtures & Appliances",USA,720.58,8.92,32.62,0.62%,357043
1603,SNDR,"Schneider National, Inc.",Industrials,Trucking,USA,4090.32,9.27,23,0.79%,445557
1604,SNDX,"Syndax Pharmaceuticals, Inc.",Healthcare,Biotechnology,USA,1084.89,128.11,18.96,2.43%,259217
1605,SNN,Smith & Nephew plc,Healthcare,Medical Devices,United Kingdom,11714.27,22.69,27.07,0.15%,1782254
1606,SNOA,"Sonoma Pharmaceuticals, Inc.",Healthcare,Drug Manufacturers - Specialty & Generic,USA,9.05,,2.89,-2.36%,32851
1607,SNPS,"Synopsys, Inc.",Technology,Software - Infrastructure,USA,47150.37,47.7,306.41,-2.79%,745456
1608,SNV,Synovus Financial Corp.,Financial,Banks - Regional,USA,5283.08,7.53,36.25,0.55%,879986
1609,SOL,ReneSola Ltd,Technology,Solar,USA,310.78,80.67,4.84,0.41%,456710
1610,SOLO,Electrameccanica Vehicles Corp.,Consumer Cyclical,Auto Manufacturers,Canada,186.51,,1.4,2.94%,1174868
1611,SON,Sonoco Products Company,Consumer Cyclical,Packaging & Containers,USA,5691.37,,57.64,-0.35%,262155
1612,SONN,"Sonnet BioTherapeutics Holdings, Inc.",Healthcare,Biotechnology,USA,16.79,,0.29,-0.51%,362593
1613,SONO,"Sonos, Inc.",Technology,Consumer Electronics,USA,2438.95,19.45,19.12,-1.60%,1596177
1614,SONY,Sony Group Corporation,Technology,Consumer Electronics,Japan,103470.8,15.82,82.05,0.07%,414657
1615,SPCE,"Virgin Galactic Holdings, Inc.",Industrials,Aerospace & Defense,USA,1769.99,,6.93,5.16%,6590927
1616,SPG,"Simon Property Group, Inc.",Real Estate,REIT - Retail,USA,32137.73,14.4,97.6,0.39%,1657215
1617,SPGI,S&P Global Inc.,Financial,Financial Data & Stock Exchanges,USA,117404.38,24.97,346.05,-1.58%,1657193
1618,SPLK,Splunk Inc.,Technology,Software - Infrastructure,USA,14897.79,,91.69,-4.96%,1511742
1619,SPNT,SiriusPoint Ltd.,Financial,Insurance - Reinsurance,Bermuda,775.67,,4.57,-0.44%,822359
1620,SPOT,Spotify Technology S.A.,Communication Services,Internet Content & Information,Luxembourg,19477.85,266.97,99.58,0.43%,1135884
1621,SPPI,"Spectrum Pharmaceuticals, Inc.",Healthcare,Biotechnology,USA,147.86,,0.81,-1.22%,1213811
1622,SPR,"Spirit AeroSystems Holdings, Inc.",Industrials,Aerospace & Defense,USA,3360.89,,31.89,5.00%,1627340
1623,SPRO,"Spero Therapeutics, Inc.",Healthcare,Biotechnology,USA,24.26,,0.76,-1.69%,171370
1624,SPTN,SpartanNash Company,Consumer Defensive,Food Distribution,USA,1108.13,14.95,30.46,0.49%,260545
1625,SPWH,"Sportsman's Warehouse Holdings, Inc.",Consumer Cyclical,Leisure,USA,438.11,4.48,10.03,0.30%,489379
1626,SPWR,SunPower Corporation,Technology,Solar,USA,2631.86,344.89,16.21,-1.10%,2124494
1627,SQ,"Block, Inc.",Technology,Software - Infrastructure,USA,38657.08,,65.03,2.85%,14329987
1628,SQM,Sociedad Quimica y Minera de Chile S.A.,Basic Materials,Chemicals,Chile,22472.29,17.68,81.33,-1.63%,1472838
1629,SRC,"Spirit Realty Capital, Inc.",Real Estate,REIT - Diversified,USA,5448.68,22.48,40.58,0.20%,1417089
1630,SRCL,"Stericycle, Inc.",Industrials,Waste Management,USA,4014.93,,43.65,-1.00%,251337
1631,SRE,Sempra,Utilities,Utilities - Diversified,USA,46284.18,46.44,146.85,-1.13%,1199224
1632,SREV,"ServiceSource International, Inc.",Technology,Software - Application,USA,146.39,,1.46,-0.68%,113669
1633,SRG,Seritage Growth Properties,Real Estate,REIT - Retail,USA,254.17,,10.49,0.10%,2841290
1634,SRNE,"Sorrento Therapeutics, Inc.",Healthcare,Biotechnology,USA,993.11,,2.62,5.22%,11440162
1635,SRPT,"Sarepta Therapeutics, Inc.",Healthcare,Biotechnology,USA,6855.67,,79.11,-1.26%,780194
1636,SRRK,Scholar Rock Holding Corporation,Healthcare,Biotechnology,USA,355.36,,8,-1.11%,751725
1637,SSNC,"SS&C Technologies Holdings, Inc.",Technology,Software - Application,USA,14658.33,19.55,58.33,-1.03%,917890
1638,SSRM,SSR Mining Inc.,Basic Materials,Gold,USA,3436.71,11.27,16.28,-2.75%,2885706
1639,SSYS,Stratasys Ltd.,Technology,Computer Hardware,USA,1125.25,,17.5,0.98%,968106
1640,ST,Sensata Technologies Holding plc,Technology,Scientific & Technical Instruments,USA,6402.82,19.34,40.32,-0.40%,1660814
1641,STAA,STAAR Surgical Company,Healthcare,Medical Instruments & Supplies,USA,3482.23,124.99,73.62,-1.93%,372257
1642,STAB,"Statera Biopharma, Inc.",Healthcare,Biotechnology,USA,12.96,,0.27,-3.57%,546763
1643,STAG,"STAG Industrial, Inc.",Real Estate,REIT - Industrial,USA,5444.46,23.15,29.89,-0.90%,1384864
1644,STAR,iStar Inc.,Real Estate,REIT - Diversified,USA,1287.28,315.91,13.9,0.72%,317165
1645,STE,STERIS plc,Healthcare,Medical Instruments & Supplies,Ireland,20592.3,86.86,207.94,-0.55%,692368
1646,STGW,Stagwell Inc.,Communication Services,Advertising Agencies,USA,1546.59,153.24,5.21,0.58%,463687
1647,STKL,SunOpta Inc.,Consumer Defensive,Packaged Foods,USA,970.54,,8.9,0.91%,1094083
1648,STLD,"Steel Dynamics, Inc.",Basic Materials,Steel,USA,12475.77,3.39,65.7,-0.29%,1495298
1649,STM,STMicroelectronics N.V.,Technology,Semiconductors,Switzerland,27910.4,12.16,31.15,0.16%,2795052
1650,STNE,StoneCo Ltd.,Technology,Software - Application,Cayman Islands,2682.43,,8.5,8.14%,7748060
1651,STON,StoneMor Inc.,Consumer Cyclical,Personal Services,USA,407.59,,3.43,0.29%,79738
1652,STOR,STORE Capital Corporation,Real Estate,REIT - Diversified,USA,7424.01,24.09,26.52,-1.41%,3646417
1653,STRO,"Sutro Biopharma, Inc.",Healthcare,Biotechnology,USA,274.51,,6.08,2.88%,553392
1654,STT,State Street Corporation,Financial,Asset Management,USA,23136.81,8.45,62.36,-0.54%,2822695
1655,STWD,"Starwood Property Trust, Inc.",Real Estate,REIT - Mortgage,USA,6577.18,9.94,21.48,-0.19%,1938712
1656,STX,Seagate Technology Holdings plc,Technology,Computer Hardware,Ireland,15984.22,9.2,74.78,0.61%,1163228
1657,STXS,"Stereotaxis, Inc.",Healthcare,Medical Instruments & Supplies,USA,162.01,,2.17,5.34%,377803
1658,STZ,"Constellation Brands, Inc.",Consumer Defensive,Beverages - Wineries & Distilleries,USA,45203.63,39.24,240.56,-0.24%,644185
1659,SU,Suncor Energy Inc.,Energy,Oil & Gas Integrated,Canada,44468.33,9.2,30.51,-4.48%,12210056
1660,SUI,"Sun Communities, Inc.",Real Estate,REIT - Residential,USA,19602.29,52.12,159.81,-0.47%,449955
1661,SUM,"Summit Materials, Inc.",Basic Materials,Building Materials,USA,2798.95,20.03,23.58,-0.46%,763764
1662,SUNW,"Sunworks, Inc.",Technology,Solar,USA,53.61,,1.64,3.80%,312732
1663,SUPN,"Supernus Pharmaceuticals, Inc.",Healthcare,Drug Manufacturers - Specialty & Generic,USA,1551.66,22.52,29.09,-1.79%,318900
1664,SURF,"Surface Oncology, Inc.",Healthcare,Biotechnology,USA,105.92,,1.93,-4.46%,615558
1665,SVC,Service Properties Trust,Real Estate,REIT - Hotel & Motel,USA,911.67,,5.94,2.95%,1694311
1666,SVM,Silvercorp Metals Inc.,Basic Materials,Silver,Canada,410,13.43,2.31,0.00%,814795
1667,SWAV,"ShockWave Medical, Inc.",Healthcare,Medical Devices,USA,6806.97,246.48,195.21,-3.10%,385438
1668,SWBI,"Smith & Wesson Brands, Inc.",Industrials,Aerospace & Defense,USA,618.72,3.28,13.28,-0.75%,1020572
1669,SWCH,"Switch, Inc.",Technology,Information Technology Services,USA,8248.08,842.5,33.7,-0.03%,1960791
1670,SWI,SolarWinds Corporation,Technology,Software - Infrastructure,USA,1765.19,,10.85,0.09%,551426
1671,SWIR,"Sierra Wireless, Inc.",Technology,Communication Equipment,Canada,979.33,,25.53,6.38%,1396803
1672,SWK,"Stanley Black & Decker, Inc.",Industrials,Tools & Accessories,USA,16435.3,13.75,107.28,-1.37%,1735904
1673,SWKS,"Skyworks Solutions, Inc.",Technology,Semiconductors,USA,15588.3,11.72,96.51,1.14%,1513901
1674,SWN,Southwestern Energy Company,Energy,Oil & Gas E&P,USA,6700.47,,5.84,-3.15%,24698610
1675,SXC,"SunCoke Energy, Inc.",Basic Materials,Coking Coal,USA,565.44,9.99,6.69,1.98%,792897
1676,SYF,Synchrony Financial,Financial,Credit Services,USA,15177.61,4.13,30.46,2.39%,6411312
1677,SYK,Stryker Corporation,Healthcare,Medical Devices,USA,74314.88,37.15,195.72,-0.87%,1054292
1678,SYN,"Synthetic Biologics, Inc.",Healthcare,Biotechnology,USA,37.64,,0.24,-1.82%,411170
1679,SYNA,Synaptics Incorporated,Technology,Semiconductors,USA,4698.96,24.73,117.68,2.43%,473704
1680,SYNH,"Syneos Health, Inc.",Healthcare,Diagnostics & Research,USA,7269.26,30.51,70.5,-1.78%,453676
1681,SYRS,"Syros Pharmaceuticals, Inc.",Healthcare,Biotechnology,USA,53.8,,0.87,0.57%,321257
1682,SYTA,Siyata Mobile Inc.,Technology,Communication Equipment,Canada,15.58,,1,-0.99%,197209
1683,SYY,Sysco Corporation,Consumer Defensive,Food Distribution,USA,43962.14,44.46,86.39,0.06%,1534403
1684,T,AT&T Inc.,Communication Services,Telecom Services,USA,149956.88,8.69,20.6,-0.29%,26404300
1685,TAK,Takeda Pharmaceutical Company Limited,Healthcare,Drug Manufacturers - Specialty & Generic,Japan,45801.32,26.88,14.41,-0.07%,3151454
1686,TALO,Talos Energy Inc.,Energy,Oil & Gas E&P,USA,1129.19,,13.52,-5.98%,1689503
1687,TAP,Molson Coors Beverage Company,Consumer Defensive,Beverages - Brewers,USA,12273.27,11.64,57.4,2.39%,2292703
1688,TBBK,"The Bancorp, Inc.",Financial,Banks - Regional,USA,1142.73,10.49,20.29,0.05%,364169
1689,TBLT,"ToughBuilt Industries, Inc.",Industrials,Tools & Accessories,USA,3.36,,2.51,-2.33%,3008965
1690,TBPH,"Theravance Biopharma, Inc.",Healthcare,Biotechnology,Cayman Islands,670.07,,8.7,-3.44%,383656
1691,TCBI,"Texas Capital Bancshares, Inc.",Financial,Banks - Regional,USA,2737.18,13.73,54.32,0.85%,409209
1692,TCDA,"Tricida, Inc.",Healthcare,Drug Manufacturers - Specialty & Generic,USA,546.54,,9.86,-3.43%,268590
1693,TCMD,"Tactile Systems Technology, Inc.",Healthcare,Medical Devices,USA,124.57,,6.56,-2.96%,226826
1694,TCN,Tricon Residential Inc.,Real Estate,Real Estate Services,Canada,3683.31,2.96,10.34,-0.19%,592951
1695,TCOM,Trip.com Group Limited,Consumer Cyclical,Travel Services,China,15699.73,,24.59,0.33%,3454033
1696,TCRR,TCR2 Therapeutics Inc.,Healthcare,Biotechnology,USA,126.31,,3.41,3.96%,323102
1697,TCRT,"Alaunos Therapeutics, Inc.",Healthcare,Biotechnology,USA,306.9,,1.38,12.20%,1764599
1698,TCS,"The Container Store Group, Inc.",Consumer Cyclical,Specialty Retail,USA,330.11,4.01,6.52,-1.66%,274444
1699,TD,The Toronto-Dominion Bank,Financial,Banks - Diversified,Canada,111840.23,10,62.08,-1.41%,2354276
1700,TDC,Teradata Corporation,Technology,Information Technology Services,USA,3940.6,32.06,37.38,-2.96%,493825
1701,TDOC,"Teladoc Health, Inc.",Healthcare,Health Information Services,USA,6481.1,,39.82,2.29%,4160490
1702,TDS,"Telephone and Data Systems, Inc.",Communication Services,Telecom Services,USA,1782.15,16.98,15.37,1.59%,1111846
1703,TEAM,Atlassian Corporation Plc,Technology,Software - Application,Australia,48909.28,,192.67,-8.70%,3010729
1704,TECK,Teck Resources Limited,Basic Materials,Other Industrial Metals & Mining,Canada,14754.92,4.47,26.21,-0.42%,7750624
1705,TEF,"Telefonica, S.A.",Communication Services,Telecom Services,Spain,28007.1,3.45,4.85,0.41%,1094985
1706,TEL,TE Connectivity Ltd.,Technology,Electronic Components,Switzerland,36342.89,14.95,113.01,0.20%,2093101
1707,TELL,Tellurian Inc.,Energy,Oil & Gas E&P,USA,1686.3,,2.93,-2.33%,10958277
1708,TEN,Tenneco Inc.,Consumer Cyclical,Auto Parts,USA,1592.58,,19.16,0.52%,1690331
1709,TENB,"Tenable Holdings, Inc.",Technology,Software - Infrastructure,USA,5179.38,,46.72,-8.68%,2085450
1710,TER,"Teradyne, Inc.",Technology,Semiconductor Equipment & Materials,USA,14278.15,16.76,89.67,-0.30%,1019425
1711,TEVA,Teva Pharmaceutical Industries Limited,Healthcare,Drug Manufacturers - Specialty & Generic,Israel,7846.23,,7,2.04%,13390002
1712,TEX,Terex Corporation,Industrials,Farm & Heavy Construction Machinery,USA,2025.49,8.76,28.4,2.23%,671660
1713,TFC,Truist Financial Corporation,Financial,Banks - Regional,USA,63264.7,10.54,47.21,-0.40%,3947969
1714,TGA,TransGlobe Energy Corporation,Energy,Oil & Gas E&P,Canada,236.28,2.29,3.12,-1.58%,698021
1715,TGB,Taseko Mines Limited,Basic Materials,Other Industrial Metals & Mining,Canada,286.55,7.02,0.99,-6.60%,847759
1716,TGH,Textainer Group Holdings Limited,Industrials,Rental & Leasing Services,Bermuda,1298.39,4.8,27.18,1.46%,302096
1717,TGI,"Triumph Group, Inc.",Industrials,Aerospace & Defense,USA,852.31,,13.38,4.45%,637021
1718,TGNA,TEGNA Inc.,Communication Services,Broadcasting,USA,4391.94,8.77,19.62,-1.16%,1384739
1719,TGT,Target Corporation,Consumer Defensive,Discount Stores,USA,67924.41,11.98,144.56,-1.25%,3126684
1720,TGTX,"TG Therapeutics, Inc.",Healthcare,Biotechnology,USA,798.73,,5.63,8.48%,2513790
1721,TH,Target Hospitality Corp.,Energy,Oil & Gas Equipment & Services,USA,765.31,105.64,9.93,9.48%,7492394
1722,THC,Tenet Healthcare Corporation,Healthcare,Medical Care Facilities,USA,5799.63,6.14,53.76,-0.44%,792478
1723,THMO,"ThermoGenesis Holdings, Inc.",Healthcare,Medical Devices,USA,7.28,,0.22,3.61%,1790212
1724,THO,"Thor Industries, Inc.",Consumer Cyclical,Recreational Vehicles,USA,4383.06,4.12,80.66,0.54%,905267
1725,TIGR,UP Fintech Holding Limited,Financial,Capital Markets,China,681.06,,4.39,0.00%,1103833
1726,TIMB,TIM S.A.,Communication Services,Telecom Services,Brazil,5777.46,10.2,12.18,-2.33%,663367
1727,TISI,"Team, Inc.",Industrials,Specialty Business Services,USA,32.08,,0.73,-0.80%,198089
1728,TJX,"The TJX Companies, Inc.",Consumer Cyclical,Apparel Retail,USA,69747.98,21.37,58.98,0.99%,5363765
1729,TK,Teekay Corporation,Energy,Oil & Gas Integrated,Bermuda,264.47,,2.61,-2.97%,398583
1730,TKAT,"Takung Art Co., Ltd.",Consumer Cyclical,Internet Retail,USA,45,,1.79,1.70%,112476
1731,TKC,Turkcell Iletisim Hizmetleri A.S.,Communication Services,Telecom Services,Turkey,2258.59,8.28,2.6,1.17%,505630
1732,TKR,The Timken Company,Industrials,Tools & Accessories,USA,4152.66,11.06,54.05,2.43%,421321
1733,TLRY,"Tilray Brands, Inc.",Healthcare,Drug Manufacturers - Specialty & Generic,USA,1503.8,,3.22,2.22%,13241242
1734,TME,Tencent Music Entertainment Group,Communication Services,Internet Content & Information,China,8033.84,18.4,4.47,0.00%,8344430
1735,TMHC,Taylor Morrison Home Corporation,Consumer Cyclical,Residential Construction,USA,3097.71,4.42,26.13,1.24%,909798
1736,TMO,Thermo Fisher Scientific Inc.,Healthcare,Diagnostics & Research,USA,207859.09,27.65,530.93,-4.86%,1631515
1737,TMST,TimkenSteel Corporation,Basic Materials,Steel,USA,801.13,4.66,17.21,-0.23%,461997
1738,TMX,"Terminix Global Holdings, Inc.",Consumer Cyclical,Personal Services,USA,5042.13,43.99,41.39,-0.65%,1958062
1739,TNDM,"Tandem Diabetes Care, Inc.",Healthcare,Medical Devices,USA,3584.47,629.89,54.8,-3.40%,1095783
1740,TNL,Travel + Leisure Co.,Consumer Cyclical,Travel Services,USA,3415.73,10.38,39.95,0.81%,748231
1741,TNXP,Tonix Pharmaceuticals Holding Corp.,Healthcare,Biotechnology,USA,53.9,,1.4,-7.89%,3304497
1742,TOL,"Toll Brothers, Inc.",Consumer Cyclical,Residential Construction,USA,5431.91,6.01,47.93,-0.13%,1144079
1743,TOUR,Tuniu Corporation,Consumer Cyclical,Travel Services,China,162.88,,1.23,0.82%,687401
1744,TPH,"Tri Pointe Homes, Inc.",Consumer Cyclical,Residential Construction,USA,1905.37,4.24,18.66,0.54%,1197551
1745,TPIC,"TPI Composites, Inc.",Industrials,Specialty Industrial Machinery,USA,427.41,,12.05,-1.87%,440323
1746,TPR,"Tapestry, Inc.",Consumer Cyclical,Luxury Goods,USA,7930.66,10.08,31.26,1.23%,3464001
1747,TPX,"Tempur Sealy International, Inc.",Consumer Cyclical,"Furnishings, Fixtures & Appliances",USA,4018.39,7.26,22.78,1.92%,2611377
1748,TREX,"Trex Company, Inc.",Industrials,Building Products & Equipment,USA,6516.45,28.25,56.65,1.09%,942663
1749,TRGP,Targa Resources Corp.,Energy,Oil & Gas Midstream,USA,13485.25,,59.05,0.20%,1782321
1750,TRHC,"Tabula Rasa HealthCare, Inc.",Healthcare,Health Information Services,USA,70.12,,2.45,-1.61%,260651
1751,TRI,Thomson Reuters Corporation,Industrials,Consulting Services,Canada,50736.2,31.05,105.24,-0.63%,495847
1752,TRIP,"Tripadvisor, Inc.",Consumer Cyclical,Travel Services,USA,2519.97,,17.75,0.74%,1253038
1753,TRMB,Trimble Inc.,Technology,Scientific & Technical Instruments,USA,14520.35,29.91,57.52,-2.33%,981825
1754,TRN,"Trinity Industries, Inc.",Industrials,Railroads,USA,1872.16,47.59,22.08,0.14%,546149
1755,TRNO,Terreno Realty Corporation,Real Estate,REIT - Industrial,USA,4273.7,45.06,56.1,-0.58%,337791
1756,TROW,"T. Rowe Price Group, Inc.",Financial,Asset Management,USA,26519.79,9.2,113.77,0.59%,1204582
1757,TROX,Tronox Holdings plc,Basic Materials,Chemicals,USA,2497.17,8.8,15.62,-0.19%,470963
1758,TRP,TC Energy Corporation,Energy,Oil & Gas Midstream,Canada,48791.13,19.59,50.16,-2.83%,1779179
1759,TRQ,Turquoise Hill Resources Ltd.,Basic Materials,Copper,Canada,4772.65,8.49,23.78,-4.19%,1158885
1760,TRTN,Triton International Limited,Industrials,Rental & Leasing Services,Bermuda,3412.24,6.65,53.77,1.49%,330457
1761,TRU,TransUnion,Industrials,Consulting Services,USA,15799.35,57.3,81.31,-1.08%,817214
1762,TRUE,"TrueCar, Inc.",Communication Services,Internet Content & Information,USA,234.22,,2.61,-0.38%,258605
1763,TRUP,"Trupanion, Inc.",Financial,Insurance - Specialty,USA,2627.04,,63.15,-1.00%,262460
1764,TRV,"The Travelers Companies, Inc.",Financial,Insurance - Property & Casualty,USA,39809.34,10.45,165.28,-1.92%,1032132
1765,TRVG,trivago N.V.,Communication Services,Internet Content & Information,Germany,531.96,96.67,1.45,1.40%,152249
1766,TRVN,"Trevena, Inc.",Healthcare,Biotechnology,USA,57.97,,0.36,-2.83%,746853
1767,TS,Tenaris S.A.,Energy,Oil & Gas Equipment & Services,Luxembourg,14432.46,10.02,25.42,-2.23%,2183103
1768,TSCO,Tractor Supply Company,Consumer Cyclical,Specialty Retail,USA,21932.75,22.56,196.53,-3.38%,1443911
1769,TSEM,Tower Semiconductor Ltd.,Technology,Semiconductors,Israel,5016.53,28.95,46.18,-0.24%,236661
1770,TSLA,"Tesla, Inc.",Consumer Cyclical,Auto Manufacturers,USA,702188.63,94.51,699.21,-0.54%,29207664
1771,TSM,Taiwan Semiconductor Manufacturing Company Limited,Technology,Semiconductors,Taiwan,386101.33,18.5,79.1,-0.01%,10267208
1772,TSN,"Tyson Foods, Inc.",Consumer Defensive,Farm Products,USA,30604.75,7.11,82.72,1.11%,2299066
1773,TT,Trane Technologies plc,Industrials,Specialty Industrial Machinery,Ireland,30323.3,21.22,129.97,-0.51%,1275526
1774,TTC,The Toro Company,Industrials,Tools & Accessories,USA,8312.47,23.18,77.52,0.01%,266658
1775,TTCF,"Tattooed Chef, Inc.",Consumer Defensive,Packaged Foods,USA,511.39,,6.12,0.66%,296284
1776,TTD,"The Trade Desk, Inc.",Technology,Software - Application,USA,21909.49,224.63,45.15,3.77%,7135390
1777,TTE,TotalEnergies SE,Energy,Oil & Gas Integrated,France,126985.47,7.39,48.35,-2.22%,1187506
1778,TTEK,"Tetra Tech, Inc.",Industrials,Engineering & Construction,USA,7304.04,28.73,135.01,-2.79%,251614
1779,TTI,"TETRA Technologies, Inc.",Energy,Oil & Gas Equipment & Services,USA,479.08,171.82,3.78,-4.55%,811693
1780,TTMI,"TTM Technologies, Inc.",Technology,Electronic Components,USA,1191.04,17.05,11.85,0.51%,383463
1781,TTNP,"Titan Pharmaceuticals, Inc.",Healthcare,Biotechnology,USA,12.88,,1.17,-9.30%,285153
1782,TTOO,"T2 Biosystems, Inc.",Healthcare,Diagnostics & Research,USA,27.97,,0.15,0.20%,35194592
1783,TTWO,"Take-Two Interactive Software, Inc.",Communication Services,Electronic Gaming & Multimedia,USA,20075.89,34.1,121.99,-0.58%,1279027
1784,TU,TELUS Corporation,Communication Services,Telecom Services,Canada,30550.91,23.03,22.13,-0.63%,1367046
1785,TUP,Tupperware Brands Corporation,Consumer Cyclical,Packaging & Containers,USA,312.69,2.92,6.68,4.70%,1062634
1786,TV,"Grupo Televisa, S.A.B.",Communication Services,Broadcasting,Mexico,4402.89,20.08,7.81,0.77%,669435
1787,TVTX,"Travere Therapeutics, Inc.",Healthcare,Biotechnology,USA,1543.81,,24.84,3.07%,434384
1788,TWI,"Titan International, Inc.",Industrials,Farm & Heavy Construction Machinery,USA,900.43,15.05,14.18,1.58%,661964
1789,TWLO,Twilio Inc.,Communication Services,Internet Content & Information,USA,15314.06,,83.51,-2.75%,2946741
1790,TWNK,"Hostess Brands, Inc.",Consumer Defensive,Packaged Foods,USA,2923.34,22.99,21.06,-0.94%,762413
1791,TWO,Two Harbors Investment Corp.,Real Estate,REIT - Mortgage,USA,1651.9,12.15,4.81,1.48%,2034582
1792,TWOU,"2U, Inc.",Consumer Defensive,Education & Training Services,USA,882.75,,11.38,1.43%,1919477
1793,TWST,Twist Bioscience Corporation,Healthcare,Diagnostics & Research,USA,2338.49,,40.62,5.32%,746599
1794,TWTR,"Twitter, Inc.",Communication Services,Internet Content & Information,USA,27428.18,140.74,34.06,4.32%,28249825
1795,TX,Ternium S.A.,Basic Materials,Steel,Luxembourg,6959.37,1.67,33.92,-1.25%,182491
1796,TXMD,"TherapeuticsMD, Inc.",Healthcare,Drug Manufacturers - Specialty & Generic,USA,74.93,,8.27,8.67%,1658778
1797,TXN,Texas Instruments Incorporated,Technology,Semiconductors,USA,141663,17.66,154.46,0.59%,4069279
1798,TXRH,"Texas Roadhouse, Inc.",Consumer Cyclical,Restaurants,USA,5549.22,21.55,79.06,0.64%,962457
1799,TXT,Textron Inc.,Industrials,Aerospace & Defense,USA,13218.61,17.75,60.89,0.93%,810234
1800,TYME,"Tyme Technologies, Inc.",Healthcare,Biotechnology,USA,46.92,,0.3,5.86%,1027487
1801,UAA,"Under Armour, Inc.",Consumer Cyclical,Apparel Manufacturing,USA,3801.75,18.32,8.61,-0.12%,4434971
1802,UAL,"United Airlines Holdings, Inc.",Industrials,Airlines,USA,12566.2,,38.23,8.09%,14403655
1803,UAVS,"AgEagle Aerial Systems, Inc.",Industrials,Aerospace & Defense,USA,57.36,,0.7,5.17%,800728
1804,UBS,UBS Group AG,Financial,Banks - Diversified,Switzerland,55279.33,7.35,15.92,1.27%,2654097
1805,UBSI,"United Bankshares, Inc.",Financial,Banks - Regional,USA,4775.78,13.54,35.35,-0.28%,372379
1806,UCBI,"United Community Banks, Inc.",Financial,Banks - Regional,USA,3297.47,11.99,31,0.65%,436032
1807,UCTT,"Ultra Clean Holdings, Inc.",Technology,Semiconductor Equipment & Materials,USA,1316.84,11.14,29.84,2.19%,258296
1808,UDR,"UDR, Inc.",Real Estate,REIT - Residential,USA,14538.37,89.13,44.83,0.67%,1285243
1809,UE,Urban Edge Properties,Real Estate,REIT - Diversified,USA,1782.93,19.15,14.96,2.12%,531634
1810,UEC,Uranium Energy Corp.,Energy,Uranium,USA,953.99,,3.24,-0.31%,5226040
1811,UGI,UGI Corporation,Utilities,Utilities - Regulated Gas,USA,8362.21,5.7,39.75,-0.70%,1133547
1812,UGP,Ultrapar Participacoes S.A.,Energy,Oil & Gas Refining & Marketing,Brazil,2395.52,17.23,2.24,1.36%,1251930
1813,UHS,"Universal Health Services, Inc.",Healthcare,Medical Care Facilities,USA,7711.59,8.93,101.83,0.50%,604791
1814,UIS,Unisys Corporation,Technology,Information Technology Services,USA,847.31,,12.62,0.88%,324399
1815,ULTA,"Ulta Beauty, Inc.",Consumer Cyclical,Specialty Retail,USA,19652.37,18.66,377.06,-1.62%,580033
1816,UMC,United Microelectronics Corporation,Technology,Semiconductors,Taiwan,15969.72,7.34,6.5,-0.15%,15409447
1817,UMPQ,Umpqua Holdings Corporation,Financial,Banks - Regional,USA,3702.89,9.26,17.09,0.35%,1009136
1818,UNFI,"United Natural Foods, Inc.",Consumer Defensive,Food Distribution,USA,2281.18,9.5,39.29,1.52%,337723
1819,UNH,UnitedHealth Group Incorporated,Healthcare,Healthcare Plans,USA,478657.51,28.16,514.42,-0.49%,2699744
1820,UNIT,Uniti Group Inc.,Real Estate,REIT - Specialty,USA,2226.23,14.01,9.33,-0.74%,1287039
1821,UNM,Unum Group,Financial,Insurance - Life,USA,6525.06,7.31,33.05,-1.46%,1305050
1822,UNP,Union Pacific Corporation,Industrials,Railroads,USA,131499.2,19.6,206.5,-1.61%,2647626
1823,UNVR,Univar Solutions Inc.,Basic Materials,Chemicals,USA,4054.72,7.15,23.94,-0.46%,908456
1824,UPS,"United Parcel Service, Inc.",Industrials,Integrated Freight & Logistics,USA,157395.38,14.63,179.37,-2.85%,4198719
1825,UPWK,Upwork Inc.,Industrials,Staffing & Employment Services,USA,2796.1,,21.39,-1.66%,794814
1826,URBN,"Urban Outfitters, Inc.",Consumer Cyclical,Apparel Retail,USA,1803.37,6.6,19.24,-2.14%,1848574
1827,URG,Ur-Energy Inc.,Energy,Uranium,USA,220.64,,1,-2.91%,1627902
1828,URI,"United Rentals, Inc.",Industrials,Rental & Leasing Services,USA,18133.3,11.8,250.98,0.66%,671355
1829,USB,U.S. Bancorp,Financial,Banks - Regional,USA,68980.3,9.96,46.2,-0.32%,4136647
1830,USFD,US Foods Holding Corp.,Consumer Defensive,Food Distribution,USA,7148.92,49.47,31.61,0.70%,823096
1831,USWS,"U.S. Well Services, Inc.",Energy,Oil & Gas Midstream,USA,58.7,,0.78,-5.48%,365789
1832,USX,"U.S. Xpress Enterprises, Inc.",Industrials,Trucking,USA,148.2,,2.97,8.39%,156098
1833,UTHR,United Therapeutics Corporation,Healthcare,Biotechnology,USA,10681.92,16.6,239.72,-0.86%,440776
1834,UTZ,"Utz Brands, Inc.",Consumer Defensive,Packaged Foods,USA,2050.75,48.25,14.62,1.04%,459975
1835,UXIN,Uxin Limited,Communication Services,Internet Content & Information,China,250.62,,0.8,0.25%,5800841
1836,V,Visa Inc.,Financial,Credit Services,USA,425060.91,33.62,204.82,-0.12%,6752055
1837,VAC,Marriott Vacations Worldwide Corporation,Consumer Cyclical,Resorts & Casinos,USA,4911.77,40.81,118.47,0.63%,333472
1838,VALE,Vale S.A.,Basic Materials,Other Industrial Metals & Mining,Brazil,66732.35,2.81,13.38,-0.89%,29191540
1839,VATE,INNOVATE Corp.,Industrials,Engineering & Construction,USA,119.63,,1.68,-2.89%,216855
1840,VBIV,VBI Vaccines Inc.,Healthcare,Biotechnology,USA,220.42,,0.83,5.98%,926418
1841,VCEL,Vericel Corporation,Healthcare,Biotechnology,USA,1276.59,,27.26,1.68%,249264
1842,VCYT,"Veracyte, Inc.",Healthcare,Biotechnology,USA,1813.96,,25.61,3.60%,860296
1843,VECO,Veeco Instruments Inc.,Technology,Semiconductor Equipment & Materials,USA,921.24,27.97,17.93,0.45%,230477
1844,VEEV,Veeva Systems Inc.,Healthcare,Health Information Services,USA,31068.38,69.08,200.48,-2.45%,982740
1845,VEON,VEON Ltd.,Communication Services,Telecom Services,Netherlands,1033.45,3.74,0.43,-3.37%,1025834
1846,VERB,"Verb Technology Company, Inc.",Technology,Software - Application,USA,57.49,,0.55,-5.36%,611574
1847,VERI,"Veritone, Inc.",Technology,Software - Infrastructure,USA,249.14,,7.03,-1.40%,177126
1848,VET,Vermilion Energy Inc.,Energy,Oil & Gas E&P,Canada,4087.02,3.41,18.96,-4.34%,2101253
1849,VFC,V.F. Corporation,Consumer Cyclical,Apparel Manufacturing,USA,17574.84,14.62,45.24,1.16%,2184853
1850,VFF,"Village Farms International, Inc.",Consumer Defensive,Farm Products,Canada,240.39,,2.78,1.09%,239119
1851,VG,Vonage Holdings Corp.,Communication Services,Telecom Services,USA,4862.67,,19,-1.96%,2478239
1852,VGR,Vector Group Ltd.,Consumer Defensive,Tobacco,USA,1603.82,10.28,10.25,0.20%,497854
1853,VHC,VirnetX Holding Corp,Technology,Software - Infrastructure,USA,82.01,,1.16,-1.69%,213246
1854,VIAV,Viavi Solutions Inc.,Technology,Communication Equipment,USA,3039.22,,13.32,-0.15%,788687
1855,VICI,VICI Properties Inc.,Real Estate,REIT - Diversified,USA,30014.61,19.49,31.52,0.25%,4843984
1856,VIPS,Vipshop Holdings Limited,Consumer Cyclical,Internet Retail,China,5890.98,10.7,9.8,2.30%,4048750
1857,VIV,Telefonica Brasil S.A.,Communication Services,Telecom Services,Brazil,14268.29,13.1,8.84,-0.90%,1141224
1858,VKTX,"Viking Therapeutics, Inc.",Healthcare,Biotechnology,USA,281.98,,3.53,0.28%,1213904
1859,VLDR,"Velodyne Lidar, Inc.",Technology,Scientific & Technical Instruments,USA,202.85,,0.98,3.33%,1942086
1860,VLO,Valero Energy Corporation,Energy,Oil & Gas Refining & Marketing,USA,42517.58,16.89,104.86,-2.72%,3142108
1861,VLRS,"Controladora Vuela Compania de Aviacion, S.A.B. de C.V.",Industrials,Airlines,Mexico,1000.83,11.35,9.14,2.24%,807707
1862,VLY,Valley National Bancorp,Financial,Banks - Regional,USA,5340.9,9.42,10.52,0.19%,1852221
1863,VMC,Vulcan Materials Company,Basic Materials,Building Materials,USA,19851.63,32.72,148.49,0.28%,677616
1864,VMW,"VMware, Inc.",Technology,Software - Infrastructure,USA,47404.53,28.57,110.66,-1.46%,1177253
1865,VNO,Vornado Realty Trust,Real Estate,REIT - Office,USA,5789.68,45.9,29.47,2.65%,1710788
1866,VNOM,Viper Energy Partners LP,Energy,Oil & Gas Midstream,USA,4169.76,23.71,24.82,-3.27%,352553
1867,VNTR,Venator Materials PLC,Basic Materials,Specialty Chemicals,United Kingdom,217.02,,1.78,0.00%,60705
1868,VOD,Vodafone Group Public Limited Company,Communication Services,Telecom Services,United Kingdom,42294.09,21.03,15.33,-0.13%,3743098
1869,VOYA,"Voya Financial, Inc.",Financial,Financial Conglomerates,USA,6121.68,7.17,59.48,0.83%,735297
1870,VRA,"Vera Bradley, Inc.",Consumer Cyclical,Footwear & Accessories,USA,128.9,11.06,4.06,-1.69%,275438
1871,VRAY,"ViewRay, Inc.",Healthcare,Medical Devices,USA,496.75,,2.8,-0.71%,556857
1872,VRCA,Verrica Pharmaceuticals Inc.,Healthcare,Biotechnology,USA,117.57,,3.4,15.65%,556916
1873,VRE,"Veris Residential, Inc.",Real Estate,REIT - Residential,USA,1167.28,,12.55,0.24%,433159
1874,VRNS,"Varonis Systems, Inc.",Technology,Software - Infrastructure,USA,3175.74,,28.68,-6.61%,1321548
1875,VRNT,Verint Systems Inc.,Technology,Software - Infrastructure,USA,2704.92,,41.82,-2.49%,289161
1876,VRRM,Verra Mobility Corporation,Industrials,Security & Protection Services,USA,2479.52,43.24,16,-0.31%,651428
1877,VRSK,"Verisk Analytics, Inc.",Industrials,Consulting Services,USA,27482.01,28.16,174.08,-2.11%,540097
1878,VRSN,"VeriSign, Inc.",Technology,Software - Infrastructure,USA,19107.06,24.52,174.43,-0.80%,574158
1879,VRT,Vertiv Holdings Co,Industrials,Electrical Equipment & Parts,USA,3320.27,33,8.68,0.00%,3344232
1880,VSAT,"Viasat, Inc.",Technology,Communication Equipment,USA,2047.92,,26.5,1.42%,333675
1881,VSH,"Vishay Intertechnology, Inc.",Technology,Semiconductors,USA,2597.44,8.14,18.47,0.33%,1213108
1882,VST,Vistra Corp.,Utilities,Utilities - Independent Power Producers,USA,9790.8,25.39,22.52,1.95%,3799835
1883,VSTM,"Verastem, Inc.",Healthcare,Biotechnology,USA,203.43,,1.17,2.63%,1059337
1884,VSTO,Vista Outdoor Inc.,Consumer Cyclical,Leisure,USA,1572.09,3.35,26.8,0.04%,952441
1885,VTGN,"VistaGen Therapeutics, Inc.",Healthcare,Biotechnology,USA,184.77,,0.87,-6.12%,1085810
1886,VTNR,"Vertex Energy, Inc.",Energy,Oil & Gas Refining & Marketing,USA,676.62,,10.74,-1.47%,2001941
1887,VTR,"Ventas, Inc.",Real Estate,REIT - Healthcare Facilities,USA,20524.48,135.51,51.36,1.10%,1236076
1888,VTRS,Viatris Inc.,Healthcare,Drug Manufacturers - Specialty & Generic,USA,12473.82,74.6,10.22,1.69%,9395661
1889,VUZI,Vuzix Corporation,Technology,Consumer Electronics,USA,467.81,,7.14,4.85%,765891
1890,VVNT,"Vivint Smart Home, Inc.",Industrials,Security & Protection Services,USA,799.35,,3.79,3.84%,324520
1891,VVPR,VivoPower International PLC,Technology,Solar,United Kingdom,27.72,,1.42,3.65%,24637
1892,VVV,Valvoline Inc.,Energy,Oil & Gas Refining & Marketing,USA,5304.79,12.37,29.54,0.31%,712881
1893,VXRT,"Vaxart, Inc.",Healthcare,Biotechnology,USA,549.95,,4.33,2.12%,2356823
1894,VYGR,"Voyager Therapeutics, Inc.",Healthcare,Biotechnology,USA,267.03,,6.84,8.92%,269522
1895,VYNE,VYNE Therapeutics Inc.,Healthcare,Biotechnology,USA,25.21,,0.46,-3.40%,71674
1896,W,Wayfair Inc.,Consumer Cyclical,Internet Retail,USA,5596.29,,50.76,1.48%,2607447
1897,WAB,Westinghouse Air Brake Technologies Corporation,Industrials,Railroads,USA,15134.92,26,82.13,-0.23%,696803
1898,WAFD,"Washington Federal, Inc.",Financial,Banks - Regional,USA,1976.93,11.03,30.27,-0.20%,188187
1899,WAL,Western Alliance Bancorporation,Financial,Banks - Regional,USA,7848.88,8.04,72.26,-0.10%,442166
1900,WAT,Waters Corporation,Healthcare,Diagnostics & Research,USA,20368.52,29.84,341.41,-2.44%,418405
1901,WB,Weibo Corporation,Communication Services,Internet Content & Information,China,4942.63,15.26,20.33,-0.93%,807377
1902,WBA,"Walgreens Boots Alliance, Inc.",Healthcare,Pharmaceutical Retailers,USA,33392.72,6.44,37.97,1.44%,5843664
1903,WBD,"Warner Bros. Discovery, Inc.",Communication Services,Entertainment,USA,35136.98,6.92,13.95,2.12%,12211746
1904,WBS,Webster Financial Corporation,Financial,Banks - Regional,USA,7724.07,13.9,43.26,1.07%,1740304
1905,WBT,"Welbilt, Inc.",Industrials,Specialty Industrial Machinery,USA,3426.3,55.78,23.93,0.04%,1618510
1906,WCC,"WESCO International, Inc.",Industrials,Industrial Distribution,USA,5378.4,10.42,105.77,-0.22%,592976
1907,WCN,"Waste Connections, Inc.",Industrials,Waste Management,Canada,31656.73,50.03,122.43,-2.15%,1120004
1908,WDAY,"Workday, Inc.",Technology,Software - Application,USA,34854.21,,137.78,-5.33%,3896182
1909,WDC,Western Digital Corporation,Technology,Computer Hardware,USA,14294.16,7.94,46.03,2.70%,3525971
1910,WELL,Welltower Inc.,Real Estate,REIT - Healthcare Facilities,USA,37247.22,288.25,82.44,0.40%,1466857
1911,WEN,The Wendy's Company,Consumer Cyclical,Restaurants,USA,4227.11,22.18,19.56,0.26%,1548657
1912,WERN,"Werner Enterprises, Inc.",Industrials,Trucking,USA,2589.44,10.01,39.6,-0.03%,320744
1913,WES,"Western Midstream Partners, LP",Energy,Oil & Gas Midstream,USA,10277.13,10.18,25.31,-0.51%,1606057
1914,WETF,"WisdomTree Investments, Inc.",Financial,Asset Management,USA,733.87,42.12,4.97,0.20%,883357
1915,WFC,Wells Fargo & Company,Financial,Banks - Diversified,USA,149873.72,8.23,39.6,-0.48%,15109458
1916,WFG,West Fraser Timber Co. Ltd.,Basic Materials,Lumber & Wood Production,Canada,10645.99,2.1,82.05,1.20%,366523
1917,WGO,"Winnebago Industries, Inc.",Consumer Cyclical,Recreational Vehicles,USA,1667.43,4.54,52.65,2.39%,637982
1918,WH,"Wyndham Hotels & Resorts, Inc.",Consumer Cyclical,Lodging,USA,6114.25,18.81,65.4,0.03%,356955
1919,WHD,"Cactus, Inc.",Energy,Oil & Gas Equipment & Services,USA,2782.85,37.16,36.42,-6.42%,633750
1920,WHR,Whirlpool Corporation,Consumer Cyclical,"Furnishings, Fixtures & Appliances",USA,9318.02,6.18,164.31,2.59%,935996
1921,WING,Wingstop Inc.,Consumer Cyclical,Restaurants,USA,2601.59,69.47,88.58,-1.54%,634852
1922,WIT,Wipro Limited,Technology,Information Technology Services,India,28327.22,18.16,5.12,-0.58%,3114357
1923,WIX,Wix.com Ltd.,Technology,Software - Infrastructure,Israel,3736.07,,64.93,1.33%,803608
1924,WK,Workiva Inc.,Technology,Software - Application,USA,3279.88,,63.65,-8.18%,270095
1925,WKHS,Workhorse Group Inc.,Consumer Cyclical,Auto Manufacturers,USA,441.9,,2.75,0.36%,3579138
1926,WLK,Westlake Corporation,Basic Materials,Specialty Chemicals,USA,12335.83,4.87,95.25,-1.34%,732408
1927,WM,"Waste Management, Inc.",Industrials,Waste Management,USA,63029.35,33.31,151.03,-1.02%,1667916
1928,WMB,"The Williams Companies, Inc.",Energy,Oil & Gas Midstream,USA,37529.04,25.71,30.95,-2.55%,7140714
1929,WMS,"Advanced Drainage Systems, Inc.",Industrials,Building Products & Equipment,USA,7942.31,29.71,93.56,-1.35%,543967
1930,WMT,Walmart Inc.,Consumer Defensive,Discount Stores,USA,342616.76,26.87,125.07,-0.30%,4553080
1931,WOLF,"Wolfspeed, Inc.",Technology,Semiconductors,USA,8522.15,,69.05,2.77%,1339606
1932,WORX,SCWorx Corp.,Healthcare,Health Information Services,USA,9,,0.78,-4.73%,142644
1933,WOW,"WideOpenWest, Inc.",Communication Services,Entertainment,USA,1593.59,,18.2,1.00%,240710
1934,WPC,W. P. Carey Inc.,Real Estate,REIT - Diversified,USA,15592.63,29.87,82.27,-0.06%,413585
1935,WPM,Wheaton Precious Metals Corp.,Basic Materials,Gold,Canada,15630.97,20.86,34.67,-0.29%,2887707
1936,WPRT,Westport Fuel Systems Inc.,Consumer Cyclical,Auto Parts,Canada,233.14,5.82,1.14,12.87%,2235617
1937,WRAP,"Wrap Technologies, Inc.",Technology,Scientific & Technical Instruments,USA,77.48,,1.9,-0.52%,152365
1938,WRB,W. R. Berkley Corporation,Financial,Insurance - Property & Casualty,USA,17559.92,13.31,65.98,-1.93%,1099191
1939,WRE,Washington Real Estate Investment Trust,Real Estate,REIT - Office,USA,1846.87,,20.64,1.62%,393559
1940,WRK,WestRock Company,Consumer Cyclical,Packaging & Containers,USA,10495.57,13.65,40.5,1.07%,1752516
1941,WSC,WillScot Mobile Mini Holdings Corp.,Industrials,Rental & Leasing Services,USA,7102.18,34.01,31.77,-2.84%,1837059
1942,WSM,"Williams-Sonoma, Inc.",Consumer Cyclical,Specialty Retail,USA,8653.23,8.33,128.31,1.18%,920499
1943,WSR,Whitestone REIT,Real Estate,REIT - Retail,USA,508.18,31.28,10.26,0.98%,545599
1944,WST,"West Pharmaceutical Services, Inc.",Healthcare,Medical Instruments & Supplies,USA,22106.4,33.15,296.77,-6.07%,661376
1945,WTER,The Alkaline Water Company Inc.,Consumer Defensive,Beverages - Non-Alcoholic,USA,64.21,,0.53,2.00%,1561012
1946,WTFC,Wintrust Financial Corporation,Financial,Banks - Regional,USA,4867.28,11.21,79.87,-0.37%,597838
1947,WTI,"W&T Offshore, Inc.",Energy,Oil & Gas E&P,USA,549.07,,3.83,-2.30%,3005040
1948,WTRG,"Essential Utilities, Inc.",Utilities,Utilities - Regulated Water,USA,12173.55,27.43,45.81,-1.36%,706380
1949,WTTR,"Select Energy Services, Inc.",Energy,Oil & Gas Equipment & Services,USA,709.31,,6.25,-6.58%,454277
1950,WTW,Willis Towers Watson Public Limited Company,Financial,Insurance Brokers,United Kingdom,21949.63,14.63,196.84,-1.20%,518062
1951,WU,The Western Union Company,Financial,Credit Services,USA,6411.39,7.21,16.41,1.67%,4416278
1952,WULF,TeraWulf Inc.,Financial,Capital Markets,USA,156.99,,1.38,-8.61%,381635
1953,WW,"WW International, Inc.",Consumer Cyclical,Personal Services,USA,492.14,6.3,6.84,0.44%,597989
1954,WWD,"Woodward, Inc.",Industrials,Aerospace & Defense,USA,5571.1,33.85,91.66,-0.40%,293817
1955,WWE,"World Wrestling Entertainment, Inc.",Communication Services,Entertainment,USA,4834.44,26.89,63.72,1.21%,412271
1956,WWR,"Westwater Resources, Inc.",Basic Materials,Other Industrial Metals & Mining,USA,53.34,,1.11,4.72%,494688
1957,WWW,"Wolverine World Wide, Inc.",Consumer Cyclical,Footwear & Accessories,USA,1645.31,43.61,20.32,0.54%,302379
1958,WY,Weyerhaeuser Company,Real Estate,REIT - Specialty,USA,25377.09,9.63,34.61,-0.20%,4907929
1959,WYNN,"Wynn Resorts, Limited",Consumer Cyclical,Resorts & Casinos,USA,6504.11,,54.73,3.64%,4636718
1960,X,United States Steel Corporation,Basic Materials,Steel,USA,4620.7,1.01,17.5,0.00%,12778331
1961,XELA,"Exela Technologies, Inc.",Technology,Software - Application,USA,41.97,,0.09,-8.86%,177356419
1962,XENE,Xenon Pharmaceuticals Inc.,Healthcare,Biotechnology,Canada,1924,,32.66,-1.30%,462855
1963,XERS,"Xeris Biopharma Holdings, Inc.",Healthcare,Biotechnology,USA,219.32,,1.59,-3.64%,474264
1964,XHR,"Xenia Hotels & Resorts, Inc.",Real Estate,REIT - Hotel & Motel,USA,1697.07,,14.77,2.29%,405502
1965,XOM,Exxon Mobil Corporation,Energy,Oil & Gas Integrated,USA,355436.58,14.03,84.5,-1.33%,20962950
1966,XPER,Xperi Holding Corporation,Technology,Semiconductor Equipment & Materials,USA,1538.58,,14.89,-0.67%,345373
1967,XPO,"XPO Logistics, Inc.",Industrials,Integrated Freight & Logistics,USA,5516.59,7.56,49.08,2.14%,1109331
1968,XPRO,Expro Group Holdings N.V.,Energy,Oil & Gas Equipment & Services,USA,1035.88,,9.62,-3.32%,367708
1969,XRAY,DENTSPLY SIRONA Inc.,Healthcare,Medical Instruments & Supplies,USA,7555.24,20.71,34.82,0.17%,1463034
1970,XRX,Xerox Holdings Corporation,Technology,Information Technology Services,USA,2162.41,,14.19,1.21%,1470047
1971,XSPA,"XpresSpa Group, Inc.",Consumer Cyclical,Personal Services,USA,69.36,,0.78,-1.24%,234893
1972,XXII,"22nd Century Group, Inc.",Healthcare,Drug Manufacturers - Specialty & Generic,USA,348.39,,2.06,0.00%,901047
1973,XYL,Xylem Inc.,Industrials,Specialty Industrial Machinery,USA,14102.95,33,76.78,-1.80%,615752
1974,YELL,Yellow Corporation,Industrials,Trucking,USA,176.95,,3.52,7.32%,1159359
1975,YELP,Yelp Inc.,Communication Services,Internet Content & Information,USA,1982.23,47.75,27.36,-1.01%,773232
1976,YETI,"YETI Holdings, Inc.",Consumer Cyclical,Leisure,USA,4050.29,19.58,45.88,0.22%,1021213
1977,YEXT,"Yext, Inc.",Technology,Software - Infrastructure,USA,574.44,,4.63,-4.14%,1368404
1978,YI,"111, Inc.",Healthcare,Health Information Services,China,188.35,,2.3,1.32%,52581
1979,YMAB,"Y-mAbs Therapeutics, Inc.",Healthcare,Biotechnology,USA,783.82,,17.61,3.53%,459948
1980,YPF,YPF Sociedad Anonima,Energy,Oil & Gas Integrated,Argentina,2728.86,5.15,3,-1.64%,1900656
1981,YUM,"Yum! Brands, Inc.",Consumer Cyclical,Restaurants,USA,33159.81,21.03,115.83,-0.61%,961091
1982,YUMC,"Yum China Holdings, Inc.",Consumer Cyclical,Restaurants,China,19464.16,23.28,46.33,2.73%,3250539
1983,YY,JOYY Inc.,Communication Services,Internet Content & Information,Singapore,1926.17,,26.26,2.54%,324601
1984,ZBH,"Zimmer Biomet Holdings, Inc.",Healthcare,Medical Devices,USA,21740.36,71.7,103.03,-0.26%,965847
1985,ZBRA,Zebra Technologies Corporation,Technology,Communication Equipment,USA,15643.94,19.32,292.41,0.24%,492562
1986,ZEN,"Zendesk, Inc.",Technology,Software - Application,USA,9185.79,,74.56,0.43%,2941451
1987,ZG,"Zillow Group, Inc.",Communication Services,Internet Content & Information,USA,8594.84,,34.4,2.50%,487742
1988,ZION,"Zions Bancorporation, National Association",Financial,Banks - Regional,USA,7663.53,8.17,50.2,-0.42%,1291494
1989,ZLAB,Zai Lab Limited,Healthcare,Biotechnology,China,3464.09,,37.69,-1.93%,470786
1990,ZOM,Zomedica Corp.,Healthcare,Drug Manufacturers - Specialty & Generic,USA,247.88,,0.26,-3.52%,7531528
1991,ZS,"Zscaler, Inc.",Technology,Software - Infrastructure,USA,21478.93,,150.92,-7.08%,3573333
1992,ZTS,Zoetis Inc.,Healthcare,Drug Manufacturers - Specialty & Generic,USA,82314.68,39.88,173.81,-1.82%,1642670
1993,ZUO,"Zuora, Inc.",Technology,Software - Infrastructure,USA,1106.65,,8.96,-5.78%,902045
1994,ZVO,Zovio Inc,Consumer Defensive,Education & Training Services,USA,31.68,,0.92,-3.17%,60716
1995,ZWS,Zurn Water Solutions Corporation,Industrials,Pollution & Treatment Controls,USA,3577.45,51.5,28.22,-1.84%,925462
1996,ZYME,Zymeworks Inc.,Healthcare,Biotechnology,Canada,304.9,,5.68,-3.24%,815964
1997,ZYNE,"Zynerba Pharmaceuticals, Inc.",Healthcare,Drug Manufacturers - Specialty & Generic,USA,50.56,,1.13,-1.74%,245052
1998,ZYXI,"Zynex, Inc.",Healthcare,Medical Devices,USA,312.16,15.45,7.54,2.31%,255140
